[
    {
        "EducationalStage": "HSL3",
        "HistoricalEra": "War of Independence",
        "Topic": "المفاهيم",
        "Content": "التمييز العنصري : هي فصل جماعة من البشر بالقانون أو العرف على أساس الاختلاف في الدين أو البشرة أو الثروة أو الثقافة مثل نظام الميز العنصري في جنوب إفريقيا سابقا أو جدار الفصل العنصري في فلسطين حاليا.\nمؤتمر بال : اجتماع ترأسه تيودور هرتزل ضم حكماء صهيون بمدينة بال السويسرية 1897 من أهم قراراته إنشاء وطن قومي لليهود و تأسيس المنظمة الصهيونية العالمية .\nالمنظمات اليهودية: هي منظمات و هيئات داعمة للحركة الصهيونية و إسرائيل يديرها المؤتمر اليهودي العالمي الذي يتواجد في أكثر من 70 دولة.\nالصهيونية : اسم جبل بضاحية القدس يحج إليه اليهود لاعتقادهم أن نبي الله داوود DAVID  مدفون بهذا المكان ، تحولت إلى حركة سياسية عنصرية تطالب بجمع يهود الشتات و اتخاذ فلسطين وطنا قوميا .\nإسرائيل :كلمة ربانية جاء ذكرها في القرآن الكريم في إشارة إلى النبي يعقوب عليه السلام مكونة من شقين اسرا و تعني عبد و ئيل و تعني الله أي عبد الله و هي التسمية التي اختارتها الحركة الصهيونية للدولة الناشئة في 15 ماي 1948 .\nالوكالة اليهودية : وكالة متخصصة في شراء و كراء الأراضي و منح رخص الاستغلال لليهود الصهاينة تشجيعا لهم على التوطن و الاستقرار و حافز للهجرة نحو أرض الميعاد \" فلسطين \" .\nوعد بلفور : رسالة خطية موجهة من وزير الخارجية البريطانية آرثر جيمس بلفور إلى الثري اليهودي روتشيلد تضمنت وعدا باسم جلالة الملك بمساعدة الحركة الصهيونية بإقامة وطن قومي لليهود بفلسطين .\nالانتداب : لغة يعني الإشراف أي إشراف دولة قوية على دولة ضعيفة حتى تصير قادرة على تسير شؤونها بنفسها و هو الشكل المهذب للاستعمار الأوروبي غير المباشر.\nالميليشيات الصهيونية :منظمات إرهابية متطرفة هدفها تثبيت الاحتلال الصهيوني بفلسطين تأسست بعـــد ح ع 1 قدر عدد أفرادها بأكثر من  60 ألف سنة 1946 أبرزها منظمات الهجانا و الأرغون و شتارن ، ارتكبت العديد من الجرائم أبرزها مجزرة دير ياسين ونسف فندق الملك داوود بمدينة القدس ، تعتبر نواة الجيش الإسرائيلي الحالي .\nالحكم الذاتي:هو تأسيس سلطة فلسطينية تمارس إشراف داخلي على قطاع غزة و أريحا كمرحلة أولى ثم التفاوض حول الحل النهائي بموجب الاتفاقية الموقعة في 13سبتمبر 1993 بواشنطن.\nالانتفاضة:هي شكل من أشكال المقاومة التي أبتكرها الفلسطينيون ضد الاحتلال الصهيوني من صورها العصيان المدني و المظاهرات و مقاطعة البضائع الإسرائيلية و المواجهة اليومية مع جيش الاحتلال.\nمعاهدات السلام: هي الاتفاقيات المبرمة بين الكيان الصهيوني و بعض الدول العربية في إطار الاعتراف بحق إسرائيل في الوجود مثل معاهدة السلام المصرية-الإسرائيلية 1979 أو معاهدة وادي عربة مع الأردن 1994.\nتهويد فلسطين : هي إضفاء الطابع اليهودي على الأراضي المحتلة بتغليب العنصر البشري اليهودي  \" 07 ملايين نسمة \" على العنصر البشري العربي \" 05 ملايين فلسطيني \".\nفلسطينيو الشتات : هم اللاجئون من المهجرين قسرا من الشعب الفلسطيني بعد قيام الكيان الصهيوني في 15 ماي 1948  الذي صادر جميع ممتلكاتهم ويرفض الاعتراف لهم بحق العودة .\nمنظمة التحرير الفلسطينية :  هي الجناح السياسي لحركة التحرر الفلسطينية تأسست عام 1964 بالقاهرة ضمت العديد من الفصائل أقواها حركة فتح الفلسطينية بقيادة ياسر عرفات و الجبهة الشعبية لتحرير فلسطين بقيادة جورج حبش و الجبهة الوطنية لتحرير فلسطين بقيادة نايف حواتمة بينما رفضت حركة * حماس * الانضمام إليها.\nالديكتاتورية : شكل من أشكال النظم الشمولية المطلقة تكون فيه السلطة السياسية بيد فرد واحد لا يتقيد بدستور أو القوانين السارية المفعول شعاره \" الدولة أنا ، أنا الدولة \" مثل الديكتاتورية النازية في ألمانيا 1933 – 1945.\nالحرب الأهلية : هي مواجهة مسلحة بين طرفين ينتميان إلى نفس الرقعة الجغرافية بسبب الاختلافات العرقية أو الطائفية أو الدينية أو الإيديولوجية مثل الحرب الكورية 1950 – 1953 و الحرب الأهلية اللبنانية 1975 – 1989.\nالحرب المحدودة : عمل سياسي شامل يلجأ إلى القوة المسلحة في مرحلة من مراحله لتحقيق هدف معين لا يستدعي بالضرورة كسر إرادة الخصم أو فرض مشيئة المنتصر عليه كاملة .\nالحرب بالوكالة أو الإنابة : هي مواجهة عسكرية بين طرفين لدواعي إيديولوجية بدعم من الكتلتين المتصارعتين في إطار الحرب الباردة مثل الحرب الكورية 1950 – 1953 .\nحرب الكمائن : تكتيك عسكري يعتمد على الخفة و السرعة و المباغتة و تفادي الاشتباك المباشر مع العدو يلجأ إليها في حالة اختلال التوازن في العتاد و العدة بين الطرفين  اعتمده حركات التحرر في العالم الثالث تسمى كذلك بحرب العصابات.\nالحرب الاستباقية : تكتيك عسكري يقوم على توجيه الضربة الأولى الاستباقية لتشتيت قدرات الخصم تعتمد على القوات الجوية من أبرز تطبيقاتها الهجوم الياباني على قاعدة بيرل هاربر الأمريكية في 07 ديسمبر 1941 .\nحرب الشوارع :تكتيك عسكري  يرتبط بالحرب الأهلية ، خسائره كارثية في الأرواح من المدنيين و العسكريين من أساليبه الخطيرة عملية القنص عرفته شوارع بيروت خلال الحرب الأهلية اللبنانية 1975 - 1989.\nالعدوان الثلاثي : هجوم عسكري شنته القوات المشتركة الإسرائيلية الفرنسية و البريطانية ضد مصر بدءا من 29 أكتوبر 1956 بهدف الإطاحة بجمال عبد الناصر و إعادة السيطرة على الممر المائي– قناة السويس– بعد تأميمه",
        "Source": "https://www.topacademy-dz.com/Courses/ReadCourse/8/12/6916/%D8%A7%D9%84%D8%AB%D8%A7%D9%84%D8%AB%D8%A9-%D8%AB%D8%A7%D9%86%D9%88%D9%8A-%D8%A3%D8%AF%D8%A8-%D9%88-%D9%81%D9%84%D8%B3%D9%81%D8%A9-%D8%AA%D8%A7%D8%B1%D9%8A%D8%AE-%D9%88-%D8%AC%D8%BA%D8%B1%D8%A7%D9%81%D9%8A%D8%A7-%D8%A7%D9%84%D9%85%D9%81%D8%A7%D9%87%D9%8A%D9%85%D8%8C-%D8%A7%D9%84%D8%B4%D8%AE%D8%B5%D9%8A%D8%A7%D8%AA%D8%8C-%D9%88%D8%A7%D9%84%D8%A3%D8%AD%D8%AF%D8%A7%D8%AB",
        "Level": "2"
    },
    {
        "EducationalStage": "HSL3",
        "HistoricalEra": "War of Independence",
        "Topic": "الشخصيات",
        "Content": "أحمد سوكارنو : (1901-1970 ) سياسي وزعيم اندونيسي ، تزعم حركة تحرير بلاده ضد الهولنديين بعد الحرب ع 2 ،تولى رئاسة اندونيسيا إلى 1967 ، منظم * مؤتمر باندونغ * 1955 وأحد مؤسسي حركة عدم الانحياز.\n\nالمهاتما غاندي : (1869-1948 )داعية وطني و زعيم وديني هندي ناضل ضد الوجود البريطاني، فتعرض للسجن في العديد من المرات، أصبح زعيم الحركة الوطنية منذ 1920 ثم تفرغ لمشاكل الطبقة المنبوذة في الهند ودعم الحركة التي رفعت شعار: غادروا الهند 1942 اهتم بتخفيف الصراع بين الهندوس والمسلمين(1946 1947). اغتيل من طرف متطرف هندوسي عام 1948.\n\nجواهر لال نهرو (1889-1964) : رجل سياسة هندي تلميذ غاندي رئيس المؤتمر الوطني الهندي منذ 1929 ، واحد من صانعي استقلال الهند، شغل منصب الوزير الأول (1947- 1964) كان من أقطاب عدم الانحياز، حيث لعب الأدوار الأولى خلال انعقاد مؤتمر باندونغ 1955.\n\nجوزيف بروز تيتو : (1892-1980) سياسي يوغسلافي قاد مقاومة بلاده ضد قوات المحور أثناء الحرب ع 2 فحرر بلاده ، أصبح بعدها رئيس جمهورية يوغسلافيا ، من مؤسسي حركة عدم الانحياز.\n\nمحمد علي جناح: مناضل تحرري وسياسي باكستاني ناضل في إطار الرابطة الإسلامية لتحرير شبه القارة الهندية من الوجود البريطاني كان شريكا لجانب غاندي ونهرو و من أجل إقامة دولة مستقلة للهنود المسلمين عن الهندوس شغل منصب رئيس باكستان منذ استقلالها عام 1947.\n\nهوشي منه 1890-1969) مؤسس الحزب الشيوعي الفيتنامي قاد حربا ضد الوجود الفرنسي من 1946 إلى غاية هزيمتها في ديان بيان فو 1954 ثم تزعم الحرب التي خاضها الفيتنام الشمالي ضد الحكومة العميلة والولايات المتحدة في الجنوب منذ عام 1960 وانتهت بانتصار الشماليين وانسحاب الو.م.أ وتوحيد البلاد رسميا عام في أفريل1975.\n\nجمال عبد الناصر 1918-1970) انظم لتنظيم الضباط الأحرار الذي اطاح بالملك فاروق1952 أصبح رئيسا للجمهورية عام 1956 من أهم انجازاته تأميم قناة السويس والتي كانت ذريعة للعدوان الثلاثي على مصر 1956 و انجاز السد العالي كما عمل على تحقيق الوحدة العربية ، كان أحد مؤسسي حركة عدم الانحياز .\n\nأرنستو شي غيفارا : ( 1928-1967) ثوري من أصل أرجنتيني شارك في الثورة الكوبية إلى جانب كاسترو 1956 1959 حاول التأسيس لثورة شاملة في أمريكا اللاتينية ضد الهيمنة الأمريكية و الموالين لها فقام بتدريب الثوار في بوليفيا- 1966 1967- كان متأثرا بالفكر الشيوعي الماركسي،أصبح رمزا عالميا خاصة لدى الشباب الثوري و الاشتراكي .\n\nفيدال كاسترو : ثائر و سياسي كوبي - قاد الثورة ضد - باتيستا - في كوبا استولى على السلطة 1959 قوبلت سياسته بالعداء من طرف الولايات المتحدة التي حاولت الإطاحة به - عملية خليج الخنازير 1961 - تقارب مع السفويت مما أدى إلى وقوع أزمة الصواريخ 1962 و الولايات المتحدة تفرض حصارا اقتصاديا على كوبا .كان صديقا مقربا للجزائر في عهد هواري بومدين.\n\nباتريس لومومبا : رجل سياسي و مؤسس الحركة الوطنية الكنغولية، ناضل من أجل استقلال بلاده عن الاستعمار البلجيكي. أصبح وزيرا أول بعد الاستقلال 1960 سعى من اجل استعادة السيادة الوطنية على إقليم كاتنغا الغني بالثروات الطبيعية بشرق البلاد . اغتيل 1961 وتتهم المخابرات الأمريكية بمقتله.\n\nياسر عرفات : 1929 – 2004 سياسي فلسطيني ورمز لحركة النضال الفلسطيني من اجل الاستقلال أحد مؤسسي حركة فتح قائدها العام منذ 1969 اسمة الحقيقي محمد عبد الرؤوف عرفات الملقب \"ابو عمار\" حاصل على جائزة نوبل للسلام عام 1994 رئيس السلطة الوطنية الفلسطينية المنتخب 1996 توفي في ظروف غامضة في نوفمبر 2004.\n\nجيمس بلفور : وزير خارجية بريطانيا ،قام بتوقيع الوعد المعروف باسمه يوم 02 نوفمبر 1917 والذي يسمح لليهود بإقامة وطن لهم بفلسطين .",
        "Source": "https://www.topacademy-dz.com/Courses/ReadCourse/8/12/6916/%D8%A7%D9%84%D8%AB%D8%A7%D9%84%D8%AB%D8%A9-%D8%AB%D8%A7%D9%86%D9%88%D9%8A-%D8%A3%D8%AF%D8%A8-%D9%88-%D9%81%D9%84%D8%B3%D9%81%D8%A9-%D8%AA%D8%A7%D8%B1%D9%8A%D8%AE-%D9%88-%D8%AC%D8%BA%D8%B1%D8%A7%D9%81%D9%8A%D8%A7-%D8%A7%D9%84%D9%85%D9%81%D8%A7%D9%87%D9%8A%D9%85%D8%8C-%D8%A7%D9%84%D8%B4%D8%AE%D8%B5%D9%8A%D8%A7%D8%AA%D8%8C-%D9%88%D8%A7%D9%84%D8%A3%D8%AD%D8%AF%D8%A7%D8%AB",
        "Level": "2"
    },
    {
        "EducationalStage": "HSL3",
        "HistoricalEra": "War of Independence",
        "Topic": "الاحداث",
        "Content": "11 ديسمبر 1931\nتأسيس منظمة الكومنولث\n15 أوت 1947\nاستقلال الهند و الباكستان عن بريطانيا\n22 مارس 1945\nتأسيس الجامعة العربية\n07 ماي 1954\nهزيمة فرنسا بمعركة ديان بيان فو بالفيتنام\n28 جوان 1991\nحل منظمة الكوميكون\n20 جويلية 1956\nانعقاد مؤتمر جنيف لتسوية القضية الفيتنامية\n18-24 أفريل 1955\nانعقاد مؤتمر باندونغ باندونيسيا للتضامن الأفرو أسيوي\n02 ماي 1963\nتأسيس منظمة الوحدة الأفريقية و مقرها أديسا بابا عاصمة أثيوبيا\n08 جانفي 1959\nانتصار الثورة الشيوعية في كوبا بزعامة فيدال كاسترو\n20 مارس 1970\nتأسيس منظمة الدول الناطقة بالفرنسية*الفرنكوفونية*\n02 أوت 1990\nغزو العراق للكويت و بداية حرب الخليج الثانية\n01 جويلية 1991\nحل حلف وارسو العسكري\n26 ديسمبر 1991\nاستقالة ميخائيل غورباتشوف و حل الاتحاد السوفيتي\n29 أوت 1897\nانعقاد مؤتمر بال و تأسيس الحركة الصهيونية العالمية\n20 نوفمبر 1917\nصدور وعد  آرثر جيمس بلفور المشئوم\n29 نوفمبر 1947\nصدور قرار الأمم المتحدة رقم181 الذي يكرس تقسيم فلسطين إلى دولتين.\n14 ماي 1948\nإنهاء الانتداب البريطاني على فلسطين\n15 ماي 1948\nقيام دولة إسرائيل برئاسة أستاذ الكيمياء حاييم وايزمان\n09 أفريل 1949\nارتكاب العصابات الصهيونية مجزرة دير ياسين\n11 ماي 1949\nقبول إسرائيل عضو في الجمعية العامة للأمم المتحدة\n28 ماي 1964\nإنشاء منضمة التحرير الفلسطينية بالقاهرة\n01 جانفي 1965\nبداية الثورة الفلسطينية المسلحة انطلاقا من دول الطوق العربي\n05 جوان 1967\nحرب الستة أيام بين العرب و إسرائيل و انهزام القوات العربية\n22 نوفمبر 1967\nصدور قرار UNرقم242 الداعي إلى انسحاب إسرائيل إلى حدود 1967\n06 أكتوبر 1973\nحرب رمضان بين العرب و إسرائيل و انتصار جزئي للقوات العربية\n15 أكتوبر 1973\nحضر تصدير البترول العربي إلى الدول الداعمة لإسرائيل\n22 أكتوبر 1973\nصدور القرار الأممي رقم 338 الداعي إلى وقف القتال بين الطرفين\n17 سبتمبر 1979\nتوقيع اتفاقية كامب ديفيد بين مصر و إسرائيل\n06 جوان 1982\nالغزو الإسرائيلي للبنان و ارتكاب مجزرة صبرا و شاتيلا\n07 ديسمبر 1987\nالانتفاضة الفلسطينية الأولى*انتفاضة أبناء الحجارة*\n03 نوفمبر 1991\nعقد مؤتمر مدريد للسلام\n13 سبتمبر 1993\nتوقيع اتفاقية السلام بين منظمة التحرير الفلسطينية و إسرائيل بواشنطن",
        "Source": "https://www.topacademy-dz.com/Courses/ReadCourse/8/12/6916/%D8%A7%D9%84%D8%AB%D8%A7%D9%84%D8%AB%D8%A9-%D8%AB%D8%A7%D9%86%D9%88%D9%8A-%D8%A3%D8%AF%D8%A8-%D9%88-%D9%81%D9%84%D8%B3%D9%81%D8%A9-%D8%AA%D8%A7%D8%B1%D9%8A%D8%AE-%D9%88-%D8%AC%D8%BA%D8%B1%D8%A7%D9%81%D9%8A%D8%A7-%D8%A7%D9%84%D9%85%D9%81%D8%A7%D9%87%D9%8A%D9%85%D8%8C-%D8%A7%D9%84%D8%B4%D8%AE%D8%B5%D9%8A%D8%A7%D8%AA%D8%8C-%D9%88%D8%A7%D9%84%D8%A3%D8%AD%D8%AF%D8%A7%D8%AB",
        "Level": "2"
    },
    {
        "EducationalStage": "HSL3",
        "HistoricalEra": "War of Independence",
        "Topic": "التعليمات و المقدمة",
        "Content": "1) أبرز حتمية التحول من العمل السياسي نحو الكفاح المسلح .\n2) حدد الظروف المحلية و الإقليمية والدولية المحيطة قبيل اندلاع الثورة.\n3) أدرس مواثيق الثورة الجزائرية .\nتبلورت الحركة الوطنية الجزائرية قبيل الحرب العالمية الثانية وازدادت صلابة و تمسكا بمطالبها بعد مجازر 08 ماي 1945، التي كانت مقدمة لثورة الفاتح من نوفمبر 1954.",
        "Source": "https://www.topacademy-dz.com/Courses/ReadCourse/8/12/2497/%D8%A7%D9%84%D8%AB%D8%A7%D9%84%D8%AB%D8%A9-%D8%AB%D8%A7%D9%86%D9%88%D9%8A-%D8%A3%D8%AF%D8%A8-%D9%88-%D9%81%D9%84%D8%B3%D9%81%D8%A9-%D8%AA%D8%A7%D8%B1%D9%8A%D8%AE-%D9%88-%D8%AC%D8%BA%D8%B1%D8%A7%D9%81%D9%8A%D8%A7-%D9%85%D9%80%D9%80%D9%86-%D8%AA%D8%A8%D9%80%D9%80%D9%84%D9%88%D8%B1-%D8%A7%D9%84%D9%88%D8%B9%D9%80%D9%80%D9%8A-%D8%A7%D9%84%D9%88%D8%B7%D9%86%D9%80%D9%80%D9%80%D9%8A-%D8%A5%D9%84%D9%80%D9%80%D9%89-%D8%A7%D9%84%D8%AB%D9%80%D9%80%D9%88%D8%B1%D8%A9-%D8%A7%D9%84%D8%AA%D8%AD%D8%B1%D9%8A%D9%80%D9%80%D8%B1%D9%8A%D8%A9",
        "Level": "2"
    },
    {
        "EducationalStage": "HSL3",
        "HistoricalEra": "Colonial Era",
        "Topic": "مجازر 08 ماي 1945",
        "Content": "أولا/ تعريفها:\nهي جريمة ضد الإنسانيةارتكبتهاالسلطة الاستعمارية ضد الشعب الجزائري بعد الحرب العالمية الثانية بعد تنكرها لوعودها السابقة بتطبيق مبدأ تقرير المصير شملت مدن  سطيف، قالمة و خراطة ،خلفت أكثر من 45 ألف شهيد\nثانيا/ أسبابها و عواملها\nنمو الوعي السياسي لدى الاتجاهات المختلفة للحركة الوطنية الجزائرية.\nتمسك الحركة الوطنية بمبدأ حق الشعوب في تقرير المصير.\nخطاب شارل ديغول بالكونغو برازافيل 1944 .\nتنكر فرنسا لوعودها السابقة بتطبيق حق تقرير المصير على الجزائريين .\nعدم إطلاق السلطة الاستعمارية صراح المعتقلين السياسيين.\nثالثا/ نتائجها\nاستشهاد حوالي 45 ألف جزائري.\nحل الأحزاب السياسية و اعتقال المناضلين.\nالتضييق على الحريات العامة و الفردية.\nغلق المدارس العربية الحرة التابعة لجمعية العلماء.",
        "Source": "https://www.topacademy-dz.com/Courses/ReadCourse/8/12/2497/%D8%A7%D9%84%D8%AB%D8%A7%D9%84%D8%AB%D8%A9-%D8%AB%D8%A7%D9%86%D9%88%D9%8A-%D8%A3%D8%AF%D8%A8-%D9%88-%D9%81%D9%84%D8%B3%D9%81%D8%A9-%D8%AA%D8%A7%D8%B1%D9%8A%D8%AE-%D9%88-%D8%AC%D8%BA%D8%B1%D8%A7%D9%81%D9%8A%D8%A7-%D9%85%D9%80%D9%80%D9%86-%D8%AA%D8%A8%D9%80%D9%80%D9%84%D9%88%D8%B1-%D8%A7%D9%84%D9%88%D8%B9%D9%80%D9%80%D9%8A-%D8%A7%D9%84%D9%88%D8%B7%D9%86%D9%80%D9%80%D9%80%D9%8A-%D8%A5%D9%84%D9%80%D9%80%D9%89-%D8%A7%D9%84%D8%AB%D9%80%D9%80%D9%88%D8%B1%D8%A9-%D8%A7%D9%84%D8%AA%D8%AD%D8%B1%D9%8A%D9%80%D9%80%D8%B1%D9%8A%D8%A9",
        "Level": "2"
    },
    {
        "EducationalStage": "HSL3",
        "HistoricalEra": "Colonial Era",
        "Topic": "إعادة بناء الحركة الوطنية الجزائرية بعد ح ع",
        "Content": "أولا / العوامل\nصدور قانون العفو العام يوم 09/03/1946 .\nإطلاق سراح السجناء السياسيين .\nالسماح بعودة النشاط السياسي .\nالتأسيس لأحزاب سياسية و جمعيات كامتداد للأحزاب و المنظمات المنحلة.\nثانيا / الخارطة السياسية\nالاتحاد الديمقراطي للبيان الجزائري UDMA: تأسس في 17 أفريل 1946 برئاسة فرحات عباس ، تمحور برنامجه السياسي حول فكرة الإدماج عن طريق التجنيس الجماعي والمساواة بين المعمرين والأغلبية المسلمة منالأهاليالجزائريين حسب الوصف الفرنسي.\nجمعية العلماء المسلمين الجزائريين OULAMAS: استأنفت نشاطها التربوي والثقافي في 21/07/1946، الذي تمحور حول فكرة الإصلاح والمحافظة على الشخصية الوطنية للأمة الجزائرية وفتح المدارس العربية الحرة التي أغلقت بعد مجازر 08 ماي 1945 ترأسها الشيخ طالب محمد البشير الإبراهيمي.\nحركة الانتصار للحريات الديمقراطية MTLD: تأسست في 02 نوفمبر 1946 بعد عودة مصالي الحاج من المنفى(الكونغو برازافيل)كامتداد لحزب الشعب الجزائري ، تمحور البرنامج السياسي حول فكرة الاستقلال التام للجزائر وإقامة جمهورية جزائرية مستقلة عن فرنسا.",
        "Source": "https://www.topacademy-dz.com/Courses/ReadCourse/8/12/2497/%D8%A7%D9%84%D8%AB%D8%A7%D9%84%D8%AB%D8%A9-%D8%AB%D8%A7%D9%86%D9%88%D9%8A-%D8%A3%D8%AF%D8%A8-%D9%88-%D9%81%D9%84%D8%B3%D9%81%D8%A9-%D8%AA%D8%A7%D8%B1%D9%8A%D8%AE-%D9%88-%D8%AC%D8%BA%D8%B1%D8%A7%D9%81%D9%8A%D8%A7-%D9%85%D9%80%D9%80%D9%86-%D8%AA%D8%A8%D9%80%D9%80%D9%84%D9%88%D8%B1-%D8%A7%D9%84%D9%88%D8%B9%D9%80%D9%80%D9%8A-%D8%A7%D9%84%D9%88%D8%B7%D9%86%D9%80%D9%80%D9%80%D9%8A-%D8%A5%D9%84%D9%80%D9%80%D9%89-%D8%A7%D9%84%D8%AB%D9%80%D9%80%D9%88%D8%B1%D8%A9-%D8%A7%D9%84%D8%AA%D8%AD%D8%B1%D9%8A%D9%80%D9%80%D8%B1%D9%8A%D8%A9",
        "Level": "2"
    },
    {
        "EducationalStage": "HSL3",
        "HistoricalEra": "Colonial Era",
        "Topic": "القانون الخاص \" دستور الجزائر 20/09/1947\"",
        "Content": "أولا/ تعريفه:\nهو القانون الأساسي الخاص بالجزائر والصادر عن الجمعية الوطنية الفرنسية في 20/09/1947 يشمل 08 أبواب و 60 مادة.\nثانيا/ أسباب ظهوره:\nمجازر 08 ماي 1945.\nنمو الوعي الوطني التحرري.\nتعاظم النشاط السياسي لأحزاب الحركة الوطنية الجزائرية.\nتمسك فرنسا بمبدأ\" الجزائر فرنسية \".\nثالثا/ أهم بنوده:\nالجزائر جزء لا يتجزأ من فرنسا يتساوى سكانها في الحقوق والواجبات.\nمحافظة المسلمين الجزائريين على الشخصية الإسلامية.\nالوظائف العامة المدنية والعسكرية متاحة أمام سكان الجزائر على السواء.\nفصل الدين عن الدولة واعتبار اللغة العربية لغة رسمية ثانية .\nإنشاء مجلس جزائري منتخب مكون من60 نائب جزائري و 60 نائب فرنسي\nإنشاء حكومة مكونة من 06 أعضاء لمساعدة الحاكم العام المعين.\nرابعا / المواقف المختلفة منه :\nالكولون: نظروا إلى الدستور كأداة تمكنهم من إدارة الجزائر بعيدا عن الحكومة الفرنسية في باريس مع استحالة تطبيق بعض بنوده المتعلقة بالحقوق المدنية والسياسية للمسلمين الجزائريين.\nالاتحاد الديمقراطي للبيان الجزائري:رفض فرحات عباس محتوى الدستور وأقدم نوابه في المجلس الجزائري على تقديم الاستقالة.\nحركة الانتصار للحريات الديمقراطية:رفض مصالي الحاج محتوى الدستور وسمح بإنشاء الجناح العسكري للحزب وهو المنظمة الخاصةL'OSفي 15 فيفري 1947 التي حلت عام 1950 بعد اكتشافها من قبل الشرطة الفرنسية وكانت سببا في حدوث أزمة صيف 1953",
        "Source": "https://www.topacademy-dz.com/Courses/ReadCourse/8/12/2497/%D8%A7%D9%84%D8%AB%D8%A7%D9%84%D8%AB%D8%A9-%D8%AB%D8%A7%D9%86%D9%88%D9%8A-%D8%A3%D8%AF%D8%A8-%D9%88-%D9%81%D9%84%D8%B3%D9%81%D8%A9-%D8%AA%D8%A7%D8%B1%D9%8A%D8%AE-%D9%88-%D8%AC%D8%BA%D8%B1%D8%A7%D9%81%D9%8A%D8%A7-%D9%85%D9%80%D9%80%D9%86-%D8%AA%D8%A8%D9%80%D9%80%D9%84%D9%88%D8%B1-%D8%A7%D9%84%D9%88%D8%B9%D9%80%D9%80%D9%8A-%D8%A7%D9%84%D9%88%D8%B7%D9%86%D9%80%D9%80%D9%80%D9%8A-%D8%A5%D9%84%D9%80%D9%80%D9%89-%D8%A7%D9%84%D8%AB%D9%80%D9%80%D9%88%D8%B1%D8%A9-%D8%A7%D9%84%D8%AA%D8%AD%D8%B1%D9%8A%D9%80%D9%80%D8%B1%D9%8A%D8%A9",
        "Level": "2"
    },
    {
        "EducationalStage": "HSL3",
        "HistoricalEra": "Colonial Era",
        "Topic": "أزمة حركة الانتصار للحريات الديمقراطية 1953",
        "Content": "أثناء انعقاد المؤتمر الثاني للحركةأيام 4-5-6أفريل 1953 بالعاصمة انفجر الخلاف بين المناضلين بسبب الخلافات التنظيمية حول مسألة القيادة مما أدى إلى ظهور أطراف متصارعة\nالمصاليون:  و هم أنصار مصالي الحاج الذين يؤمنون بفكرة القيادة الفردية.\nالمركزيون:و هم أعضاء اللجنة المركزية للحزب الذين يؤمنون بالقيادة الجماعية .\nأمام تباعد المواقف عقد المصاليون مؤتمرا استثنائيا أيام 14-15-16 جويلية 1954 ببلجيكا وقرروا حل اللجنة المركزية وإقصاء أعضائها من الحزب بينما عقد المركزيون مؤتمرا موازيا أيام 13-14-15 أوت 1954 بالجزائر العاصمة وقرروا عزل مصالي الحاج وطرد أنصاره من الحزب ، في خضم الأحداث برز تيار ثالث من الشباب الثوري المشبع بفكرة العمل المسلح فكونوا اللجنة الثورية للوحدة والعملCRUA  في 23 مارس 1954 و شرعوا في الإعداد للثورة المسلحة.",
        "Source": "https://www.topacademy-dz.com/Courses/ReadCourse/8/12/2497/%D8%A7%D9%84%D8%AB%D8%A7%D9%84%D8%AB%D8%A9-%D8%AB%D8%A7%D9%86%D9%88%D9%8A-%D8%A3%D8%AF%D8%A8-%D9%88-%D9%81%D9%84%D8%B3%D9%81%D8%A9-%D8%AA%D8%A7%D8%B1%D9%8A%D8%AE-%D9%88-%D8%AC%D8%BA%D8%B1%D8%A7%D9%81%D9%8A%D8%A7-%D9%85%D9%80%D9%80%D9%86-%D8%AA%D8%A8%D9%80%D9%80%D9%84%D9%88%D8%B1-%D8%A7%D9%84%D9%88%D8%B9%D9%80%D9%80%D9%8A-%D8%A7%D9%84%D9%88%D8%B7%D9%86%D9%80%D9%80%D9%80%D9%8A-%D8%A5%D9%84%D9%80%D9%80%D9%89-%D8%A7%D9%84%D8%AB%D9%80%D9%80%D9%88%D8%B1%D8%A9-%D8%A7%D9%84%D8%AA%D8%AD%D8%B1%D9%8A%D9%80%D9%80%D8%B1%D9%8A%D8%A9",
        "Level": "2"
    },
    {
        "EducationalStage": "HSL3",
        "HistoricalEra": "Colonial Era",
        "Topic": "الظروف المحلية",
        "Content": "طبيعة الاستعمار الفرنسي \" استعمار استيطاني \".\nالسياسة العنصرية المطبقة على الجزائريين ( قانون الأنديجينا ).\nمجازر 08 ماي 1945 ( 45 ألف شهيد ).\nبروز القناعة الثورية لدى الشريحة الوطنية من الشعب الجزائري.\nفشل الإصلاحات الفرنسية \" دستور 20 سنتمبر1947 \".\nأزمة حركة الانتصار للحريات الديمقراطية 1953.\nتأسيس اللجنة الثورية للوحدة والعمل في 23/03/1954",
        "Source": "https://www.topacademy-dz.com/Courses/ReadCourse/8/12/2497/%D8%A7%D9%84%D8%AB%D8%A7%D9%84%D8%AB%D8%A9-%D8%AB%D8%A7%D9%86%D9%88%D9%8A-%D8%A3%D8%AF%D8%A8-%D9%88-%D9%81%D9%84%D8%B3%D9%81%D8%A9-%D8%AA%D8%A7%D8%B1%D9%8A%D8%AE-%D9%88-%D8%AC%D8%BA%D8%B1%D8%A7%D9%81%D9%8A%D8%A7-%D9%85%D9%80%D9%80%D9%86-%D8%AA%D8%A8%D9%80%D9%80%D9%84%D9%88%D8%B1-%D8%A7%D9%84%D9%88%D8%B9%D9%80%D9%80%D9%8A-%D8%A7%D9%84%D9%88%D8%B7%D9%86%D9%80%D9%80%D9%80%D9%8A-%D8%A5%D9%84%D9%80%D9%80%D9%89-%D8%A7%D9%84%D8%AB%D9%80%D9%80%D9%88%D8%B1%D8%A9-%D8%A7%D9%84%D8%AA%D8%AD%D8%B1%D9%8A%D9%80%D9%80%D8%B1%D9%8A%D8%A9",
        "Level": "2"
    },
    {
        "EducationalStage": "HSL3",
        "HistoricalEra": "Colonial Era",
        "Topic": "الظروف الإقليمية",
        "Content": "تأسيس الجامعة العربية 22/03/1945\nاستقلال سوريا ولبنان عام 1947.\nنجاح الثورة المصرية عام 1952.\nانطلاق الكفاح المسلح في تونس والمغرب 1952.",
        "Source": "https://www.topacademy-dz.com/Courses/ReadCourse/8/12/2497/%D8%A7%D9%84%D8%AB%D8%A7%D9%84%D8%AB%D8%A9-%D8%AB%D8%A7%D9%86%D9%88%D9%8A-%D8%A3%D8%AF%D8%A8-%D9%88-%D9%81%D9%84%D8%B3%D9%81%D8%A9-%D8%AA%D8%A7%D8%B1%D9%8A%D8%AE-%D9%88-%D8%AC%D8%BA%D8%B1%D8%A7%D9%81%D9%8A%D8%A7-%D9%85%D9%80%D9%80%D9%86-%D8%AA%D8%A8%D9%80%D9%80%D9%84%D9%88%D8%B1-%D8%A7%D9%84%D9%88%D8%B9%D9%80%D9%80%D9%8A-%D8%A7%D9%84%D9%88%D8%B7%D9%86%D9%80%D9%80%D9%80%D9%8A-%D8%A5%D9%84%D9%80%D9%80%D9%89-%D8%A7%D9%84%D8%AB%D9%80%D9%80%D9%88%D8%B1%D8%A9-%D8%A7%D9%84%D8%AA%D8%AD%D8%B1%D9%8A%D9%80%D9%80%D8%B1%D9%8A%D8%A9",
        "Level": "2"
    },
    {
        "EducationalStage": "HSL3",
        "HistoricalEra": "Colonial Era",
        "Topic": "الظروف الدولية",
        "Content": "انتشار موجة التحرر في العالم الثالث.\nتراجع المكانة الدولية لفرنسا.\nانهزام فرنسا في معركة ديان بيان فو بالفيتنام عام 1954.\nتبني الأمم المتحدة حق الشعوب في تقرير المصير.",
        "Source": "https://www.topacademy-dz.com/Courses/ReadCourse/8/12/2497/%D8%A7%D9%84%D8%AB%D8%A7%D9%84%D8%AB%D8%A9-%D8%AB%D8%A7%D9%86%D9%88%D9%8A-%D8%A3%D8%AF%D8%A8-%D9%88-%D9%81%D9%84%D8%B3%D9%81%D8%A9-%D8%AA%D8%A7%D8%B1%D9%8A%D8%AE-%D9%88-%D8%AC%D8%BA%D8%B1%D8%A7%D9%81%D9%8A%D8%A7-%D9%85%D9%80%D9%80%D9%86-%D8%AA%D8%A8%D9%80%D9%80%D9%84%D9%88%D8%B1-%D8%A7%D9%84%D9%88%D8%B9%D9%80%D9%80%D9%8A-%D8%A7%D9%84%D9%88%D8%B7%D9%86%D9%80%D9%80%D9%80%D9%8A-%D8%A5%D9%84%D9%80%D9%80%D9%89-%D8%A7%D9%84%D8%AB%D9%80%D9%80%D9%88%D8%B1%D8%A9-%D8%A7%D9%84%D8%AA%D8%AD%D8%B1%D9%8A%D9%80%D9%80%D8%B1%D9%8A%D8%A9",
        "Level": "2"
    },
    {
        "EducationalStage": "HSL3",
        "HistoricalEra": "War of Independence",
        "Topic": "بيان أول نوفمبر 1954",
        "Content": "أولا/ تعريفه: أول وثيقة سياسية رسمت المعالم الكبرى للثورة الجزائرية وهو يعتبر بمثابة برنامج لها.\nثانيا/ الأهداف الداخلية والخارجية:\nالأهداف الداخلية:\nحتمية الشروع في العمل المسلح من اجل استرجاع السيادة.\nإعادة بناء الدولة الجزائرية.\nتجاوز مأزق الحركة الوطنية.\nفشل العمل السياسي.\nتجاوز محنة حركة الانتصار للحريات الديمقراطية.\nاعتبار جبهة التحرير الوطني حركة وطنية مفتوحة أمام جميع الاتجاهات.\nالأهداف الخارجية:\nتدويل القضية الجزائرية في المحافل الدولية.\nتحقيق وحدة شمال إفريقيا.\nكسب العطف من الشعوب المحبة للحرية والسلام.\nاستمالة الرأي العام الدولي للضغط على الحكومة الفرنسية.\nثالثا/ الوسائل:\nكل الوسائل المشروعة من أجل تحيق النصر بواسطة:\nالعمل المسلح بقيادة جيش التحرير الوطني L.N\nالعمل السياسي بقيادة جبهة التحرير الوطني L.N .",
        "Source": "https://www.topacademy-dz.com/Courses/ReadCourse/8/12/2497/%D8%A7%D9%84%D8%AB%D8%A7%D9%84%D8%AB%D8%A9-%D8%AB%D8%A7%D9%86%D9%88%D9%8A-%D8%A3%D8%AF%D8%A8-%D9%88-%D9%81%D9%84%D8%B3%D9%81%D8%A9-%D8%AA%D8%A7%D8%B1%D9%8A%D8%AE-%D9%88-%D8%AC%D8%BA%D8%B1%D8%A7%D9%81%D9%8A%D8%A7-%D9%85%D9%80%D9%80%D9%86-%D8%AA%D8%A8%D9%80%D9%80%D9%84%D9%88%D8%B1-%D8%A7%D9%84%D9%88%D8%B9%D9%80%D9%80%D9%8A-%D8%A7%D9%84%D9%88%D8%B7%D9%86%D9%80%D9%80%D9%80%D9%8A-%D8%A5%D9%84%D9%80%D9%80%D9%89-%D8%A7%D9%84%D8%AB%D9%80%D9%80%D9%88%D8%B1%D8%A9-%D8%A7%D9%84%D8%AA%D8%AD%D8%B1%D9%8A%D9%80%D9%80%D8%B1%D9%8A%D8%A9",
        "Level": "2"
    },
    {
        "EducationalStage": "HSL3",
        "HistoricalEra": "War of Independence",
        "Topic": "ميثاق الصومام 20 أوت 1956",
        "Content": "أولا/ تعريفه: ثاني وثيقة سياسية حددت الإستراتيجية المرحلية للثورة بعد مضي سنتين على اندلاعها انبثقت عن المؤتمر التاريخي المنعقد يوم 20 أوت 1956 بمنطقة ايفري بالقرب من واد الصومام.\nثانيا/ محتوى الوثيقة:\nالتنظيم المؤسساتي ( هياكل الثورة):\nجبهة التحرير الوطني هي الممثل الوحيد والشرعي للشعب الجزائري.\nإنشاء فيدرالية جبهة التحرير الوطني بفرنسا لنقل الرعب إلى الضفة الأخرى.\nإنشاء المجلس الوطني للثورة الجزائرية \" هيئة تشريعية تتكون من 34 عضو \".\nإنشاء لجنة التنسيق والتنفيذ \" هيئة تشريعية تتكون من 5 إلى 14 عضو \".\nحل لجنة التنسيق والتنفيذ وتأسيس الحكومة المؤقتة للجمهورية الجزائرية P.R.Aبرئاسة فرحات عباس.\nالتنظيم الإداري:\nتقسيم التراب الوطني إلى ستة ولايات تاريخية.\nإضافة الولاية السابعة التي تشمل التراب الفرنسي.\nإقامة القاعدة الشرقية فوق الأراضي التونسية بمنطقة غار الدماء.\nإنشاء القاعدة الغربية فوق الأراضي المغربية بمنطقة وجدة.\nالتنظيم العسكري:\nجيش التحرير الوطني هو الجناح العسكري للثورة.\nإنشاء قيادة الأركان العامة.\nتحديد الرتب وضبط المسؤوليات.\nإنشاء جيش الحدود.\nنقل الثورة إلى فرنسا.\nالتنظيم الجماهيري:\nتأسيس الاتحاد العام للعمال للجزائريين G.T.A في 24 فيفري 1956 .\nإنشاء الاتحاد العام للتجار الجزائريين G.C.A .\nتأسيس الاتحاد العام للطلبة المسلمين الجزائريين G.E.M.A .\nتأسيس فريق جبهة التحرير الوطني لكرة القدم.\nج / برنامج طرابلس: ثالث وثيقة سياسية تضمنت الاختيارات الكبرى للجزائر بعد تحقيق  الاستقلال واسترجاع السيادة الوطنية، انبثق عن مؤتمر طرابلس 04 جوان 1962تضمن:\nالاختيارات السياسيةوالاقتصادية::\nتشييد الدولة الجزائرية.\nاعتبار جبهة التحرير الوطني FLNالقوة السياسية الوحيدة في البلاد .\nقيام نظام الحكم على أساس مؤسساتي.\nاختيار الاشتراكية كمنهج اقتصادي لحل المشاكل الموروثة عن الاستعمار.\nالاختيارات الاجتماعية:\nرفع مستوى المعيشة للسكان.\nالنهوض بالريف لأنه تحمل أعباء الثورة.\nتوفير التعليم و الصحة للجميع مجانا.\nالاستنتاج : التحول من العمل السياسي نحو الكفاح المسلح حتمية و ليس اختيارا",
        "Source": "https://www.topacademy-dz.com/Courses/ReadCourse/8/12/2497/%D8%A7%D9%84%D8%AB%D8%A7%D9%84%D8%AB%D8%A9-%D8%AB%D8%A7%D9%86%D9%88%D9%8A-%D8%A3%D8%AF%D8%A8-%D9%88-%D9%81%D9%84%D8%B3%D9%81%D8%A9-%D8%AA%D8%A7%D8%B1%D9%8A%D8%AE-%D9%88-%D8%AC%D8%BA%D8%B1%D8%A7%D9%81%D9%8A%D8%A7-%D9%85%D9%80%D9%80%D9%86-%D8%AA%D8%A8%D9%80%D9%80%D9%84%D9%88%D8%B1-%D8%A7%D9%84%D9%88%D8%B9%D9%80%D9%80%D9%8A-%D8%A7%D9%84%D9%88%D8%B7%D9%86%D9%80%D9%80%D9%80%D9%8A-%D8%A5%D9%84%D9%80%D9%80%D9%89-%D8%A7%D9%84%D8%AB%D9%80%D9%80%D9%88%D8%B1%D8%A9-%D8%A7%D9%84%D8%AA%D8%AD%D8%B1%D9%8A%D9%80%D9%80%D8%B1%D9%8A%D8%A9",
        "Level": "2"
    },
    {
        "EducationalStage": "HSL3",
        "HistoricalEra": "War of Independence",
        "Topic": "إستراتيجية تنفيذ الثورة على المستوى الداخلي والخارجي:",
        "Content": ") إستراتيجية تنفيذ الثورة على المستوى الداخلي والخارجي:\nأولا/ على المستوى الداخلي:\nثانيا/ على المستوى الخارجي:",
        "Source": "https://www.topacademy-dz.com/Courses/ReadCourse/8/12/2498/%D8%A7%D9%84%D8%AB%D8%A7%D9%84%D8%AB%D8%A9-%D8%AB%D8%A7%D9%86%D9%88%D9%8A-%D8%A3%D8%AF%D8%A8-%D9%88-%D9%81%D9%84%D8%B3%D9%81%D8%A9-%D8%AA%D8%A7%D8%B1%D9%8A%D8%AE-%D9%88-%D8%AC%D8%BA%D8%B1%D8%A7%D9%81%D9%8A%D8%A7-%D8%A7%D9%84%D8%B9%D9%85%D9%80%D9%80%D9%84-%D8%A7%D9%84%D9%85%D8%B3%D9%84%D9%80%D9%80%D9%80%D9%80%D8%AD-%D9%88%D8%B1%D8%AF-%D9%81%D8%B9%D9%80%D9%80%D9%80%D9%84-%D8%A7%D9%84%D8%A7%D8%B3%D8%AA%D8%B9%D9%85%D9%80%D9%80%D9%80%D8%A7%D8%B1",
        "Level": "2"
    },
    {
        "EducationalStage": "HSL3",
        "HistoricalEra": "War of Independence",
        "Topic": "إستراتيجية الاستعمار في القضاء على الثورة على المستوى الداخلي والخارجي",
        "Content": "أولا/ على المستوى الداخلي:\nا / عسكريا:\nب / سياسيا:\nج / اقتصاديا:\nد / إداريا:\nثانيا/ على المستوى الخارجي:",
        "Source": "https://www.topacademy-dz.com/Courses/ReadCourse/8/12/2498/%D8%A7%D9%84%D8%AB%D8%A7%D9%84%D8%AB%D8%A9-%D8%AB%D8%A7%D9%86%D9%88%D9%8A-%D8%A3%D8%AF%D8%A8-%D9%88-%D9%81%D9%84%D8%B3%D9%81%D8%A9-%D8%AA%D8%A7%D8%B1%D9%8A%D8%AE-%D9%88-%D8%AC%D8%BA%D8%B1%D8%A7%D9%81%D9%8A%D8%A7-%D8%A7%D9%84%D8%B9%D9%85%D9%80%D9%80%D9%84-%D8%A7%D9%84%D9%85%D8%B3%D9%84%D9%80%D9%80%D9%80%D9%80%D8%AD-%D9%88%D8%B1%D8%AF-%D9%81%D8%B9%D9%80%D9%80%D9%80%D9%84-%D8%A7%D9%84%D8%A7%D8%B3%D8%AA%D8%B9%D9%85%D9%80%D9%80%D9%80%D8%A7%D8%B1",
        "Level": "2"
    },
    {
        "EducationalStage": "HSL3",
        "HistoricalEra": "War of Independence",
        "Topic": "فشل إستراتيجية الاستعمار ونجاح الثورة ( عوامل نجاح الثورة ):",
        "Content": "أ / داخليا:\nب / خارجيا:\nالاستنتاج : قوة الثورة و نجاحها في التفوق على الآلة العسكرية و السياسية الفرنسية",
        "Source": "https://www.topacademy-dz.com/Courses/ReadCourse/8/12/2498/%D8%A7%D9%84%D8%AB%D8%A7%D9%84%D8%AB%D8%A9-%D8%AB%D8%A7%D9%86%D9%88%D9%8A-%D8%A3%D8%AF%D8%A8-%D9%88-%D9%81%D9%84%D8%B3%D9%81%D8%A9-%D8%AA%D8%A7%D8%B1%D9%8A%D8%AE-%D9%88-%D8%AC%D8%BA%D8%B1%D8%A7%D9%81%D9%8A%D8%A7-%D8%A7%D9%84%D8%B9%D9%85%D9%80%D9%80%D9%84-%D8%A7%D9%84%D9%85%D8%B3%D9%84%D9%80%D9%80%D9%80%D9%80%D8%AD-%D9%88%D8%B1%D8%AF-%D9%81%D8%B9%D9%80%D9%80%D9%80%D9%84-%D8%A7%D9%84%D8%A7%D8%B3%D8%AA%D8%B9%D9%85%D9%80%D9%80%D9%80%D8%A7%D8%B1",
        "Level": "2"
    },
    {
        "EducationalStage": "HSL3",
        "HistoricalEra": "War of Independence",
        "Topic": "المفاوضات",
        "Content": "الأسباب:\n- التنظيم المحكم الذي امتازت به الدولة الجزائرية خاصة بعد مؤتمر الصومام.\n- الإنتصارات التي حققتها الثورة داخليا وخارجيا، سياسيا وعسكريا.\n- الأزمات الاقتصادية، المالية والاجتماعية التي أرهقت كاهل الخزينة الفرنسية نتيجة التكاليف الباهضة.\n- تأييد القضية الجزائرية من طرف الدول والمنظمات ونجاحها على المستوى الخارجي     إجبار فرنسا بزعامة ديغول على التفاوض.\n\n* المراحل:\nمضمونها\nالتاريخ\nمراحلها\nإتصالات أولية بين جبهة التحرير الوطني والحكومة الفرنسية في شكل لقاءات غير رسمية.\n- لقاء محمد خيضر في القاهرة مع جوزيف بيغارا مبعوث عن موليه رئيس الحكومة الفرنسية.\n\n1956\nاللقاءات السرية\nأ- مرحلة جس النبض\n\n\n- باءت بالفشل بسبب فرض فرنسا لشروطها ومنها فصل الصحراء عن الشمال.\n- لا نقاش حول تقرير المصير إلا بعد وقف القتال.\n\nمن 25 إلى 29 جوان 1960 بفرنسا\nب- مفاوضات مولان\n- جاءت بعد مظاهرات 11 ديسمبر 1960 وانتهت بالفشل لتباين مواقف الطرفية حسب الجدول الآتي.\n\n20 فيفري 1961\n\nج- لقاء لوسارن\n\n\n\nالموقف الفرنسي\nالموقف الجزائري\nالموضوع\nالحكم الذاتي\nالإستقلال الكامل\nالإستقلال\nتجزئة الجزائر عرقيا\nالجزائر شعب واحد\nوحدة الأمة\nفصل الصحراء\nالجزائر جزء لا يتجزأ\nالصحراء\nمع أطراف متعددة\nالتفاوض مع جبهة التحرير الوطني\nالتمثيل\nتوقيع هدنة\nوقف إطلاق النار\nوقف القتال\nأدت هذه الإتصالات السرية إلى ظهور:\nسنة 1961 بإسبانيا بقيادة الجنرال سالان.OAS- منظمة الجيش السري\n- إنقلاب الجنرالات الأربعة المتطرفين (شال، جوهود، زيلار، سالان) ضد ديغول في أفريل 1961 بدافع تفاوض ديغول مع جبهة التحرير الوطني.\nالنتيجة: تخوف ديغول على بلاده من عدم الاستقرار السياسي بسبب الثورة      الدخول في مفاوضات رسمية وعلنية.\nالمضمون\nالتاريخ\nاللقاءات الرسمية\nإلتقى الوفدان في مدينة إيفيان الفرنسية، وكان كريم بلقاسم ممثل الوفد الجزائري ولويس جوكس ممثل الوفد الفرنسي.\nتوقفت لتستأنف في لوغران على الحدود الفرنسية السويسرية بتاريخ 20 - 07 -  1961 ثم في بال السويسرية توقفت ثم استأنفت بفرنسا في فيفري 1962.\nمن 20 - 05 - 1961\nإلى 13 - 06 - 1961\nمفاوضات إيفيان الأولى\nتم التوقيع على الإتفاقيات التي وضعت حدا للحرب جاء فيها:\n1) وقف إطلاق النار في كامل التراب الجزائري بدءا من 19 مارس 1962.\n2) الإعتراف باستقلال الجزائر ووحدة ترابها.\n3) التعاون الإقتصادي، المالي، الثقافي والفني بين الدولتين.\n4) المسائل العسكرية بحيث تمنح الجزائر لفرنسا  حق استخدام المرسى الكبير لمدة 15 سنة وحق استعمال مطار عنابة وبوفاريك وبشار وقاعدة رقان لمدة 5 سنوات.\n5) ضمانات للأقلية الأوربية.\nمن 07 - 03 - 1962\nإلى 18 - 03 - 1962\nمفاوضات إيفيان الثانية",
        "Source": "https://www.topacademy-dz.com/Courses/ReadCourse/8/12/2499/%D8%A7%D9%84%D8%AB%D8%A7%D9%84%D8%AB%D8%A9-%D8%AB%D8%A7%D9%86%D9%88%D9%8A-%D8%A3%D8%AF%D8%A8-%D9%88-%D9%81%D9%84%D8%B3%D9%81%D8%A9-%D8%AA%D8%A7%D8%B1%D9%8A%D8%AE-%D9%88-%D8%AC%D8%BA%D8%B1%D8%A7%D9%81%D9%8A%D8%A7-%D8%A7%D8%B3%D8%AA%D8%B9%D8%A7%D8%AF%D8%A9-%D8%A7%D9%84%D8%B3%D9%8A%D9%80%D9%80%D8%A7%D8%AF%D8%A9-%D8%A7%D9%84%D9%88%D8%B7%D9%86%D9%80%D9%80%D9%8A%D8%A9-%D9%88%D8%A8%D9%86%D9%80%D9%80%D9%80%D8%A7%D8%A1-%D8%A7%D9%84%D8%AF%D9%88%D9%84%D9%80%D9%80%D9%80%D8%A9-%D8%A7%D9%84%D8%AC%D8%B2%D8%A7%D8%A6%D8%B1%D9%8A%D8%A9",
        "Level": "2"
    },
    {
        "EducationalStage": "HSL3",
        "HistoricalEra": "War of Independence",
        "Topic": "ظروف قيام الدولة الجزائرية",
        "Content": "ظروف قيام الدولة الجزائرية:\nالتركة الاستعمارية الثقيلة ( اللاجئون، الأرامل, الجوع، الفقر، المرض ، الأمية).",
        "Source": "https://www.topacademy-dz.com/Courses/ReadCourse/8/12/2499/%D8%A7%D9%84%D8%AB%D8%A7%D9%84%D8%AB%D8%A9-%D8%AB%D8%A7%D9%86%D9%88%D9%8A-%D8%A3%D8%AF%D8%A8-%D9%88-%D9%81%D9%84%D8%B3%D9%81%D8%A9-%D8%AA%D8%A7%D8%B1%D9%8A%D8%AE-%D9%88-%D8%AC%D8%BA%D8%B1%D8%A7%D9%81%D9%8A%D8%A7-%D8%A7%D8%B3%D8%AA%D8%B9%D8%A7%D8%AF%D8%A9-%D8%A7%D9%84%D8%B3%D9%8A%D9%80%D9%80%D8%A7%D8%AF%D8%A9-%D8%A7%D9%84%D9%88%D8%B7%D9%86%D9%80%D9%80%D9%8A%D8%A9-%D9%88%D8%A8%D9%86%D9%80%D9%80%D9%80%D8%A7%D8%A1-%D8%A7%D9%84%D8%AF%D9%88%D9%84%D9%80%D9%80%D9%80%D8%A9-%D8%A7%D9%84%D8%AC%D8%B2%D8%A7%D8%A6%D8%B1%D9%8A%D8%A9",
        "Level": "2"
    },
    {
        "EducationalStage": "HSL3",
        "HistoricalEra": "War of Independence",
        "Topic": "الإختيارات الكبرى لمؤتمر طرابلس",
        "Content": "انعقد المؤتمر في طرابلس في الفترة ما بين 27 ماي و 4 جوان 1962 حضرته قيادات الثورة السياسية والعسكرية كـ بن يوسف بن خدة والقيادة العامة لأركان جيش التحرير الوطني.\n1) الإختيارات السياسية:\n- تشييد دولة عصرية على أسس ديمقراطية في إطار نظام الحزب الواحد.\n- محاربة الاستعمار والامبريالية ودعم حركات التحرر في العالم.\n- العمل على تجسيد الوحدة المغاربية، العربية والإفريقية.\n- الدعم الفعال للسلم والتعاون الدولي.\n2) الإختيارات الإقتصادية:\n- تبني النظام الإشتراكي كوسيلة للتنمية الوطنية الشاملة.\n- محاربة الإحتكارات والإقطاعية.\n- مراجعة العلاقات الإقتصادية الجزائرية مع الخارج على أساس التعاون العادل.\n3) الإختيارات الإجتماعية:\n- رفع مستوى معيشة السكان عن طريق تطوير الحياة الريفية وتحسين الخدمات الصحية والتعليم والتشغيل.\n4) الإختيارات الثقافية:\n- إستعادة الثقافة الوطنية وتدعيمها بإعطاء اللغة العربية مكانتها وترسيخ القيم الوطنية في أبعادها الحضارية العربية والإسلامية.",
        "Source": "https://www.topacademy-dz.com/Courses/ReadCourse/8/12/2499/%D8%A7%D9%84%D8%AB%D8%A7%D9%84%D8%AB%D8%A9-%D8%AB%D8%A7%D9%86%D9%88%D9%8A-%D8%A3%D8%AF%D8%A8-%D9%88-%D9%81%D9%84%D8%B3%D9%81%D8%A9-%D8%AA%D8%A7%D8%B1%D9%8A%D8%AE-%D9%88-%D8%AC%D8%BA%D8%B1%D8%A7%D9%81%D9%8A%D8%A7-%D8%A7%D8%B3%D8%AA%D8%B9%D8%A7%D8%AF%D8%A9-%D8%A7%D9%84%D8%B3%D9%8A%D9%80%D9%80%D8%A7%D8%AF%D8%A9-%D8%A7%D9%84%D9%88%D8%B7%D9%86%D9%80%D9%80%D9%8A%D8%A9-%D9%88%D8%A8%D9%86%D9%80%D9%80%D9%80%D8%A7%D8%A1-%D8%A7%D9%84%D8%AF%D9%88%D9%84%D9%80%D9%80%D9%80%D8%A9-%D8%A7%D9%84%D8%AC%D8%B2%D8%A7%D8%A6%D8%B1%D9%8A%D8%A9",
        "Level": "2"
    },
    {
        "EducationalStage": "HSL3",
        "HistoricalEra": "Post-Independence Era",
        "Topic": "مراحل التطور وبناء الدولة الجزائرية",
        "Content": "المرحلة الأولى: 1962 - 1965\nعل الصعيد الداخلي:\n1- التطور السياسي:\n- استمرار الصراعات الشخصية على السلطة.\n- مواجهة المشاكل الموروثة عن الإستعمار.\n- صدور دستور 1963، ميثاق الجزائر 1964 حيث كرسا سياسة الحزب الواحد.\n2- التطور الإقتصادي والإجتماعي:\n- محاولة وضع قطار التنمية على السكة.\n- إيجاد سبل لتشغيل العاطلين.\n- تنظيم عودة اللاجئين.\n- العمل بالنظام الإشتراكي كمنهج لتحقيق التطور الإقتصادي والإجتماعي وبناء دولة عصرية عن طريق:\n* الإصلاحات الزراعية تجسدت في تأميم الأراضي وتسييرها تسييرا ذاتيا (قانون 23 مارس 1963).\n* تأميم بنك الجزائر وسك العملة الوطنية وظهور الدينار في جانفي 1963.\n* ظهور شركات وطنية (منها شركة سوناطراك سنة 1963)\nعلى الصعيد الخارجي:\n- العلاقات الحدودية خاصة مع المغرب.\n- إنضمام الجزائر إلى حركة عدم الإنحياز، الجامعة العربية، هيئة الأمم المتحدة كما كانت من مؤسسي الوحدة الإفريقية في ماي 1963.\nالمرحلة الثانية: 1965 - 1978\nتبدأ من 19 جوان 1965 تاريخ إقصاء بن بلة من طرف هواري بومدين وأطلق على ذلك إسم التصحيح الثوري.\nأ- التطور السياسي:\nداخليا:\n- ظهور مجلس الثورة (السلطة الشرعية)\n- بناء مؤسسات وهياكل الدولة (المجلس البلدي 1967، الولائي 1969، صدور الميثاق الوطني، تأسيس المجلس الشعبي الوطني 1977، انتخاب رئيس الجمهورية).\nخارجيا:\n- استمرار البعد التحرري في السياسة الخارجية.\n- تزايد وزن الجزائر دبلوماسيا، احتضان مؤتمرات دولية عديدة (مؤتمر حركة عدم الانحياز)، تسوية مشاكل دولية (مشكلة إيران والعراق).\n- دعم القضية الفلسطينية.\n\nب- التطور الإقتصادي:\n- التأميمات: المناجم 1966، المحروقات 1971.\n- التصنيع: إنشاء مركبات صناعية هامة (الحجار، أرزيو، سكيكدة، قسنطينة).\n- صدور قانون الثورة الزراعية 08 نوفمبر 1971.\nج- التطور الإجتماعي والثقافي:\n- ديمقراطية التعليم.\n- بناء الجامعات والمدارس.\n- الطب المجاني.\n- سياسة التشغيل.\n- تكوين الإطارات ومحاولة تعميم استعمال اللغة العربية.\nالمرحلة الثالثة: 1978 - 1989\nعرفت الجزائر تغيرات جذرية في مختلف الميادين:\n1) التطور السياسي:\n- وفاة الرئيس هواري بومدين في ديسمبر 1978، وتولى رئاسة الدولة رئيس المجلس الوكني.\n- تولي الشاذلي بن جديد الرئاسة وبروز التطورات السياسية.\n- مراجعة المسار التنموي الذي سلكته الجزائر منذ الإستقلال.\n- التحول التدريجي عن النهج الإشتراكي (التنازل عن أملاك الدولة).\n- تفتيت الشركات الكبرى إلى وحدات صغرى و تشجيع الاستثمارات الخاصة.\n- وقوع أحداث أهمها أكتوبر 1988     الدخول في عهد الإصلاحات التي أعلن عنها رئيس الجمهورية.\n- ظهور دستور 23 فيفري 1989 نص على عدة تحولات:\n* التخلي عن الاشتراكية.\n* حرية التعبير.\n* حق الإضراب.\n* حق إنشاء الجمعيات ذات الطابع السياسي في 05 جويلية 1989.\n- ظهور قانون الجمعيات السياسية الذي جسد التعددية الحزبية.\n2) التطور الاقتصادي: عرفت المرحلة مخططين خماسيين:\n- المخطط الخماسي الأول 1980 - 1984 تحت شعار \" من أجل حياة أفضل\".\n- المخطط الخماسي الثاني 1985 - 1989 تحت شعار \" العمل والصرامة لضمان المستقبل\".\n- مراجعة المسار التنموي.\n- تجزئة الشركات الكبيرة بإعادة هيكلتها.\n- الشروع في سياسة الخوصصة و الإهتمام بالقطاع الخاص.\n- إعادة النظر في الهيكلة الزراعية وظهور قانون 1987 المتضمن إنشاء المستثمرات الفلاحية.\n- تدهور أسعار البترول مما انعكس سلبا على المشاريع التنموية.\n- واجهت الجزائر خلال هذه المرحلة صعوبات مالية وأحدثت خللا في التوازنات المالية للدولة مما انعكس سلبا على التنمية الشاملة للبلاد.",
        "Source": "https://www.topacademy-dz.com/Courses/ReadCourse/8/12/2499/%D8%A7%D9%84%D8%AB%D8%A7%D9%84%D8%AB%D8%A9-%D8%AB%D8%A7%D9%86%D9%88%D9%8A-%D8%A3%D8%AF%D8%A8-%D9%88-%D9%81%D9%84%D8%B3%D9%81%D8%A9-%D8%AA%D8%A7%D8%B1%D9%8A%D8%AE-%D9%88-%D8%AC%D8%BA%D8%B1%D8%A7%D9%81%D9%8A%D8%A7-%D8%A7%D8%B3%D8%AA%D8%B9%D8%A7%D8%AF%D8%A9-%D8%A7%D9%84%D8%B3%D9%8A%D9%80%D9%80%D8%A7%D8%AF%D8%A9-%D8%A7%D9%84%D9%88%D8%B7%D9%86%D9%80%D9%80%D9%8A%D8%A9-%D9%88%D8%A8%D9%86%D9%80%D9%80%D9%80%D8%A7%D8%A1-%D8%A7%D9%84%D8%AF%D9%88%D9%84%D9%80%D9%80%D9%80%D8%A9-%D8%A7%D9%84%D8%AC%D8%B2%D8%A7%D8%A6%D8%B1%D9%8A%D8%A9",
        "Level": "2"
    },
    {
        "EducationalStage": "HSL3",
        "HistoricalEra": "War of Independence",
        "Topic": "",
        "Content": "",
        "Source": "https://www.topacademy-dz.com/Courses/ReadCourse/8/12/2499/%D8%A7%D9%84%D8%AB%D8%A7%D9%84%D8%AB%D8%A9-%D8%AB%D8%A7%D9%86%D9%88%D9%8A-%D8%A3%D8%AF%D8%A8-%D9%88-%D9%81%D9%84%D8%B3%D9%81%D8%A9-%D8%AA%D8%A7%D8%B1%D9%8A%D8%AE-%D9%88-%D8%AC%D8%BA%D8%B1%D8%A7%D9%81%D9%8A%D8%A7-%D8%A7%D8%B3%D8%AA%D8%B9%D8%A7%D8%AF%D8%A9-%D8%A7%D9%84%D8%B3%D9%8A%D9%80%D9%80%D8%A7%D8%AF%D8%A9-%D8%A7%D9%84%D9%88%D8%B7%D9%86%D9%80%D9%80%D9%8A%D8%A9-%D9%88%D8%A8%D9%86%D9%80%D9%80%D9%80%D8%A7%D8%A1-%D8%A7%D9%84%D8%AF%D9%88%D9%84%D9%80%D9%80%D9%80%D8%A9-%D8%A7%D9%84%D8%AC%D8%B2%D8%A7%D8%A6%D8%B1%D9%8A%D8%A9",
        "Level": "2"
    },
    {
        "EducationalStage": "HSL3",
        "HistoricalEra": "War of Independence",
        "Topic": "التعليمات و المقدمة",
        "Content": "كان التيار الاستقلالي أمام خيارين:الالتزام بالنشاط السياسي أوالشروع في العمل العسكري.\n\nفشل العمل السياسي وشروع التيار الثوري في الكفاح المسلح",
        "Source": "https://www.topacademy-dz.com/Courses/ReadCourse/8/12/2501/%D8%A7%D9%84%D8%AB%D8%A7%D9%84%D8%AB%D8%A9-%D8%AB%D8%A7%D9%86%D9%88%D9%8A-%D8%A3%D8%AF%D8%A8-%D9%88-%D9%81%D9%84%D8%B3%D9%81%D8%A9-%D8%AA%D8%A7%D8%B1%D9%8A%D8%AE-%D9%88-%D8%AC%D8%BA%D8%B1%D8%A7%D9%81%D9%8A%D8%A7-%D8%AA%D8%A3%D8%AB%D9%8A%D9%80%D9%80%D9%80%D8%B1-%D8%A7%D9%84%D8%AC%D8%B2%D8%A7%D8%A6%D9%80%D9%80%D9%80%D8%B1-%D9%88%D8%A5%D8%B3%D9%87%D8%A7%D9%85%D9%87%D9%80%D9%80%D9%80%D8%A7-%D9%81%D9%80%D9%80%D9%8A-%D8%AD%D8%B1%D9%83%D9%80%D9%80%D9%80%D8%A9-%D8%A7%D9%84%D8%AA%D9%80%D9%80%D9%80%D8%AD%D8%B1%D8%B1-%D8%A7%D9%84%D8%B9%D8%A7%D9%84%D9%85%D9%8A%D9%80%D9%80%D8%A9",
        "Level": "2"
    },
    {
        "EducationalStage": "HSL3",
        "HistoricalEra": "Colonial Era",
        "Topic": "الأسباب الداخلية",
        "Content": "مجازر 8 ماي 1945 التي راح ضحيتها 45 ألف شهيد.\nأزمة حركة انتصار الحريات الديمقراطية 1953.\nتأسيس اللجنة الثورية للوحدة والعمل CRUA في23 مارس 1954.\nنجاح اجتماع مجموعة 22 التاريخية في 23 جوان 1954.\nنجاح الاجتماع الحاسم لمجموعة 06 يوم 23أكتوبر1954.\nالتأسيس لعناصر الثورة (جيش و جبهة التحرير الوطني )",
        "Source": "https://www.topacademy-dz.com/Courses/ReadCourse/8/12/2501/%D8%A7%D9%84%D8%AB%D8%A7%D9%84%D8%AB%D8%A9-%D8%AB%D8%A7%D9%86%D9%88%D9%8A-%D8%A3%D8%AF%D8%A8-%D9%88-%D9%81%D9%84%D8%B3%D9%81%D8%A9-%D8%AA%D8%A7%D8%B1%D9%8A%D8%AE-%D9%88-%D8%AC%D8%BA%D8%B1%D8%A7%D9%81%D9%8A%D8%A7-%D8%AA%D8%A3%D8%AB%D9%8A%D9%80%D9%80%D9%80%D8%B1-%D8%A7%D9%84%D8%AC%D8%B2%D8%A7%D8%A6%D9%80%D9%80%D9%80%D8%B1-%D9%88%D8%A5%D8%B3%D9%87%D8%A7%D9%85%D9%87%D9%80%D9%80%D9%80%D8%A7-%D9%81%D9%80%D9%80%D9%8A-%D8%AD%D8%B1%D9%83%D9%80%D9%80%D9%80%D8%A9-%D8%A7%D9%84%D8%AA%D9%80%D9%80%D9%80%D8%AD%D8%B1%D8%B1-%D8%A7%D9%84%D8%B9%D8%A7%D9%84%D9%85%D9%8A%D9%80%D9%80%D8%A9",
        "Level": "2"
    },
    {
        "EducationalStage": "HSL3",
        "HistoricalEra": "Colonial Era",
        "Topic": "الأسباب الخارجية",
        "Content": "استقلال بعض الأقطار العربية *سوريا و لبنان 1946.\nنجاح الثورة المصرية 23 جويلية 1952 وبداية العمل المسلح في تونس والمغرب عام 1952.\nدعم الكتلة الشرقية حركات التحرر في العالم الثالث.\nتبني الأمم المتحدة حق الشعوب في تقرير المصير وتصفية الاستعمار بكافة أشكاله.",
        "Source": "https://www.topacademy-dz.com/Courses/ReadCourse/8/12/2501/%D8%A7%D9%84%D8%AB%D8%A7%D9%84%D8%AB%D8%A9-%D8%AB%D8%A7%D9%86%D9%88%D9%8A-%D8%A3%D8%AF%D8%A8-%D9%88-%D9%81%D9%84%D8%B3%D9%81%D8%A9-%D8%AA%D8%A7%D8%B1%D9%8A%D8%AE-%D9%88-%D8%AC%D8%BA%D8%B1%D8%A7%D9%81%D9%8A%D8%A7-%D8%AA%D8%A3%D8%AB%D9%8A%D9%80%D9%80%D9%80%D8%B1-%D8%A7%D9%84%D8%AC%D8%B2%D8%A7%D8%A6%D9%80%D9%80%D9%80%D8%B1-%D9%88%D8%A5%D8%B3%D9%87%D8%A7%D9%85%D9%87%D9%80%D9%80%D9%80%D8%A7-%D9%81%D9%80%D9%80%D9%8A-%D8%AD%D8%B1%D9%83%D9%80%D9%80%D9%80%D8%A9-%D8%A7%D9%84%D8%AA%D9%80%D9%80%D9%80%D8%AD%D8%B1%D8%B1-%D8%A7%D9%84%D8%B9%D8%A7%D9%84%D9%85%D9%8A%D9%80%D9%80%D8%A9",
        "Level": "2"
    },
    {
        "EducationalStage": "HSL3",
        "HistoricalEra": "Post-Independence Era",
        "Topic": "مجلات العمل الجزائر في دعم حركات التحرر داخل المنظمات الدولية:",
        "Content": "أ / على مستوى الأمم المتحدة:\nب / على مستوى حركة عدم الانحياز:\nج / على مستوى الاتحاد الإفريقي:\nد / على مستوى الجامعة العربية:",
        "Source": "https://www.topacademy-dz.com/Courses/ReadCourse/8/12/2501/%D8%A7%D9%84%D8%AB%D8%A7%D9%84%D8%AB%D8%A9-%D8%AB%D8%A7%D9%86%D9%88%D9%8A-%D8%A3%D8%AF%D8%A8-%D9%88-%D9%81%D9%84%D8%B3%D9%81%D8%A9-%D8%AA%D8%A7%D8%B1%D9%8A%D8%AE-%D9%88-%D8%AC%D8%BA%D8%B1%D8%A7%D9%81%D9%8A%D8%A7-%D8%AA%D8%A3%D8%AB%D9%8A%D9%80%D9%80%D9%80%D8%B1-%D8%A7%D9%84%D8%AC%D8%B2%D8%A7%D8%A6%D9%80%D9%80%D9%80%D8%B1-%D9%88%D8%A5%D8%B3%D9%87%D8%A7%D9%85%D9%87%D9%80%D9%80%D9%80%D8%A7-%D9%81%D9%80%D9%80%D9%8A-%D8%AD%D8%B1%D9%83%D9%80%D9%80%D9%80%D8%A9-%D8%A7%D9%84%D8%AA%D9%80%D9%80%D9%80%D8%AD%D8%B1%D8%B1-%D8%A7%D9%84%D8%B9%D8%A7%D9%84%D9%85%D9%8A%D9%80%D9%80%D8%A9",
        "Level": "2"
    },
    {
        "EducationalStage": "HSL3",
        "HistoricalEra": "Post-Independence Era",
        "Topic": ") إسهامات الجزائر في دعم حركات التحرر في العالم الثالث:",
        "Content": "إسهامات الجزائر في دعم حركات التحرر في العالم الثالث:\nالاستنتاج : دور الجزائر في دعم المد التحرري في العالم الثالث على المستوى الإقليمي و القاري و الدولي.",
        "Source": "https://www.topacademy-dz.com/Courses/ReadCourse/8/12/2501/%D8%A7%D9%84%D8%AB%D8%A7%D9%84%D8%AB%D8%A9-%D8%AB%D8%A7%D9%86%D9%88%D9%8A-%D8%A3%D8%AF%D8%A8-%D9%88-%D9%81%D9%84%D8%B3%D9%81%D8%A9-%D8%AA%D8%A7%D8%B1%D9%8A%D8%AE-%D9%88-%D8%AC%D8%BA%D8%B1%D8%A7%D9%81%D9%8A%D8%A7-%D8%AA%D8%A3%D8%AB%D9%8A%D9%80%D9%80%D9%80%D8%B1-%D8%A7%D9%84%D8%AC%D8%B2%D8%A7%D8%A6%D9%80%D9%80%D9%80%D8%B1-%D9%88%D8%A5%D8%B3%D9%87%D8%A7%D9%85%D9%87%D9%80%D9%80%D9%80%D8%A7-%D9%81%D9%80%D9%80%D9%8A-%D8%AD%D8%B1%D9%83%D9%80%D9%80%D9%80%D8%A9-%D8%A7%D9%84%D8%AA%D9%80%D9%80%D9%80%D8%AD%D8%B1%D8%B1-%D8%A7%D9%84%D8%B9%D8%A7%D9%84%D9%85%D9%8A%D9%80%D9%80%D8%A9",
        "Level": "2"
    }
]