[
    {
        "EducationalStage": "HSL3",
        "HistoricalEra": "Post-Independence Era",
        "Topic": "المفاهيم",
        "Content": "التمييز العنصري : هي فصل جماعة من البشر بالقانون أو العرف على أساس الاختلاف في الدين أو البشرة أو الثروة أو الثقافة مثل نظام الميز العنصري في جنوب إفريقيا سابقا أو جدار الفصل العنصري في فلسطين حاليا.\nمؤتمر بال : اجتماع ترأسه تيودور هرتزل ضم حكماء صهيون بمدينة بال السويسرية 1897 من أهم قراراته إنشاء وطن قومي لليهود و تأسيس المنظمة الصهيونية العالمية .\nالمنظمات اليهودية: هي منظمات و هيئات داعمة للحركة الصهيونية و إسرائيل يديرها المؤتمر اليهودي العالمي الذي يتواجد في أكثر من 70 دولة.\nالصهيونية : اسم جبل بضاحية القدس يحج إليه اليهود لاعتقادهم أن نبي الله داوود DAVID  مدفون بهذا المكان ، تحولت إلى حركة سياسية عنصرية تطالب بجمع يهود الشتات و اتخاذ فلسطين وطنا قوميا .\nإسرائيل :كلمة ربانية جاء ذكرها في القرآن الكريم في إشارة إلى النبي يعقوب عليه السلام مكونة من شقين اسرا و تعني عبد و ئيل و تعني الله أي عبد الله و هي التسمية التي اختارتها الحركة الصهيونية للدولة الناشئة في 15 ماي 1948 .\nالوكالة اليهودية : وكالة متخصصة في شراء و كراء الأراضي و منح رخص الاستغلال لليهود الصهاينة تشجيعا لهم على التوطن و الاستقرار و حافز للهجرة نحو أرض الميعاد \" فلسطين \" .\nوعد بلفور : رسالة خطية موجهة من وزير الخارجية البريطانية آرثر جيمس بلفور إلى الثري اليهودي روتشيلد تضمنت وعدا باسم جلالة الملك بمساعدة الحركة الصهيونية بإقامة وطن قومي لليهود بفلسطين .\nالانتداب : لغة يعني الإشراف أي إشراف دولة قوية على دولة ضعيفة حتى تصير قادرة على تسير شؤونها بنفسها و هو الشكل المهذب للاستعمار الأوروبي غير المباشر.\nالميليشيات الصهيونية :منظمات إرهابية متطرفة هدفها تثبيت الاحتلال الصهيوني بفلسطين تأسست بعـــد ح ع 1 قدر عدد أفرادها بأكثر من  60 ألف سنة 1946 أبرزها منظمات الهجانا و الأرغون و شتارن ، ارتكبت العديد من الجرائم أبرزها مجزرة دير ياسين ونسف فندق الملك داوود بمدينة القدس ، تعتبر نواة الجيش الإسرائيلي الحالي .\nالحكم الذاتي:هو تأسيس سلطة فلسطينية تمارس إشراف داخلي على قطاع غزة و أريحا كمرحلة أولى ثم التفاوض حول الحل النهائي بموجب الاتفاقية الموقعة في 13سبتمبر 1993 بواشنطن.\nالانتفاضة:هي شكل من أشكال المقاومة التي أبتكرها الفلسطينيون ضد الاحتلال الصهيوني من صورها العصيان المدني و المظاهرات و مقاطعة البضائع الإسرائيلية و المواجهة اليومية مع جيش الاحتلال.\nمعاهدات السلام: هي الاتفاقيات المبرمة بين الكيان الصهيوني و بعض الدول العربية في إطار الاعتراف بحق إسرائيل في الوجود مثل معاهدة السلام المصرية-الإسرائيلية 1979 أو معاهدة وادي عربة مع الأردن 1994.\nتهويد فلسطين : هي إضفاء الطابع اليهودي على الأراضي المحتلة بتغليب العنصر البشري اليهودي  \" 07 ملايين نسمة \" على العنصر البشري العربي \" 05 ملايين فلسطيني \".\nفلسطينيو الشتات : هم اللاجئون من المهجرين قسرا من الشعب الفلسطيني بعد قيام الكيان الصهيوني في 15 ماي 1948  الذي صادر جميع ممتلكاتهم ويرفض الاعتراف لهم بحق العودة .\nمنظمة التحرير الفلسطينية :  هي الجناح السياسي لحركة التحرر الفلسطينية تأسست عام 1964 بالقاهرة ضمت العديد من الفصائل أقواها حركة فتح الفلسطينية بقيادة ياسر عرفات و الجبهة الشعبية لتحرير فلسطين بقيادة جورج حبش و الجبهة الوطنية لتحرير فلسطين بقيادة نايف حواتمة بينما رفضت حركة * حماس * الانضمام إليها.\nالديكتاتورية : شكل من أشكال النظم الشمولية المطلقة تكون فيه السلطة السياسية بيد فرد واحد لا يتقيد بدستور أو القوانين السارية المفعول شعاره \" الدولة أنا ، أنا الدولة \" مثل الديكتاتورية النازية في ألمانيا 1933 – 1945.\nالحرب الأهلية : هي مواجهة مسلحة بين طرفين ينتميان إلى نفس الرقعة الجغرافية بسبب الاختلافات العرقية أو الطائفية أو الدينية أو الإيديولوجية مثل الحرب الكورية 1950 – 1953 و الحرب الأهلية اللبنانية 1975 – 1989.\nالحرب المحدودة : عمل سياسي شامل يلجأ إلى القوة المسلحة في مرحلة من مراحله لتحقيق هدف معين لا يستدعي بالضرورة كسر إرادة الخصم أو فرض مشيئة المنتصر عليه كاملة .\nالحرب بالوكالة أو الإنابة : هي مواجهة عسكرية بين طرفين لدواعي إيديولوجية بدعم من الكتلتين المتصارعتين في إطار الحرب الباردة مثل الحرب الكورية 1950 – 1953 .\nحرب الكمائن : تكتيك عسكري يعتمد على الخفة و السرعة و المباغتة و تفادي الاشتباك المباشر مع العدو يلجأ إليها في حالة اختلال التوازن في العتاد و العدة بين الطرفين  اعتمده حركات التحرر في العالم الثالث تسمى كذلك بحرب العصابات.\nالحرب الاستباقية : تكتيك عسكري يقوم على توجيه الضربة الأولى الاستباقية لتشتيت قدرات الخصم تعتمد على القوات الجوية من أبرز تطبيقاتها الهجوم الياباني على قاعدة بيرل هاربر الأمريكية في 07 ديسمبر 1941 .\nحرب الشوارع :تكتيك عسكري  يرتبط بالحرب الأهلية ، خسائره كارثية في الأرواح من المدنيين و العسكريين من أساليبه الخطيرة عملية القنص عرفته شوارع بيروت خلال الحرب الأهلية اللبنانية 1975 - 1989.\nالعدوان الثلاثي : هجوم عسكري شنته القوات المشتركة الإسرائيلية الفرنسية و البريطانية ضد مصر بدءا من 29 أكتوبر 1956 بهدف الإطاحة بجمال عبد الناصر و إعادة السيطرة على الممر المائي– قناة السويس– بعد تأميمه",
        "Source": "https://www.topacademy-dz.com/Courses/ReadCourse/8/12/6917/%D8%A7%D9%84%D8%AB%D8%A7%D9%84%D8%AB%D8%A9-%D8%AB%D8%A7%D9%86%D9%88%D9%8A-%D8%A3%D8%AF%D8%A8-%D9%88-%D9%81%D9%84%D8%B3%D9%81%D8%A9-%D8%AA%D8%A7%D8%B1%D9%8A%D8%AE-%D9%88-%D8%AC%D8%BA%D8%B1%D8%A7%D9%81%D9%8A%D8%A7-%D8%A7%D9%84%D9%85%D9%81%D8%A7%D9%87%D9%8A%D9%85%D8%8C-%D8%A7%D9%84%D8%B4%D8%AE%D8%B5%D9%8A%D8%A7%D8%AA%D8%8C-%D9%88%D8%A7%D9%84%D8%A3%D8%AD%D8%AF%D8%A7%D8%AB",
        "Level": "3"
    },
    {
        "EducationalStage": "HSL3",
        "HistoricalEra": "Post-Independence Era",
        "Topic": "الشخصيات",
        "Content": "أحمد سوكارنو : (1901-1970 ) سياسي وزعيم اندونيسي ، تزعم حركة تحرير بلاده ضد الهولنديين بعد الحرب ع 2 ،تولى رئاسة اندونيسيا إلى 1967 ، منظم * مؤتمر باندونغ * 1955 وأحد مؤسسي حركة عدم الانحياز.\n\nالمهاتما غاندي : (1869-1948 )داعية وطني و زعيم وديني هندي ناضل ضد الوجود البريطاني، فتعرض للسجن في العديد من المرات، أصبح زعيم الحركة الوطنية منذ 1920 ثم تفرغ لمشاكل الطبقة المنبوذة في الهند ودعم الحركة التي رفعت شعار: غادروا الهند 1942 اهتم بتخفيف الصراع بين الهندوس والمسلمين(1946 1947). اغتيل من طرف متطرف هندوسي عام 1948.\n\nجواهر لال نهرو (1889-1964) : رجل سياسة هندي تلميذ غاندي رئيس المؤتمر الوطني الهندي منذ 1929 ، واحد من صانعي استقلال الهند، شغل منصب الوزير الأول (1947- 1964) كان من أقطاب عدم الانحياز، حيث لعب الأدوار الأولى خلال انعقاد مؤتمر باندونغ 1955.\n\nجوزيف بروز تيتو : (1892-1980) سياسي يوغسلافي قاد مقاومة بلاده ضد قوات المحور أثناء الحرب ع 2 فحرر بلاده ، أصبح بعدها رئيس جمهورية يوغسلافيا ، من مؤسسي حركة عدم الانحياز.\n\nمحمد علي جناح: مناضل تحرري وسياسي باكستاني ناضل في إطار الرابطة الإسلامية لتحرير شبه القارة الهندية من الوجود البريطاني كان شريكا لجانب غاندي ونهرو و من أجل إقامة دولة مستقلة للهنود المسلمين عن الهندوس شغل منصب رئيس باكستان منذ استقلالها عام 1947.\n\nهوشي منه 1890-1969) مؤسس الحزب الشيوعي الفيتنامي قاد حربا ضد الوجود الفرنسي من 1946 إلى غاية هزيمتها في ديان بيان فو 1954 ثم تزعم الحرب التي خاضها الفيتنام الشمالي ضد الحكومة العميلة والولايات المتحدة في الجنوب منذ عام 1960 وانتهت بانتصار الشماليين وانسحاب الو.م.أ وتوحيد البلاد رسميا عام في أفريل1975.\n\nجمال عبد الناصر 1918-1970) انظم لتنظيم الضباط الأحرار الذي اطاح بالملك فاروق1952 أصبح رئيسا للجمهورية عام 1956 من أهم انجازاته تأميم قناة السويس والتي كانت ذريعة للعدوان الثلاثي على مصر 1956 و انجاز السد العالي كما عمل على تحقيق الوحدة العربية ، كان أحد مؤسسي حركة عدم الانحياز .\n\nأرنستو شي غيفارا : ( 1928-1967) ثوري من أصل أرجنتيني شارك في الثورة الكوبية إلى جانب كاسترو 1956 1959 حاول التأسيس لثورة شاملة في أمريكا اللاتينية ضد الهيمنة الأمريكية و الموالين لها فقام بتدريب الثوار في بوليفيا- 1966 1967- كان متأثرا بالفكر الشيوعي الماركسي،أصبح رمزا عالميا خاصة لدى الشباب الثوري و الاشتراكي .\n\nفيدال كاسترو : ثائر و سياسي كوبي - قاد الثورة ضد - باتيستا - في كوبا استولى على السلطة 1959 قوبلت سياسته بالعداء من طرف الولايات المتحدة التي حاولت الإطاحة به - عملية خليج الخنازير 1961 - تقارب مع السفويت مما أدى إلى وقوع أزمة الصواريخ 1962 و الولايات المتحدة تفرض حصارا اقتصاديا على كوبا .كان صديقا مقربا للجزائر في عهد هواري بومدين.\n\nباتريس لومومبا : رجل سياسي و مؤسس الحركة الوطنية الكنغولية، ناضل من أجل استقلال بلاده عن الاستعمار البلجيكي. أصبح وزيرا أول بعد الاستقلال 1960 سعى من اجل استعادة السيادة الوطنية على إقليم كاتنغا الغني بالثروات الطبيعية بشرق البلاد . اغتيل 1961 وتتهم المخابرات الأمريكية بمقتله.\n\nياسر عرفات : 1929 – 2004 سياسي فلسطيني ورمز لحركة النضال الفلسطيني من اجل الاستقلال أحد مؤسسي حركة فتح قائدها العام منذ 1969 اسمة الحقيقي محمد عبد الرؤوف عرفات الملقب \"ابو عمار\" حاصل على جائزة نوبل للسلام عام 1994 رئيس السلطة الوطنية الفلسطينية المنتخب 1996 توفي في ظروف غامضة في نوفمبر 2004.\n\nجيمس بلفور : وزير خارجية بريطانيا ،قام بتوقيع الوعد المعروف باسمه يوم 02 نوفمبر 1917 والذي يسمح لليهود بإقامة وطن لهم بفلسطين .",
        "Source": "https://www.topacademy-dz.com/Courses/ReadCourse/8/12/6917/%D8%A7%D9%84%D8%AB%D8%A7%D9%84%D8%AB%D8%A9-%D8%AB%D8%A7%D9%86%D9%88%D9%8A-%D8%A3%D8%AF%D8%A8-%D9%88-%D9%81%D9%84%D8%B3%D9%81%D8%A9-%D8%AA%D8%A7%D8%B1%D9%8A%D8%AE-%D9%88-%D8%AC%D8%BA%D8%B1%D8%A7%D9%81%D9%8A%D8%A7-%D8%A7%D9%84%D9%85%D9%81%D8%A7%D9%87%D9%8A%D9%85%D8%8C-%D8%A7%D9%84%D8%B4%D8%AE%D8%B5%D9%8A%D8%A7%D8%AA%D8%8C-%D9%88%D8%A7%D9%84%D8%A3%D8%AD%D8%AF%D8%A7%D8%AB",
        "Level": "3"
    },
    {
        "EducationalStage": "HSL3",
        "HistoricalEra": "Post-Independence Era",
        "Topic": "الاحداث",
        "Content": "11 ديسمبر 1931\nتأسيس منظمة الكومنولث\n15 أوت 1947\nاستقلال الهند و الباكستان عن بريطانيا\n22 مارس 1945\nتأسيس الجامعة العربية\n07 ماي 1954\nهزيمة فرنسا بمعركة ديان بيان فو بالفيتنام\n28 جوان 1991\nحل منظمة الكوميكون\n20 جويلية 1956\nانعقاد مؤتمر جنيف لتسوية القضية الفيتنامية\n18-24 أفريل 1955\nانعقاد مؤتمر باندونغ باندونيسيا للتضامن الأفرو أسيوي\n02 ماي 1963\nتأسيس منظمة الوحدة الأفريقية و مقرها أديسا بابا عاصمة أثيوبيا\n08 جانفي 1959\nانتصار الثورة الشيوعية في كوبا بزعامة فيدال كاسترو\n20 مارس 1970\nتأسيس منظمة الدول الناطقة بالفرنسية*الفرنكوفونية*\n02 أوت 1990\nغزو العراق للكويت و بداية حرب الخليج الثانية\n01 جويلية 1991\nحل حلف وارسو العسكري\n26 ديسمبر 1991\nاستقالة ميخائيل غورباتشوف و حل الاتحاد السوفيتي\n29 أوت 1897\nانعقاد مؤتمر بال و تأسيس الحركة الصهيونية العالمية\n20 نوفمبر 1917\nصدور وعد  آرثر جيمس بلفور المشئوم\n29 نوفمبر 1947\nصدور قرار الأمم المتحدة رقم181 الذي يكرس تقسيم فلسطين إلى دولتين.\n14 ماي 1948\nإنهاء الانتداب البريطاني على فلسطين\n15 ماي 1948\nقيام دولة إسرائيل برئاسة أستاذ الكيمياء حاييم وايزمان\n09 أفريل 1949\nارتكاب العصابات الصهيونية مجزرة دير ياسين\n11 ماي 1949\nقبول إسرائيل عضو في الجمعية العامة للأمم المتحدة\n28 ماي 1964\nإنشاء منضمة التحرير الفلسطينية بالقاهرة\n01 جانفي 1965\nبداية الثورة الفلسطينية المسلحة انطلاقا من دول الطوق العربي\n05 جوان 1967\nحرب الستة أيام بين العرب و إسرائيل و انهزام القوات العربية\n22 نوفمبر 1967\nصدور قرار UNرقم242 الداعي إلى انسحاب إسرائيل إلى حدود 1967\n06 أكتوبر 1973\nحرب رمضان بين العرب و إسرائيل و انتصار جزئي للقوات العربية\n15 أكتوبر 1973\nحضر تصدير البترول العربي إلى الدول الداعمة لإسرائيل\n22 أكتوبر 1973\nصدور القرار الأممي رقم 338 الداعي إلى وقف القتال بين الطرفين\n17 سبتمبر 1979\nتوقيع اتفاقية كامب ديفيد بين مصر و إسرائيل\n06 جوان 1982\nالغزو الإسرائيلي للبنان و ارتكاب مجزرة صبرا و شاتيلا\n07 ديسمبر 1987\nالانتفاضة الفلسطينية الأولى*انتفاضة أبناء الحجارة*\n03 نوفمبر 1991\nعقد مؤتمر مدريد للسلام\n13 سبتمبر 1993\nتوقيع اتفاقية السلام بين منظمة التحرير الفلسطينية و إسرائيل بواشنطن",
        "Source": "https://www.topacademy-dz.com/Courses/ReadCourse/8/12/6917/%D8%A7%D9%84%D8%AB%D8%A7%D9%84%D8%AB%D8%A9-%D8%AB%D8%A7%D9%86%D9%88%D9%8A-%D8%A3%D8%AF%D8%A8-%D9%88-%D9%81%D9%84%D8%B3%D9%81%D8%A9-%D8%AA%D8%A7%D8%B1%D9%8A%D8%AE-%D9%88-%D8%AC%D8%BA%D8%B1%D8%A7%D9%81%D9%8A%D8%A7-%D8%A7%D9%84%D9%85%D9%81%D8%A7%D9%87%D9%8A%D9%85%D8%8C-%D8%A7%D9%84%D8%B4%D8%AE%D8%B5%D9%8A%D8%A7%D8%AA%D8%8C-%D9%88%D8%A7%D9%84%D8%A3%D8%AD%D8%AF%D8%A7%D8%AB",
        "Level": "3"
    },
    {
        "EducationalStage": "HSL3",
        "HistoricalEra": "Colonial Era",
        "Topic": "التنوع في أساليب وخصائص التحرر",
        "Content": "أ / قارة آسيا:أولا/ الهند:\nثانيا/ الهند- الصينية:\nب / إفريقيا:أولا/ الجزائر:\nثانيا/ مصر:\nنهايتها : قيام جمهوريةمصر العربية و صد العدوان الثلاثي\nج ) أمريكا اللاتينية:\nكوبا:",
        "Source": "https://www.topacademy-dz.com/Courses/ReadCourse/8/12/2503/%D8%A7%D9%84%D8%AB%D8%A7%D9%84%D8%AB%D8%A9-%D8%AB%D8%A7%D9%86%D9%88%D9%8A-%D8%A3%D8%AF%D8%A8-%D9%88-%D9%81%D9%84%D8%B3%D9%81%D8%A9-%D8%AA%D8%A7%D8%B1%D9%8A%D8%AE-%D9%88-%D8%AC%D8%BA%D8%B1%D8%A7%D9%81%D9%8A%D8%A7-%D8%A7%D9%84%D8%B9%D8%A7%D9%84%D9%85-%D8%A7%D9%84%D8%AB%D8%A7%D9%84%D8%AA-%D8%A8%D9%8A%D9%86-%D8%AA%D8%B1%D8%A7%D8%AC%D8%B9-%D8%A7%D9%84%D8%A5%D8%B3%D8%AA%D8%B9%D9%85%D8%A7%D8%B1-%D8%A7%D9%84%D8%AA%D9%82%D9%84%D9%8A%D8%AF%D9%8A-%D9%88-%D8%A5%D8%B3%D8%AA%D9%85%D8%B1%D8%A7%D8%B1%D9%8A%D8%A9-%D8%AD%D8%B1%D9%83%D8%A7%D8%AA-%D8%A7%D9%84%D8%AA%D8%AD%D8%B1%D8%B1",
        "Level": "3"
    },
    {
        "EducationalStage": "HSL3",
        "HistoricalEra": "Colonial Era",
        "Topic": "الترتيبات الاستعمارية الجديدة:",
        "Content": "أ /الكومنولث:لغة:تعني الثورة المشتركة أما اصطلاحا:هي تجمع الدول و الشعوب الناطقة باللغة الانجليزيةتأسست عام 1931 تضم 54 دولة موزعة على مختلف القارات.\nأولا/ الأهداف المعلنة والخفية:\nب/ الفرانكفونية: هي تجمع الدول والشعوب الناطقة باللغة الفرنسية تأسست في 20 مارس 1970 تضم 68 دولة من مختلف القارات .\nأولا / الأهداف المعلنة والمخفية:\nالاستنتاج : العالم الثالث من تحقيق الاستقلال السياسي إلى التبعية الاقتصادية و الهيمنة الثقافية",
        "Source": "https://www.topacademy-dz.com/Courses/ReadCourse/8/12/2503/%D8%A7%D9%84%D8%AB%D8%A7%D9%84%D8%AB%D8%A9-%D8%AB%D8%A7%D9%86%D9%88%D9%8A-%D8%A3%D8%AF%D8%A8-%D9%88-%D9%81%D9%84%D8%B3%D9%81%D8%A9-%D8%AA%D8%A7%D8%B1%D9%8A%D8%AE-%D9%88-%D8%AC%D8%BA%D8%B1%D8%A7%D9%81%D9%8A%D8%A7-%D8%A7%D9%84%D8%B9%D8%A7%D9%84%D9%85-%D8%A7%D9%84%D8%AB%D8%A7%D9%84%D8%AA-%D8%A8%D9%8A%D9%86-%D8%AA%D8%B1%D8%A7%D8%AC%D8%B9-%D8%A7%D9%84%D8%A5%D8%B3%D8%AA%D8%B9%D9%85%D8%A7%D8%B1-%D8%A7%D9%84%D8%AA%D9%82%D9%84%D9%8A%D8%AF%D9%8A-%D9%88-%D8%A5%D8%B3%D8%AA%D9%85%D8%B1%D8%A7%D8%B1%D9%8A%D8%A9-%D8%AD%D8%B1%D9%83%D8%A7%D8%AA-%D8%A7%D9%84%D8%AA%D8%AD%D8%B1%D8%B1",
        "Level": "3"
    },
    {
        "EducationalStage": "HSL3",
        "HistoricalEra": "Colonial Era",
        "Topic": "الموقف العربي من قيام دولة إسرائيل عام 1948:",
        "Content": "ا – قيام دولة إسرائيل:\nب – الموقف العربي:\nعدم عودة اللاجئين الفلسطينيين إلى قراهم وديارهم",
        "Source": "https://www.topacademy-dz.com/Courses/ReadCourse/8/12/2504/%D8%A7%D9%84%D8%AB%D8%A7%D9%84%D8%AB%D8%A9-%D8%AB%D8%A7%D9%86%D9%88%D9%8A-%D8%A3%D8%AF%D8%A8-%D9%88-%D9%81%D9%84%D8%B3%D9%81%D8%A9-%D8%AA%D8%A7%D8%B1%D9%8A%D8%AE-%D9%88-%D8%AC%D8%BA%D8%B1%D8%A7%D9%81%D9%8A%D8%A7-%D9%81%D9%84%D8%B3%D8%B7%D9%8A%D9%86-%D9%85%D9%86-%D8%AA%D8%B5%D9%81%D9%8A%D8%A9-%D8%A7%D9%84%D8%A5%D8%B3%D8%AA%D8%B9%D9%85%D8%A7%D8%B1-%D8%A7%D9%84%D8%AA%D9%82%D9%84%D9%8A%D8%AF%D9%8A-%D8%A5%D9%84%D9%89-%D8%A7%D9%84%D9%87%D9%8A%D9%85%D9%86%D8%A9-%D8%A7%D9%84%D8%A3%D8%AD%D8%A7%D8%AF%D9%8A%D8%A9-%D9%88-%D8%A7%D9%84%D8%AA%D9%88%D8%A7%D8%B7%D8%A4-%D8%A7%D9%84%D8%AF%D9%88%D9%84%D9%8A",
        "Level": "3"
    },
    {
        "EducationalStage": "HSL3",
        "HistoricalEra": "Colonial Era",
        "Topic": "مظاهر رفض الشعب الفلسطيني للكيان الصهيوني",
        "Content": "ا / سياسيا:\nب / عسكريا:\nاستنزاف وإرهاق القدرات القتالية للجيش الإسرائيلي",
        "Source": "https://www.topacademy-dz.com/Courses/ReadCourse/8/12/2504/%D8%A7%D9%84%D8%AB%D8%A7%D9%84%D8%AB%D8%A9-%D8%AB%D8%A7%D9%86%D9%88%D9%8A-%D8%A3%D8%AF%D8%A8-%D9%88-%D9%81%D9%84%D8%B3%D9%81%D8%A9-%D8%AA%D8%A7%D8%B1%D9%8A%D8%AE-%D9%88-%D8%AC%D8%BA%D8%B1%D8%A7%D9%81%D9%8A%D8%A7-%D9%81%D9%84%D8%B3%D8%B7%D9%8A%D9%86-%D9%85%D9%86-%D8%AA%D8%B5%D9%81%D9%8A%D8%A9-%D8%A7%D9%84%D8%A5%D8%B3%D8%AA%D8%B9%D9%85%D8%A7%D8%B1-%D8%A7%D9%84%D8%AA%D9%82%D9%84%D9%8A%D8%AF%D9%8A-%D8%A5%D9%84%D9%89-%D8%A7%D9%84%D9%87%D9%8A%D9%85%D9%86%D8%A9-%D8%A7%D9%84%D8%A3%D8%AD%D8%A7%D8%AF%D9%8A%D8%A9-%D9%88-%D8%A7%D9%84%D8%AA%D9%88%D8%A7%D8%B7%D8%A4-%D8%A7%D9%84%D8%AF%D9%88%D9%84%D9%8A",
        "Level": "3"
    },
    {
        "EducationalStage": "HSL3",
        "HistoricalEra": "Post-Independence Era",
        "Topic": "مسار الصراع العربي – الإسرائيلي 1967/1973",
        "Content": "أ / حرب 1967: هي مواجهة عسكرية بين القوات العربية المشتركة والجيش الإسرائيلي أيام 10-15 جوان 1967\nعرفت بحرب الستة أيام انتهت بتحطيم الجيش الإسرائيلي لجميع القدرات العسكرية المصرية والسورية واحتلال أراضي جديدة شملت صحراء سيناء المصرية، هضبة الجولان السورية، قطاع غزة والضفة الغربية إلى جانب القدس وبيت لحممن انعكاساتهاتفاقم محنة الفلسطينيين بمخيمات اللاجئين بضواحي مدن الطوق العربي وصدور قرار مجلس الأمن رقم 242 القاضي بسحب إسرائيل لقواتها المسلحة من الأراضي المحتلة عام 1967وراء الخط الأخضرمع ضرورة ضمان حرية الملاحة في قناة السويس المصرية.\nب / حرب 73:هي مواجهة عسكرية بين القوات العربية المشتركة والجيش الإسرائيلي تعرف بحرب رمضان أو 6 أكتوبر 1973 بدأت بعبور القوات المصرية نحو الضفة الشرقية لقناة السويس وتحرير الأجزاء اليسيرة من صحراء سيناء، انتهت الحرب في 25 أكتوبر 1973 بصدور قرار مجلس الأمن رقم 383 الذي نص على وقف إطلاق النار بين الجانبينمن انعكاساتها:",
        "Source": "https://www.topacademy-dz.com/Courses/ReadCourse/8/12/2504/%D8%A7%D9%84%D8%AB%D8%A7%D9%84%D8%AB%D8%A9-%D8%AB%D8%A7%D9%86%D9%88%D9%8A-%D8%A3%D8%AF%D8%A8-%D9%88-%D9%81%D9%84%D8%B3%D9%81%D8%A9-%D8%AA%D8%A7%D8%B1%D9%8A%D8%AE-%D9%88-%D8%AC%D8%BA%D8%B1%D8%A7%D9%81%D9%8A%D8%A7-%D9%81%D9%84%D8%B3%D8%B7%D9%8A%D9%86-%D9%85%D9%86-%D8%AA%D8%B5%D9%81%D9%8A%D8%A9-%D8%A7%D9%84%D8%A5%D8%B3%D8%AA%D8%B9%D9%85%D8%A7%D8%B1-%D8%A7%D9%84%D8%AA%D9%82%D9%84%D9%8A%D8%AF%D9%8A-%D8%A5%D9%84%D9%89-%D8%A7%D9%84%D9%87%D9%8A%D9%85%D9%86%D8%A9-%D8%A7%D9%84%D8%A3%D8%AD%D8%A7%D8%AF%D9%8A%D8%A9-%D9%88-%D8%A7%D9%84%D8%AA%D9%88%D8%A7%D8%B7%D8%A4-%D8%A7%D9%84%D8%AF%D9%88%D9%84%D9%8A",
        "Level": "3"
    },
    {
        "EducationalStage": "HSL3",
        "HistoricalEra": "Post-Independence Era",
        "Topic": "الانتفاضة ومسار التسوية السلمية للقضية الفلسطينية:",
        "Content": "الانتفاضة هي شكل من أشكال المقاومة التي طورها الشعب الفلسطيني في ظل الحصار الشامل، سلاحها الحجارة تفجرت في 08 ديسمبر 1987 سميتبانتفاضة أبناء الحجارة اتخذت صورا عدة كالإضرابات،والمظاهرات والمواجهة اليومية مع الجيش الإسرائيلي، من أهم آثارها:\n\nالاستنتاج: فلسطين قصية دولية معقدة حلها مؤجل إلى تاريخ لاحق.",
        "Source": "https://www.topacademy-dz.com/Courses/ReadCourse/8/12/2504/%D8%A7%D9%84%D8%AB%D8%A7%D9%84%D8%AB%D8%A9-%D8%AB%D8%A7%D9%86%D9%88%D9%8A-%D8%A3%D8%AF%D8%A8-%D9%88-%D9%81%D9%84%D8%B3%D9%81%D8%A9-%D8%AA%D8%A7%D8%B1%D9%8A%D8%AE-%D9%88-%D8%AC%D8%BA%D8%B1%D8%A7%D9%81%D9%8A%D8%A7-%D9%81%D9%84%D8%B3%D8%B7%D9%8A%D9%86-%D9%85%D9%86-%D8%AA%D8%B5%D9%81%D9%8A%D8%A9-%D8%A7%D9%84%D8%A5%D8%B3%D8%AA%D8%B9%D9%85%D8%A7%D8%B1-%D8%A7%D9%84%D8%AA%D9%82%D9%84%D9%8A%D8%AF%D9%8A-%D8%A5%D9%84%D9%89-%D8%A7%D9%84%D9%87%D9%8A%D9%85%D9%86%D8%A9-%D8%A7%D9%84%D8%A3%D8%AD%D8%A7%D8%AF%D9%8A%D8%A9-%D9%88-%D8%A7%D9%84%D8%AA%D9%88%D8%A7%D8%B7%D8%A4-%D8%A7%D9%84%D8%AF%D9%88%D9%84%D9%8A",
        "Level": "3"
    },
    {
        "EducationalStage": "HSL3",
        "HistoricalEra": "Post-Independence Era",
        "Topic": "مظاهر التواطؤ الدولي مع الحركة الصهيونية العالمية",
        "Content": "توقيع بريطانيا وفرنسا على اتفاقية سايكس-بيكو 1916.\nصدور وعد آرثر جيمس بلفور في 02/11/1917\nتعهد الحكومة البريطانية بإقامة وطن قومي لليهود بفلسطين.\nإلحاق فلسطين بمناطق الانتداب البريطاني عام 1920.\nالإعلان عن نهاية الانتداب البريطاني يوم 14 ماي 1948.\nالإعلان عن قيام دولة إسرائيل يوم 15 ماي 1948.\nاعتراف الدول الكبرى الو.م.أ و ا.س بإسرائيل بعد قيامها",
        "Source": "https://www.topacademy-dz.com/Courses/ReadCourse/8/12/2504/%D8%A7%D9%84%D8%AB%D8%A7%D9%84%D8%AB%D8%A9-%D8%AB%D8%A7%D9%86%D9%88%D9%8A-%D8%A3%D8%AF%D8%A8-%D9%88-%D9%81%D9%84%D8%B3%D9%81%D8%A9-%D8%AA%D8%A7%D8%B1%D9%8A%D8%AE-%D9%88-%D8%AC%D8%BA%D8%B1%D8%A7%D9%81%D9%8A%D8%A7-%D9%81%D9%84%D8%B3%D8%B7%D9%8A%D9%86-%D9%85%D9%86-%D8%AA%D8%B5%D9%81%D9%8A%D8%A9-%D8%A7%D9%84%D8%A5%D8%B3%D8%AA%D8%B9%D9%85%D8%A7%D8%B1-%D8%A7%D9%84%D8%AA%D9%82%D9%84%D9%8A%D8%AF%D9%8A-%D8%A5%D9%84%D9%89-%D8%A7%D9%84%D9%87%D9%8A%D9%85%D9%86%D8%A9-%D8%A7%D9%84%D8%A3%D8%AD%D8%A7%D8%AF%D9%8A%D8%A9-%D9%88-%D8%A7%D9%84%D8%AA%D9%88%D8%A7%D8%B7%D8%A4-%D8%A7%D9%84%D8%AF%D9%88%D9%84%D9%8A",
        "Level": "3"
    },
    {
        "EducationalStage": "HSL3",
        "HistoricalEra": "Post-Independence Era",
        "Topic": "مظاهر الرفض الفلسطيني للكيان الصهيوني المحتل",
        "Content": "تأسيس منظمة التحرير الفلسطينية في 26 ماي 1964 بالقاهرة.\nبداية الثورة الفلسطينية المسلحة في 01 جانفي 1965.\nاندلاع انتفاضة أبناء الحجارة في 17 ديسمبر 1987.\nاندلاع انتفاضة الأقصى عام 2000 دفاعا عن المقدسات الإسلامية.\nرفض حركة المقاومة الإسلامية-حماس-العملية السياسية كخيار استراتيجي لإعادة الحقوق للشعب الفلسطيني.",
        "Source": "https://www.topacademy-dz.com/Courses/ReadCourse/8/12/2504/%D8%A7%D9%84%D8%AB%D8%A7%D9%84%D8%AB%D8%A9-%D8%AB%D8%A7%D9%86%D9%88%D9%8A-%D8%A3%D8%AF%D8%A8-%D9%88-%D9%81%D9%84%D8%B3%D9%81%D8%A9-%D8%AA%D8%A7%D8%B1%D9%8A%D8%AE-%D9%88-%D8%AC%D8%BA%D8%B1%D8%A7%D9%81%D9%8A%D8%A7-%D9%81%D9%84%D8%B3%D8%B7%D9%8A%D9%86-%D9%85%D9%86-%D8%AA%D8%B5%D9%81%D9%8A%D8%A9-%D8%A7%D9%84%D8%A5%D8%B3%D8%AA%D8%B9%D9%85%D8%A7%D8%B1-%D8%A7%D9%84%D8%AA%D9%82%D9%84%D9%8A%D8%AF%D9%8A-%D8%A5%D9%84%D9%89-%D8%A7%D9%84%D9%87%D9%8A%D9%85%D9%86%D8%A9-%D8%A7%D9%84%D8%A3%D8%AD%D8%A7%D8%AF%D9%8A%D8%A9-%D9%88-%D8%A7%D9%84%D8%AA%D9%88%D8%A7%D8%B7%D8%A4-%D8%A7%D9%84%D8%AF%D9%88%D9%84%D9%8A",
        "Level": "3"
    }
]