{
    "book_name": "214156525.en.ar",
    "pages": [
        {
            "page": 1,
            "text": "214156525.en.ar"
        },
        {
            "page": 2,
            "text": "الصراع اللغوي في الجزائر من الاستعمار إلى ما بعد الاستقلال\r\nالتخصصات\r\nالتاريخ الأفريقي | اللغويات الأنثروبولوجية وعلم اللغة الاجتماعي | اللغويات المقارنة والتاريخية | دراسات\r\nالشرق الأدنى والأوسط |\r\nالتاريخ السياسي\r\nhttp://repository.upenn.edu/nelc_papers/40;Scholarly Commons هذه المراجعة متاحة على"
        },
        {
            "page": 3,
            "text": "بترابح، محمد الصراع اللغوي في الجزائر من الاستعمار إلى ما بعد الاستعمار\r\nاستقلال بریستول مسائل متعددة اللغات 2013 المجلد الرابع عشر + 199 ص 0964847691978\r\nفي خطابه أمام جمهور في بيروت عام 1961، مع انتهاء حرب الجزائر من أجل الاستقلال.\r\nاعتذر الكاتب والمناضل الثوري الجزائري مالك حداد عن عدم مشاركته في إتقان اللغة العربية من خلال توضيح أن اللغة الفرنسية هي منفاي\" (ص 137).\r\nوألمح تعليق حداد إلى أزمة الهوية التي عانى منها الجزائريون وهم يحاولون التخلص من الاستعمار الفرنسي إن أزمة الهوية هذه التي لا تزال مستمرة حتى اليوم، تعكس عدم اليقين الشديد بشأن اللغة أو اللغات التي ينبغي للجزائريين استخدامها -\r\nالأكثر أصالة أو الأكثر شرعية - القراءة والكتابة والتفكير والتحدث أمام الجمهور والدراسة العلم، أو الدعاء إلى الله، أو حتى الهمس لعشاقهم (ص 78) المتنافسون الرئيسيون\r\nشملت اللغة الفرنسية، لغة المستعمرين واللغة العربية الكلاسيكية والأدبية. لغة القرآن الكريم والتعاليم الإسلامية العليا أو الأشكال العامية للغة العربية و اللغة البربرية، التي كان الجزائريون يتحدثونها تقليدياً ولكن لم يكتبوها أبداً.\r\nفي الصراع اللغوي في الجزائر، محمد بن رباح يستعرض ما يقرب من عامين قرون من السياسة اللغوية والثقافة اللغوية في الجزائر، منذ عشية الثورة الجزائرية. الغزو الاستعماري الفرنسي من عام 1830 حتى عام 2012. ويطلق على كتابه دراسة \"استخدام اللغة كبديل للصراع (ص (14)، وتفحص ثلاث فترات. وهي أولا\r\nعصر الاستعباد الاستعماري الفرنسي للجزائريين الأصليين (1830) - حوالي (1954)، عندما لقد عمل الحكام الفرنسيون على نشر اللغة الفرنسية ثانيا: سنوات حرب الجزائر من أجل الاستقلال (1954-1962)، عندما عانى القوميون وتجادلوا حول مستقبل البلاد وثالثاً\r\nفترة ما بعد الاستعمار (1962) حتى الآن، عندما حاولت الأنظمة الجزائرية تشكيل الجزائر إلى دولة قومية عربية\" من خلال تعزيز اللغة العربية الأدبية."
        },
        {
            "page": 4,
            "text": "بترابح، محمد الصراع اللغوي في الجزائر من الاستعمار إلى ما بعد الاستعمار\r\nاستقلال بریستول مسائل متعددة اللغات 2013 المجلد الرابع عشر + 199 ص 0964847691978\r\nفي خطابه أمام جمهور في بيروت عام 1961، مع انتهاء حرب الجزائر من أجل الاستقلال.\r\nاعتذر الكاتب والمناضل الثوري الجزائري مالك حداد عن عدم مشاركته في إتقان اللغة العربية من خلال توضيح أن اللغة الفرنسية هي منفاي\" (ص 137).\r\nوألمح تعليق حداد إلى أزمة الهوية التي عانى منها الجزائريون وهم يحاولون التخلص من الاستعمار الفرنسي إن أزمة الهوية هذه التي لا تزال مستمرة حتى اليوم، تعكس عدم اليقين الشديد بشأن اللغة أو اللغات التي ينبغي للجزائريين استخدامها -\r\nالأكثر أصالة أو الأكثر شرعية - القراءة والكتابة والتفكير والتحدث أمام الجمهور والدراسة العلم، أو الدعاء إلى الله، أو حتى الهمس لعشاقهم (ص 78) المتنافسون الرئيسيون\r\nشملت اللغة الفرنسية، لغة المستعمرين واللغة العربية الكلاسيكية والأدبية. لغة القرآن الكريم والتعاليم الإسلامية العليا أو الأشكال العامية للغة العربية و اللغة البربرية، التي كان الجزائريون يتحدثونها تقليدياً ولكن لم يكتبوها أبداً.\r\nفي الصراع اللغوي في الجزائر، محمد بن رباح يستعرض ما يقرب من عامين قرون من السياسة اللغوية والثقافة اللغوية في الجزائر، منذ عشية الثورة الجزائرية. الغزو الاستعماري الفرنسي من عام 1830 حتى عام 2012. ويطلق على كتابه دراسة \"استخدام اللغة كبديل للصراع (ص (14)، وتفحص ثلاث فترات. وهي أولا\r\nعصر الاستعباد الاستعماري الفرنسي للجزائريين الأصليين (1830) - حوالي (1954)، عندما لقد عمل الحكام الفرنسيون على نشر اللغة الفرنسية ثانيا: سنوات حرب الجزائر من أجل الاستقلال (1954-1962)، عندما عانى القوميون وتجادلوا حول مستقبل البلاد وثالثاً\r\nفترة ما بعد الاستعمار (1962) حتى الآن، عندما حاولت الأنظمة الجزائرية تشكيل الجزائر إلى دولة قومية عربية\" من خلال تعزيز اللغة العربية الأدبية."
        },
        {
            "page": 5,
            "text": "ومن المرجح أن تقول سياسات التعريب في أيامنا هذه إن مصر أخذت كلام المبعوث على محمل الجد.\r\nإرسال العديد من المعلمين العرب ذوي الخلفية الثقافية المحدودة والذين تعاطفوا مع الإخوان المسلمون وهي منظمة تم حظرها رسمياً في مصر نفسها في هذا الوقت ويواصل المنتقدون القول إن هؤلاء المعلمين المصريين المستوردين زرعوا الإسلاموية بين تلاميذ المدارس الجزائرية بطرق أثمرت ثماراً مريرة خلال الحرب الأهلية الجزائرية في عام 1950.\r\nفي تسعينيات القرن العشرين عندما امتلأت صفوف الشباب المستعربين\" الساخطين والعاطلين عن العمل المحرضين وهم واقفون على منصات إسلامية.\r\nفي أواخر القرن العشرين كافح خريجو المدارس العامة العربية\r\nالعثور على وظائف لائقة. وذهبت أفضل الوظائف بدلاً من ذلك إلى أبناء الأثرياء وذوي العلاقات الجيدة. الجزائريون الذين تمكنوا بإصرار - على الرغم من تقلبات السياسة الحكومية - من\r\nالتعليم الآمن باللغة الفرنسية. وبالتالي تقديم حالة كلاسيكية لما يسميه علماء الاجتماع اللغويون \"الانغلاق النخبوي\". وكانت النتيجة نوعاً من الصراع الطبقي الذي يتبع خطوطاً لغوية. في أوائل تسعينيات القرن العشرين. كانت هناك نزاعات لغوية أخرى تشتعل أيضا، حيث بدأ بعض الناشطين في الهوية بشكل أكثر وضوحاً مع الهويات اللغوية البربرية أو التأكيد على اللهجة العامية الجزائرية اللغة العربية كوسيلة للتعبير الفني، على سبيل المثال في راي الموسيقى. وفي الوقت نفسه. كما اكتسبت اللغة الإنجليزية أرضية. ومن المثير للدهشة أن بعض أنصار اللغة الإنجليزية كانوا من العرب الإسلاميين. الذين اعتبروها لغة أجنبية أو \"عالمية\" أكثر ملاءمة من الفرنسية.\r\nكما أصبحت اللغة الإنجليزية مهمة في مجال الأعمال التجارية، باعتبارها لغة المستعمرين. صناعة النفط الجزائرية.\r\nکفی يختتم بن رباح بعد كل هذه السنوات من الحرب مع اللغة، يجب على الجزائريين أن يتصالحوا مع أنفسهم من خلال قبول التعدد اللغوي - بداية من خلال الاعتراف بالأشكال الجزائرية الأصلية للغة العربية المنطوقة والبربرية باعتبارها أشكالاً تعليمية. لبنات البناء للأطفال الصغار في المدارس. ومن هذا الأساس يمكن للأطفال أن يستمروا"
        },
        {
            "page": 6,
            "text": "ومن المرجح أن تقول سياسات التعريب في أيامنا هذه إن مصر أخذت كلام المبعوث على محمل الجد.\r\nإرسال العديد من المعلمين العرب ذوي الخلفية الثقافية المحدودة والذين تعاطفوا مع الإخوان المسلمون وهي منظمة تم حظرها رسمياً في مصر نفسها في هذا الوقت ويواصل المنتقدون القول إن هؤلاء المعلمين المصريين المستوردين زرعوا الإسلاموية بين تلاميذ المدارس الجزائرية بطرق أثمرت ثماراً مريرة خلال الحرب الأهلية الجزائرية في عام 1950.\r\nفي تسعينيات القرن العشرين عندما امتلأت صفوف الشباب المستعربين\" الساخطين والعاطلين عن العمل المحرضين وهم واقفون على منصات إسلامية.\r\nفي أواخر القرن العشرين كافح خريجو المدارس العامة العربية\r\nالعثور على وظائف لائقة. وذهبت أفضل الوظائف بدلاً من ذلك إلى أبناء الأثرياء وذوي العلاقات الجيدة. الجزائريون الذين تمكنوا بإصرار - على الرغم من تقلبات السياسة الحكومية - من\r\nالتعليم الآمن باللغة الفرنسية. وبالتالي تقديم حالة كلاسيكية لما يسميه علماء الاجتماع اللغويون \"الانغلاق النخبوي\". وكانت النتيجة نوعاً من الصراع الطبقي الذي يتبع خطوطاً لغوية. في أوائل تسعينيات القرن العشرين. كانت هناك نزاعات لغوية أخرى تشتعل أيضا، حيث بدأ بعض الناشطين في الهوية بشكل أكثر وضوحاً مع الهويات اللغوية البربرية أو التأكيد على اللهجة العامية الجزائرية اللغة العربية كوسيلة للتعبير الفني، على سبيل المثال في راي الموسيقى. وفي الوقت نفسه. كما اكتسبت اللغة الإنجليزية أرضية. ومن المثير للدهشة أن بعض أنصار اللغة الإنجليزية كانوا من العرب الإسلاميين. الذين اعتبروها لغة أجنبية أو \"عالمية\" أكثر ملاءمة من الفرنسية.\r\nكما أصبحت اللغة الإنجليزية مهمة في مجال الأعمال التجارية، باعتبارها لغة المستعمرين. صناعة النفط الجزائرية.\r\nکفی يختتم بن رباح بعد كل هذه السنوات من الحرب مع اللغة، يجب على الجزائريين أن يتصالحوا مع أنفسهم من خلال قبول التعدد اللغوي - بداية من خلال الاعتراف بالأشكال الجزائرية الأصلية للغة العربية المنطوقة والبربرية باعتبارها أشكالاً تعليمية. لبنات البناء للأطفال الصغار في المدارس. ومن هذا الأساس يمكن للأطفال أن يستمروا"
        }
    ]
}