[
    {
        "EducationalStage": "HSS2",
        "HistoricalEra": "Colonial Era",
        "Topic": "عوامل المواجهة العسكرية الأوروبية الأولى و إنعكاساتها",
        "Content": "الظروف :في ظل التوتر الداخلي و تفاقم مشتاكل أوروبا و خلافاتها تزايد التنافس بين الدول الأوروبية حول مناطق النفوذ بين روسيا و النمسسا و البلقان من جة و فرنسا و ألمانيا في المغرب من جهة ثانية و الذي تغذيه رواسب مشكلة الألزاس و اللورين . وحرص بريطانيا على خلق التوازن و ضمان المصالح ، كانت أوروبا تتجه نحو الحرب أمام تصاعد المشاعر القومية وتنامي القدرات العسكرية .",
        "Source": "https://www.topacademy-dz.com/Courses/ReadCourse/2/12/4494/%D8%A7%D9%84%D8%AB%D8%A2%D9%86%D9%8A%D8%A9-%D8%AB%D8%A7%D9%86%D9%88%D9%8A-%D8%B9%D9%84%D9%88%D9%85-%D8%B7%D8%A8%D9%8A%D8%B9%D8%A9--%D8%AA%D8%A7%D8%B1%D9%8A%D8%AE-%D9%88-%D8%AC%D8%BA%D8%B1%D8%A7%D9%81%D9%8A%D8%A7-%D8%A7%D9%84%D9%85%D9%88%D8%A7%D8%AC%D9%87%D8%A9-%D8%A7%D9%84%D8%B9%D8%B3%D9%83%D8%B1%D9%8A%D8%A9-%D8%A7%D9%84%D8%A3%D9%88%D8%B1%D8%A8%D9%8A%D8%A9-%D8%A7%D9%84%D8%A3%D9%88%D9%84%D9%89-1914-1918",
        "Level": "3"
    },
    {
        "EducationalStage": "HSS2",
        "HistoricalEra": "Colonial Era",
        "Topic": "الأسباب",
        "Content": "الأسباب غير المباشرة للكواهة العسكرية الأوروبية الأولى:\nفشل سياسة التحافات والمؤتمرات التي لم تضع الحلول الجذرية لمشاكل أوروبا و أزماتها .\nثصادم المصالح الإقتصادية بين القوى الأوروبية الكبرى لتأمين الأسواق و المواقع الإستراتيجية .\nإصراركل طرف على ضمان التفوق العسكري دفع إلى زيادة وتيرة السباق نحو التسلح مما تسبب في اختلال التوازن بين القوى الأوروبية القديمة و الحديثة .\nالتعبئة الإعلامية الشاملة و إعداد الشعوب لمواجهة عسكرية محتملة .\nتحول الشعور القومي إلى شعوروطني ضيق بلغ حد التعصب .\nإنقسام أوروبا إلى كتلتين متصارعتين.",
        "Source": "https://www.topacademy-dz.com/Courses/ReadCourse/2/12/4494/%D8%A7%D9%84%D8%AB%D8%A2%D9%86%D9%8A%D8%A9-%D8%AB%D8%A7%D9%86%D9%88%D9%8A-%D8%B9%D9%84%D9%88%D9%85-%D8%B7%D8%A8%D9%8A%D8%B9%D8%A9--%D8%AA%D8%A7%D8%B1%D9%8A%D8%AE-%D9%88-%D8%AC%D8%BA%D8%B1%D8%A7%D9%81%D9%8A%D8%A7-%D8%A7%D9%84%D9%85%D9%88%D8%A7%D8%AC%D9%87%D8%A9-%D8%A7%D9%84%D8%B9%D8%B3%D9%83%D8%B1%D9%8A%D8%A9-%D8%A7%D9%84%D8%A3%D9%88%D8%B1%D8%A8%D9%8A%D8%A9-%D8%A7%D9%84%D8%A3%D9%88%D9%84%D9%89-1914-1918",
        "Level": "3"
    },
    {
        "EducationalStage": "HSS2",
        "HistoricalEra": "Colonial Era",
        "Topic": "السبب المباشر للمواجهة العسكرية الأولى",
        "Content": "أثناء زيارة ولي عهد الإمبراورية النمساوية المجرية الأرشدوق :فرانسوا فرديناند\"في 28 جوان 1914لمدينة سراجبفوا عاصمة البوسنة ،تعرض لإعتداء من قبل أحد الطلبة البوسنين ، أدى إلى مقتله ، فإعتبرت السلطات النمساوية أن صربيا هي المسؤولة عن ذلك خاصة و أن النمسا كانت تتهم صربيا بالعمل ضدها في البوسنة و الهرسك .\nفكان الحادث ذريعة للنمسا لإعلان الحرب و لألمانيا لإستعراض قوتها و فرصة لبريطانيا و فرنسا لإستعادة التوازن في أوروبا و هكذا إعتبرالحادث سببا مباشرا لقيام المواجهة العسكرية الأولى في 28جويلية 1914.",
        "Source": "https://www.topacademy-dz.com/Courses/ReadCourse/2/12/4494/%D8%A7%D9%84%D8%AB%D8%A2%D9%86%D9%8A%D8%A9-%D8%AB%D8%A7%D9%86%D9%88%D9%8A-%D8%B9%D9%84%D9%88%D9%85-%D8%B7%D8%A8%D9%8A%D8%B9%D8%A9--%D8%AA%D8%A7%D8%B1%D9%8A%D8%AE-%D9%88-%D8%AC%D8%BA%D8%B1%D8%A7%D9%81%D9%8A%D8%A7-%D8%A7%D9%84%D9%85%D9%88%D8%A7%D8%AC%D9%87%D8%A9-%D8%A7%D9%84%D8%B9%D8%B3%D9%83%D8%B1%D9%8A%D8%A9-%D8%A7%D9%84%D8%A3%D9%88%D8%B1%D8%A8%D9%8A%D8%A9-%D8%A7%D9%84%D8%A3%D9%88%D9%84%D9%89-1914-1918",
        "Level": "3"
    },
    {
        "EducationalStage": "HSS2",
        "HistoricalEra": "Colonial Era",
        "Topic": "أطراف المواجهة",
        "Content": "دول الوفاق :فرنسا، بريطانيا،روسيا (التي إنسحبت 1917) ، الصرب، الجبل الأسود، اليابان، إيطاليا (التي إنضمت 1915)،اليونان، بيلجيكيا ، رومانيا،البرازيل ، الو.م.أ1917، الحجاز، البلاد العربية المستعمرة من طرف بريطاميا و فرنسا.\nدول الحلف: ألمانيا ، النمسا، الدولة العثمانية ، بلغاريا.",
        "Source": "https://www.topacademy-dz.com/Courses/ReadCourse/2/12/4494/%D8%A7%D9%84%D8%AB%D8%A2%D9%86%D9%8A%D8%A9-%D8%AB%D8%A7%D9%86%D9%88%D9%8A-%D8%B9%D9%84%D9%88%D9%85-%D8%B7%D8%A8%D9%8A%D8%B9%D8%A9--%D8%AA%D8%A7%D8%B1%D9%8A%D8%AE-%D9%88-%D8%AC%D8%BA%D8%B1%D8%A7%D9%81%D9%8A%D8%A7-%D8%A7%D9%84%D9%85%D9%88%D8%A7%D8%AC%D9%87%D8%A9-%D8%A7%D9%84%D8%B9%D8%B3%D9%83%D8%B1%D9%8A%D8%A9-%D8%A7%D9%84%D8%A3%D9%88%D8%B1%D8%A8%D9%8A%D8%A9-%D8%A7%D9%84%D8%A3%D9%88%D9%84%D9%89-1914-1918",
        "Level": "3"
    },
    {
        "EducationalStage": "HSS2",
        "HistoricalEra": "Colonial Era",
        "Topic": "تطور المواجهة العسكرية الأولى",
        "Content": "دور التطور الصناعي و التكنولوجي في تغذية المجابهات.\nالتحكم في المنافذ و أثره في رجحان كفة الصراع لصالح أحد الأطراف دون الآخر .\nدور الحركة الصهيونية في إبعاد روسيا بعد نجاح الثورة البلشفية وجر الو.م.أإلى المجابهة.\nدخول الو.م. أبما تملثهمن ثقل عسكري و إقتصادي عجل بنهاية المجابهة .\nتصدع الجبهة الشرقية للوفاق بعد عقد روسيا لمعاهدة بريست ليتوفسك ،1918، حيث فتح المجال لحلفاء ألمانيا في الشرق (الدولة العثمانيةو النمسا ) في السيطرة على  الجبهة الشرقية للوفاق .\nتحول مركز ثقل الحركة الصهيونية من أوروبا الشرقية و الوسطى بشل النشاط الإقتصادي والمالي لكل من النمسا و ألمانيا و التعاون مع بريطانيا و الضغط على المسؤولين فيها للحصول على الوطن القومي لليهود في فلسطين 1917.\nتغير الخارطة السياسيةلآوروبا بظهور دول جديدة.\n\nإنطلاق المواجهة العسكرية .\nتعدد الأطراف .\nتعدد  الجبهات البرية والبحرية.\nتعدد أساليب المواجهة العسكرية (الحدودية، الخنادق).\nفشل الأطراف المتصارعة في تحقيق إتنصارات ساحقة رغم مضي سنتين من المجابهة .\nالتركيز على التحكم في  أهم المنافذ الإستراتيجية  لضمان الإنتصار.\nتنامي أطراف الحرب بتطورها وفقا لمصالح الجانبين .\nأستخدام السلاح الحصار البحري و الغواصات  لشل إقتصاد الخصم\nبروز عوامل جديدة أثرت على ميزان القوى و مساارالمجابهة ( إنسحاب روسيا ، و دخول الو.م.أسنة 1917).\nدعم الحركة الصهيونية لموقف دول الوفاق و العمل على إضعاف دول الحلف الثلاثي.\nتنكر بريطانيا لوعودها تجاه عرب المشرق و الذهاب إلى عد تقسيم الأراضي العربية من خلال معاهدة سايكس بيكو 1916 ووعد بلفور 1917، ومؤتمر سان ريمون 1920\nرفض إشراك وفودالمستعمرات في مؤتمر الصلح مما رتب خيبة أمل شعوب المستعمرات ، في الشعاراتو مبادئ \"ويلسن\"مما أحدث أزمات للدول الإستعمارية.\nتوسع الفكر التحرري و التضامن بين شعوب المستعمرات .\nتأثر المستوى الإقتصادي و الإجتماعي للشعوب الأوروبية مما أدى إلى إكتساح الأحزاب اليسارية للساحة االسياسية من جهة و تشديد القبضة الأ,روبية على المستعمرات من جهة أخرى.\nنمو القوة اليابانية  كمزاحم للدول الأوروبية و الو.م.أ خاصة بعد عودتها من مؤتمرالصلح .\nنهاية الحرب لصالح الوفاق و إنعقاد مؤتمر الصلح 1919م.\nة الشرق الأقصى و بعض المستعمرات .\nاستغلال بريطانيا و فرنسا المشاعر القومية العربية لدفع رب المشرق للتمرد على الدولة العثمانية و توظيف الموقف العربي لخدمة المصالح الإستراتيجية و الإقتصادية (البريطانية و الفرنسية)إتساع نجال الحرب بإتجاه البلاد العربية .\nمحدودية مجال الحرب و أطرافها في الشرق الأقصى .\nظلت المستعمرات طيلة المجابهة العسكرية مركز تنشيط جبهات الحرب (جغرافيا ،إقتصاديا و و بشريا ) في شمال إفريقيا ، إفريقيا وجنوب الصحراء).\nتحولت المواجهة الأوروبية إلى حرب عالمية فهي حرب أوروبية بأسبابها و أهدافها عالمية بنتائجها.",
        "Source": "https://www.topacademy-dz.com/Courses/ReadCourse/2/12/4494/%D8%A7%D9%84%D8%AB%D8%A2%D9%86%D9%8A%D8%A9-%D8%AB%D8%A7%D9%86%D9%88%D9%8A-%D8%B9%D9%84%D9%88%D9%85-%D8%B7%D8%A8%D9%8A%D8%B9%D8%A9--%D8%AA%D8%A7%D8%B1%D9%8A%D8%AE-%D9%88-%D8%AC%D8%BA%D8%B1%D8%A7%D9%81%D9%8A%D8%A7-%D8%A7%D9%84%D9%85%D9%88%D8%A7%D8%AC%D9%87%D8%A9-%D8%A7%D9%84%D8%B9%D8%B3%D9%83%D8%B1%D9%8A%D8%A9-%D8%A7%D9%84%D8%A3%D9%88%D8%B1%D8%A8%D9%8A%D8%A9-%D8%A7%D9%84%D8%A3%D9%88%D9%84%D9%89-1914-1918",
        "Level": "3"
    },
    {
        "EducationalStage": "HSS2",
        "HistoricalEra": "Colonial Era",
        "Topic": "الإتفاقيات السرية بين الدول الإستعمارية و بعض الوعود التي قطعتها لحافائها",
        "Content": "إتفاقية لندن 26 أفريا 1915.\nمراسلات حسين-ماكماهون 24 أكتوبر 1915.\nإتفاقية سايكس بيكو 16 ماي 1916.\nوعد بلفور 02نوفمبر 1917.",
        "Source": "https://www.topacademy-dz.com/Courses/ReadCourse/2/12/4494/%D8%A7%D9%84%D8%AB%D8%A2%D9%86%D9%8A%D8%A9-%D8%AB%D8%A7%D9%86%D9%88%D9%8A-%D8%B9%D9%84%D9%88%D9%85-%D8%B7%D8%A8%D9%8A%D8%B9%D8%A9--%D8%AA%D8%A7%D8%B1%D9%8A%D8%AE-%D9%88-%D8%AC%D8%BA%D8%B1%D8%A7%D9%81%D9%8A%D8%A7-%D8%A7%D9%84%D9%85%D9%88%D8%A7%D8%AC%D9%87%D8%A9-%D8%A7%D9%84%D8%B9%D8%B3%D9%83%D8%B1%D9%8A%D8%A9-%D8%A7%D9%84%D8%A3%D9%88%D8%B1%D8%A8%D9%8A%D8%A9-%D8%A7%D9%84%D8%A3%D9%88%D9%84%D9%89-1914-1918",
        "Level": "3"
    },
    {
        "EducationalStage": "HSS2",
        "HistoricalEra": "Colonial Era",
        "Topic": "الأزمات الناتجة عن المواجهةالعسكرية الأوروبية الأولى",
        "Content": "المعاهدات :فرض مؤتمر الصلح مجموعة من المعاهدات ذات الشروط القاسية على الدول المنهزمة و مست جوانب مختلفة (إقتصاية، عسكرية ،سياسية و إقليمية) ، كانت جائزةفي حق شعوب هذه الدول و في مقدمتها معاهدة فرساي مع ألمانيا الحاملة لحل الأزمات التالية:\nعصبة الأمم :نسبت عصبة الأمم إلى أحد مبادئ ولسن كأحد أسس النظام الدولي بعد الحرب لتنظيم سير العلاقات الدولية ، لكن ظروف تأسيسها و أجهزتها و طرق إتخاذ القرارات بها أضعف من دورها.\nأزمة الأقليات: نتج عن إعادة رسم الخريطة السياسية لآروبا إعادة توزيع القوميات و الأقليات بين الدول المشكلة حديثا ،فأصبحت بعض الشعوب أقليات في دول أخرى و كونت بعض الأقليات دولا قومية ، فنتجت عنها بذور حقد جديدة مثل (يوغسلافيا ، بولونيا ،ألمانيا و روسيا ).\nالسباق نحو التسلح :إذا كان مؤتمر الصلح قد نزع سلاح الدول المنهزمة بالقوة فإنه لم يلزم الدول المنتصرة بتحديد قوتها ، و رغم تأكيد إتفاقية \"لوكارنو\"1925على مبدأنزع السلاح ، إلا أن أعضاء اللجنة الخماسية المكلفة لم تستطع أن تقر خطة نزع السلاح ، مما دفع ألمانيا إلى المطالبة بإعادة تسلحها.\nالأزمة الإقتصادية العالمية 1929: لقد إهتزت الأنظمة الديمقراطية الحرة بفعل الأزمة الإقتصادية و أعطت المكانة للأنظمة الفردية التي بدأت تفكر في المجالات الحيوية و العمل من أجل تحقيقها .و كان من الطبيعي أن تصطدم أطماع هذه الدول مع إرادة الشعوب القاطنة بها من جهة ، و مع مصالح الدول المستفيدة بالوضع القائم.\nالأنظمة الوطنية الفردية : ترتب عن مؤتمر الصلح و الأزمة الإقتصادية العالمية أوضاع إقتصادية و إجتماعية متردية ، مما ساعد علىنمو التيرات الوطنية التي عملت على تعبئة الجماهير و التطلع إلىتحقيق طموحاتها ، بإعادة إعمار دولها ، واستعادة ما أخذ منها بسبب المعاهدات الجائرة ، و السعي إلى تكوين إمبراطوريات على حساب فرنسا و بريطانيا مما أدى إلى التقارب بين بعضها فظهرت من جديد سياسة التحالف و التكتل.",
        "Source": "https://www.topacademy-dz.com/Courses/ReadCourse/2/12/4494/%D8%A7%D9%84%D8%AB%D8%A2%D9%86%D9%8A%D8%A9-%D8%AB%D8%A7%D9%86%D9%88%D9%8A-%D8%B9%D9%84%D9%88%D9%85-%D8%B7%D8%A8%D9%8A%D8%B9%D8%A9--%D8%AA%D8%A7%D8%B1%D9%8A%D8%AE-%D9%88-%D8%AC%D8%BA%D8%B1%D8%A7%D9%81%D9%8A%D8%A7-%D8%A7%D9%84%D9%85%D9%88%D8%A7%D8%AC%D9%87%D8%A9-%D8%A7%D9%84%D8%B9%D8%B3%D9%83%D8%B1%D9%8A%D8%A9-%D8%A7%D9%84%D8%A3%D9%88%D8%B1%D8%A8%D9%8A%D8%A9-%D8%A7%D9%84%D8%A3%D9%88%D9%84%D9%89-1914-1918",
        "Level": "3"
    },
    {
        "EducationalStage": "HSS2",
        "HistoricalEra": "Colonial Era",
        "Topic": "تطورات المواجهة العسكرية الثانية",
        "Content": "نهاية النظام الدولي الذي تأسس في أعقاب مؤتمر الصلح.\nإدراك الحلفاء لخسارتهم للإتحاد السوفياتي .\nالإستعداد الكبير و الروح الإنتقامية العالمية لألمانيا .\nإنهيار أسطورة فرنسا التي لا تهزم .\nأثر صمود بريطانيا في بدء حركة المقاومة ضد الإحتلال النازي في هولاندا وبيلجيكيا , و النرويج .\nتفكير الو.م.أ في تغير إستراتجيتها من موضوع الحرب .\nتوسع الحرب مجالا و أطرافا .\nميلاد الميثاق الأطلسي في 14 أوت 1941و أبعاده الدولية .\nالهجوم لألماني على بولونيا و إعلان بداية المواجهة العسكرية الثانية في 01/09/1939.\nإعلان بريطانيا و فرنسا الحرب على ألمانيا في 03 سيبتمبر 1939.\nإقتحام الإتحاد السوفياتي لأراضي بولونيا في 17 سبتمبر 1939 تنفيذا للإتفاقية السوفيتية الجرمانية.\nالهجوم الألماني على الدول الإسكندنافية أفريل 1940.و على هولاندا ، بيلجيكا و فرنسا ماي 1940. دخول إيطاليا الحرب إلى جانب ألمانيا في 10 جوان 1940.\nمعركة بريطانيا جويلية-أكتوبر 1940الهجوم الغإطالي على القوات البريطانية في سبتمبر 1940.\nالهجوم الإيطالي الألماني على البلقان في أفريل 1941.\nبداية حملة بربروسا و نقصض معاهدة عدم الإعتداء في 22جوان 1941.\nضرب القاعدة العسكرية الأمريكية \"بيرل هاربر\"من طرف اليابان  في 07 سبتمبر 1941.\nدخول اليابان الحرب و توسعه في شرق و جنوب شرق آسيا و المحيط الهادي.\nتغيير موازين القوى و بداية الدور العالمي للولايات المتحة الأمريكية .\nنعقاد مؤتمر واشنطن 22 ديسمبر 1941.إلى 14 جانفي 1942(وضع الاسس الأولى لهيئة الأمم المتحدة ).\nبعث النشاط الحركة الوطنية الجزائرية .\nتحكم الحلفاء في مسار الحرب .\nتوقف زحف المحور في الجبهة الجنوبية لأروبا.\nإنعقاد مؤتمر الدار البيضاء 09 جانفي 1943 و تثبيت وجود الحلفاء في شمال إفريقيا .\nتفوق الو.م.أو إنحسار النفوذ الياباني .\nدخول الإتحاد السوفياتي الحرب في شتاء 1941.\nدخول الو.م.أ الحرب في 08ديسمبر 1941\nصمود بريطانيا من جوان 1940إلى 1941.\nانتصار الحلفاء في معركة العلمين 23 أكتوبر 1942.\nنزول الحلفاء بشمال إفريقيا(عملية طورش ) 08 نوفمبر1942.\nتوقف الزحف الياباني في آسيا و المحيط الهادي فيفري 1943.\nتحول حاسم في مسار الحرب لصالح الحلفاء .\nنهاية الحرب في الجبهة الجنوبية لأروبا (جبهة البحر الأبيض المتوسط).\nغنعقاد مؤتمر طهران الذي أنهى الشكوك القائمة بين الإتحاد السوفياتي و الأنجلوساكسون .\nإنعقاد مؤتمر يالطا 04-11/ 02 /1945الذي حضر لعالم ما بعد الحرب .\nإنعقاد مؤتمر بوتسدام من 17 /07 إلى 02/ 08 /1945، و الذي وضع أسس لنظام دولي و ظهور بوادر الخلاف .\nإنعقاد مؤتمر سان فرانسيسكو من 25/ 04 إلى 25/ 06 1945أحداث تنظيما دوليا جديدا .\nالمواجهة العسكرية الأوروبية التي إنطلقت بأسبابها و أهدافها ، تحولت غلى عالمية بمجالها و أطرافها و نتائجها.\nتغيير الخارطة السياسية و موازين القوى و تشكيل نظام دولي جديد\nعودة الحرب الباردة.\nإنهزام ألمانيا في معركة ستالين قراد في 02/021943.\nاستسلام إيطاليا في 03 09/1943.\nنزول الحلفاء في الساحل النور.\nتحرير دول أوروبا الشرقية 1944-1945.من طرف الجيش الأحمر السوفياتي\nاستسلام ألمانيا في 07/05/1945\nإعلان الإتحاد ماندي في 06/06/1944و تحرير أوروبا الغربية .\nإعلان الإتحاد السوفياتي الحرب على اليابان في 08/05/1945.\nقنبلة الو.م.أ على لمدن اليابانية (هيرووشيماو ناكازاكي)، 06و 09/081945بهدف إنهاء الحرب على آسيا و توجيه إنذار إلى الإتحاد السوفياتي  .\nنهاية المواجهة العسكرية الثانية العالمية في 02سبتمبر 1945بعد توقيع اليابان لمعاهدة الإستسلام .\nتحولت المواجهات العسكرية التي كانت أوروبية  الأهداف و الأسباب غلى حرب عالمية المجال و الإمكانات و النتائج.",
        "Source": "https://www.topacademy-dz.com/Courses/ReadCourse/2/12/4495/%D8%A7%D9%84%D8%AB%D8%A2%D9%86%D9%8A%D8%A9-%D8%AB%D8%A7%D9%86%D9%88%D9%8A-%D8%B9%D9%84%D9%88%D9%85-%D8%B7%D8%A8%D9%8A%D8%B9%D8%A9--%D8%AA%D8%A7%D8%B1%D9%8A%D8%AE-%D9%88-%D8%AC%D8%BA%D8%B1%D8%A7%D9%81%D9%8A%D8%A7-%D8%A7%D9%84%D9%85%D9%88%D8%A7%D8%AC%D9%87%D8%A9-%D8%A7%D9%84%D8%B9%D8%B3%D9%83%D8%B1%D9%8A%D8%A9-%D8%A7%D9%84%D8%A3%D9%88%D8%B1%D8%A8%D9%8A%D8%A9-%D8%A7%D9%84%D8%A3%D9%88%D8%B1%D8%A8%D9%8A%D8%A9-%D8%A7%D9%84%D8%AB%D8%A7%D9%86%D9%8A%D8%A9-1939-1945",
        "Level": "3"
    },
    {
        "EducationalStage": "HSS2",
        "HistoricalEra": "Colonial Era",
        "Topic": "واقع العالم عقب المواجهة العسكرية الثانية",
        "Content": "لقد إتسمت المواجهة العسكرية الثانية 1939 /1945بعدة خصائص أهمها:\nأنها أوروبية الأسباب و الغايات ، عالمية المجال و النتائج حملت للبشرية وزر نتائجها .\nالإتساع و الشمولية : ذلك أن هذه الحرب قد تعددت أطرافها و مجالها الجغرافي .\nتخطت الحدود العسكرية إلى القطاعات المدنية العمران و المنشآت الإقتصادية .\nتوظيفها للمنجزات العلمية في مجال التدمير .\nتجاوزها للمفاهيم و القيم الاخلاقية لتبرز السلوك العدواني في الإنسان .\nفكان من الطبيعي أن تكون حصيلتها جسمية و تأثيراتها عمت جميع المجالات منها:\nالحصيلة الإقتصادية :\nتدمير أوروبا ، و قد شمل ذلك نصف الجسور و الطروقات و المنشآت الإقتصادية .\nخروج أوروبا مدانة بمبالغ خيالية لفائدة الولايات المتحدة الأمريكية .\nتضرر شعوب و دول المستعمرات في إفريقيا و آسيا .\nالإستفادة المالية و الإقتصادية للولايات المتحدة الأمريكية .\nالحصيلة السياسية :\nهلاك أكثر من خمسين مليون نسمة ، بالإضافة إلى ضحايا الحرب بمختلف أصنافها (معطوبين ، معاقين، أرامل)\nمشكلة اللاجئين البطالة -الفقر...\nإضطراب البنية الديموغرافية للعديد من الدول ....",
        "Source": "https://www.topacademy-dz.com/Courses/ReadCourse/2/12/4495/%D8%A7%D9%84%D8%AB%D8%A2%D9%86%D9%8A%D8%A9-%D8%AB%D8%A7%D9%86%D9%88%D9%8A-%D8%B9%D9%84%D9%88%D9%85-%D8%B7%D8%A8%D9%8A%D8%B9%D8%A9--%D8%AA%D8%A7%D8%B1%D9%8A%D8%AE-%D9%88-%D8%AC%D8%BA%D8%B1%D8%A7%D9%81%D9%8A%D8%A7-%D8%A7%D9%84%D9%85%D9%88%D8%A7%D8%AC%D9%87%D8%A9-%D8%A7%D9%84%D8%B9%D8%B3%D9%83%D8%B1%D9%8A%D8%A9-%D8%A7%D9%84%D8%A3%D9%88%D8%B1%D8%A8%D9%8A%D8%A9-%D8%A7%D9%84%D8%A3%D9%88%D8%B1%D8%A8%D9%8A%D8%A9-%D8%A7%D9%84%D8%AB%D8%A7%D9%86%D9%8A%D8%A9-1939-1945",
        "Level": "3"
    },
    {
        "EducationalStage": "HSS2",
        "HistoricalEra": "Colonial Era",
        "Topic": "طبيعة العلاقات الدولية و مظاهرها",
        "Content": "زوال التحالف الذي جمع الغرب مع الإتحاد السوفياتي خلال المواجهة العسكرية الثانية و عودة الصراع الإيديولوجي بينهما بعد نهاية المواجهة العسكرية.\nسعي كل طرف في تقوية نفوذه و مكتساباته الإقليمية و الدولية بإعتماد سياسة ملء الفراغ مما ترتب عنه ظهور بؤر التوتر (أزمة برلين 1946-أزمة اليونان1946 -أزمة برلين الأولى1948-1949 -أزمة كوريا 1950-1953-أزمة الهند الصينية 1946-1954).\nالمواجهة الديبلوماسية و السياسية من خلال الأمم المتحدة و مجلس الامن.\nتأسيس الديمقراطيات الشعبية .\nالمشاريع الإقتصادية : منها: مبدأترومان 1947، مشروع مارشال 1947، مبدأ جدانوف 1947\nظهور منظمة الكومينكون 1949.\nميلاد المؤسسات المالية و النقدية (صندوق النقد الدولي ، البنك العالمي للإنشاء و التعمير ، الإتفاقية العامة للتجارة و للتعريفة الجمركية\nتوظيف كل طرف لوسائل الإعلام لتلميع صورته و تشويه صورة الطرف الآخر و التشهير به .\nإنشاء مكتب الأخبار الشيوعي الكومنفورم 1947 و أجهزة المخابرات الأمريكية و السوفياتية ، و الإسرائيلية \" الموساد\".\nتطور وسائل الإعلام و الإتصال",
        "Source": "https://www.topacademy-dz.com/Courses/ReadCourse/2/12/4495/%D8%A7%D9%84%D8%AB%D8%A2%D9%86%D9%8A%D8%A9-%D8%AB%D8%A7%D9%86%D9%88%D9%8A-%D8%B9%D9%84%D9%88%D9%85-%D8%B7%D8%A8%D9%8A%D8%B9%D8%A9--%D8%AA%D8%A7%D8%B1%D9%8A%D8%AE-%D9%88-%D8%AC%D8%BA%D8%B1%D8%A7%D9%81%D9%8A%D8%A7-%D8%A7%D9%84%D9%85%D9%88%D8%A7%D8%AC%D9%87%D8%A9-%D8%A7%D9%84%D8%B9%D8%B3%D9%83%D8%B1%D9%8A%D8%A9-%D8%A7%D9%84%D8%A3%D9%88%D8%B1%D8%A8%D9%8A%D8%A9-%D8%A7%D9%84%D8%A3%D9%88%D8%B1%D8%A8%D9%8A%D8%A9-%D8%A7%D9%84%D8%AB%D8%A7%D9%86%D9%8A%D8%A9-1939-1945",
        "Level": "3"
    }
]