[
    {
        "EducationalStage": "HSL1",
        "HistoricalEra": "Modern Era",
        "Topic": "المجال الجغرافي و السياسي للعالم الإسلامي",
        "Content": "تحديد المجالين الجغرافي و السياسي للعالم الاسلامي حيويته :\nيغطي العالم الإسلامي مساحة شاسعة تبدأ من المحيط الهادي شرقا إلى الساحل الأطلسي غريا و من  البحر المنوسط شمالا إلى جنوب إفريقيا الجنوبية جنوبا، شاملا أوساط آسيا و جنوب شرقها و أجواء من الهند و ندا أطراف أوروبا الشؤقية .\nالجغرافي : يمتد من المحيط الهادي شرقا الى الأطلسي غربا و من المتوسط ووسط آسيا شمالا الى المحيط الهندي و إفريقيا الاستوئية جنوبا\nالسياسي : يتكون من 55 دولة تشكل \" منظمة المؤتمر الاسلامي \" موزعة كالتالي :\n58 دولة في افريقيا\n25 دولة في آسيا\nدولتان في أروبا ( البوسنة و الهرسك - ألبانيا )\nإن الموقع الجغرافي الذي يتمتع به العالم الإسلامي أكسبه مميزات لا تتوفر لأي كتلة دينية أو سياسية أو عرقية في العالم. و تتمثل في :\nالاستراتيجية :\nيشرف على مسطحات هامة\nيمثل مركز العالم و محوره الأساسي (يتوسط العالم )\nيتحكم في جميع المنافذ و المضائق الحيوية.\nملتقى طرق التجارة بحكم توسطه للعالم\nقوة بشرية هائلة (أكثر من مليار و نصف المليار )\nالحضارية و الدينية :\nمهد الحضارات الإنسانية و المقدسات الدينية .\nموطن الأديان السماوية و مهبط الأنبياء و الرسل .\nملتقى الثقافات عبر العصور .\nموطن مقدسات الديانات الثلاث (مكة - القدس )\nيمثل قوة بشرية هامة ،تحاوز عددها المليار نسمة .\nإقتصاديا:\nيمثل القلب النابض للعالم بما تمتلكه من خبرات سطحية و باطنية .\nملتقى تقاطع الطرق التجارية قديما و حديثا، و سوقا فسيحا.\nإمتلاكه لثروات مائية و بحرية .\nالمجال السياسي: ستشكل العالم الإسلامي من 55 دولة أعضاء في المؤتمر الإسلامي موزعة على القارات الثلاث إفريقيا آسيا و أروبا التي يمكن تحديدها على شكل المجمزعات التالية :\nالمجموعة الإفريقية : تضم 28 دولة\nالمجموعة الآسيوية : تضم 25 دولة\nالمجموعة الإفريقية : تضم دولتان ألبانيا و البوسنة و الهرسك\n\n\n",
        "Source": "https://www.topacademy-dz.com/Courses/ReadCourse/7/12/6995/%D8%A7%D9%84%D8%A3%D9%88%D9%84%D9%89-%D8%AB%D8%A7%D9%86%D9%88%D9%8A-%D8%A2%D8%AF%D8%A7%D8%A8-%D8%AA%D8%A7%D8%B1%D9%8A%D8%AE-%D9%88-%D8%AC%D8%BA%D8%B1%D8%A7%D9%81%D9%8A%D8%A7-%D8%A7%D9%84%D9%85%D8%AC%D8%A7%D9%84-%D8%A7%D9%84%D8%AC%D8%BA%D8%B1%D8%A7%D9%81%D9%8A-%D9%88-%D8%A7%D9%84%D8%B3%D9%8A%D8%A7%D8%B3%D9%8A",
        "Level": "1"
    },
    {
        "EducationalStage": "HSL1",
        "HistoricalEra": "Ottoman Era",
        "Topic": "مراحل تشكل الدولة العثمانية :",
        "Content": "مصر و الشام : التحقا بـ (دع ) هزيمة المماليك امام العثمانيين في معركة \"مرج دابق \" 1516 /08 /08 م ثم \"معركة الريدانية \" 1517 /01 /22 م\nالحجاز : التحق بالدولة العثمانية سلميا 1517\nالخليج و اليمن : استنجاد السكان بالعثمانيين ضد الغاوات البحرية البرتغالية\nالمغرب الاسلامي : استنجاد السكان بالعثمانيين ضد الغازات البحرية البرتغالية و الإسبانية\nالمغرب : الاقصى لم يخضع لـ (د ع ) بسب قوة الدولة السعدية\nالبلقان : بعد فتح العثمانيين للقسطنكينية غلى يد محمد الفاتح توسعوا في البلقان عسكريا\n\n\n\n\n\n\n\n\n",
        "Source": "https://www.topacademy-dz.com/Courses/ReadCourse/7/12/6995/%D8%A7%D9%84%D8%A3%D9%88%D9%84%D9%89-%D8%AB%D8%A7%D9%86%D9%88%D9%8A-%D8%A2%D8%AF%D8%A7%D8%A8-%D8%AA%D8%A7%D8%B1%D9%8A%D8%AE-%D9%88-%D8%AC%D8%BA%D8%B1%D8%A7%D9%81%D9%8A%D8%A7-%D8%A7%D9%84%D9%85%D8%AC%D8%A7%D9%84-%D8%A7%D9%84%D8%AC%D8%BA%D8%B1%D8%A7%D9%81%D9%8A-%D9%88-%D8%A7%D9%84%D8%B3%D9%8A%D8%A7%D8%B3%D9%8A",
        "Level": "1"
    },
    {
        "EducationalStage": "HSL1",
        "HistoricalEra": "Islamic Era",
        "Topic": "المكونات الحضارية للمجتمع الاسلامي :",
        "Content": "\nالمجتمع الإسلامي متنوع من حيث الأعراق و الاجناس و الثقافات اللفات. رغم هذا التنوع إلا أن ذلك لم يكن عانقا أما قيام عالم اسلامى موحد .\nمن بين الأعراق المشكلة للعالم الإسلامي ( الأتراك - الغرس - العرب - البربر - الاكراد - شعوب وسط و شوق آسيا - أفارقة .....)\nيتكون المجتمع الإسلامي من :\nالمسلمون : هم الاغلبية، ينقسمون إلى فرق عديدة منها ( السنة - الشيعة )\nأهل الذمة : هم قلة من المسيحيين و اليهود....",
        "Source": "https://www.topacademy-dz.com/Courses/ReadCourse/7/12/6995/%D8%A7%D9%84%D8%A3%D9%88%D9%84%D9%89-%D8%AB%D8%A7%D9%86%D9%88%D9%8A-%D8%A2%D8%AF%D8%A7%D8%A8-%D8%AA%D8%A7%D8%B1%D9%8A%D8%AE-%D9%88-%D8%AC%D8%BA%D8%B1%D8%A7%D9%81%D9%8A%D8%A7-%D8%A7%D9%84%D9%85%D8%AC%D8%A7%D9%84-%D8%A7%D9%84%D8%AC%D8%BA%D8%B1%D8%A7%D9%81%D9%8A-%D9%88-%D8%A7%D9%84%D8%B3%D9%8A%D8%A7%D8%B3%D9%8A",
        "Level": "1"
    },
    {
        "EducationalStage": "HSL1",
        "HistoricalEra": "Ottoman Era",
        "Topic": "الخط الزمني :",
        "Content": "إليك التواريح المعلوماتية التالية :\n1453: فتح القسطمطيمسة على يد محمد الفاتح\n1492 : سقوط إمارة غرناطة في الأندلس\n1517 : معركة الريدانية و سقوط دولة المماليك في مصر\n\n\n\n\n\n\n\n",
        "Source": "https://www.topacademy-dz.com/Courses/ReadCourse/7/12/6995/%D8%A7%D9%84%D8%A3%D9%88%D9%84%D9%89-%D8%AB%D8%A7%D9%86%D9%88%D9%8A-%D8%A2%D8%AF%D8%A7%D8%A8-%D8%AA%D8%A7%D8%B1%D9%8A%D8%AE-%D9%88-%D8%AC%D8%BA%D8%B1%D8%A7%D9%81%D9%8A%D8%A7-%D8%A7%D9%84%D9%85%D8%AC%D8%A7%D9%84-%D8%A7%D9%84%D8%AC%D8%BA%D8%B1%D8%A7%D9%81%D9%8A-%D9%88-%D8%A7%D9%84%D8%B3%D9%8A%D8%A7%D8%B3%D9%8A",
        "Level": "1"
    },
    {
        "EducationalStage": "HSL1",
        "HistoricalEra": "Islamic Era",
        "Topic": "مراحل تشكل العالم الاسلامي :",
        "Content": "البعثة النبوية الشريفة في القرن 7 و تشكل الدولة الاسلامية الأولى في المدينة المنورة\nاستمرار الفتوحات الإسلامية في عهد : الخلفاء الراشدين\nاستمرار و توسع الفتوحات الإسلامية في عهد الخلافات الإسلامية : الأموية - العباسية\nتوصيف وضع العالم الاسلامي قبيل 1453 :\n- الاحتياج المغولي من الشرق للعالم الإسلامي و سقوط بغداد 1258 / 02 / 10 م\n- الاجتياح الصليبي الأرةبي من الغرب (نصر و الشام ) 1096- 1291 م\n- بداية حروب الاسترداد في الأندلي و تفكك الدولة الإسلامية فيها\n- ظهةر دويلات إسلامية كثيرة نتيجة هذه الاجتياخات\n- تمزق العالم الإسلامي\n",
        "Source": "https://www.topacademy-dz.com/Courses/ReadCourse/7/12/6995/%D8%A7%D9%84%D8%A3%D9%88%D9%84%D9%89-%D8%AB%D8%A7%D9%86%D9%88%D9%8A-%D8%A2%D8%AF%D8%A7%D8%A8-%D8%AA%D8%A7%D8%B1%D9%8A%D8%AE-%D9%88-%D8%AC%D8%BA%D8%B1%D8%A7%D9%81%D9%8A%D8%A7-%D8%A7%D9%84%D9%85%D8%AC%D8%A7%D9%84-%D8%A7%D9%84%D8%AC%D8%BA%D8%B1%D8%A7%D9%81%D9%8A-%D9%88-%D8%A7%D9%84%D8%B3%D9%8A%D8%A7%D8%B3%D9%8A",
        "Level": "1"
    },
    {
        "EducationalStage": "HSL1",
        "HistoricalEra": "Islamic Era",
        "Topic": "الدويلات الاسلامية الناشئة عن التفتت :",
        "Content": "أ- في آسيا :\nالمماليك (1517 / 1250) في مصر و الشام\nالعثمانيون (1924/ 1299) في الأناضول (حيث تركيا اليوم )\nالصفويون (1785 / 1501) : في إيران و جنوب العراق\nالمغول : كونوا إمارات متناحرة في وس آسيا و الهند\nممالك جنوب شرق آسيا : في أندونيسيا\nب- في إفريقيا :\nالموحدون (1147- 1269 )\nحكموا المغرب الإسلامي و الأندلس\nانهزموا أمام الإسبان في معركة \" حصن العقاب 07 / 16 / 1219 م\nتفكك الدولة الموحدية الى ثلاث دويلات هي :\nالحفصسون في المغرب الأدنى (تونس )\nالزيانيون في المغرب الأوسط ( الجزائر )\nالمرينيون فس المغرب الأقصى\nالأندلس : سقوط \"إمارة غرناطة \"1292 /05 /29 م\nامبراطورية مالي (1255- 1488) : امتدت في افريقيا الغربية\nمملكة سنغاي (1493 -1591 ) خلفت إمبراطورية مالي .\nمملكة الهوسا (ق 14- ق19) : غرب النيجر\nمملكة بورنو (1507 - 1819) : في التشاد حاليا\nمملكة الفونج (تزامنت مع دولة المماليك في نصر )\n\n\n\n\n",
        "Source": "https://www.topacademy-dz.com/Courses/ReadCourse/7/12/6995/%D8%A7%D9%84%D8%A3%D9%88%D9%84%D9%89-%D8%AB%D8%A7%D9%86%D9%88%D9%8A-%D8%A2%D8%AF%D8%A7%D8%A8-%D8%AA%D8%A7%D8%B1%D9%8A%D8%AE-%D9%88-%D8%AC%D8%BA%D8%B1%D8%A7%D9%81%D9%8A%D8%A7-%D8%A7%D9%84%D9%85%D8%AC%D8%A7%D9%84-%D8%A7%D9%84%D8%AC%D8%BA%D8%B1%D8%A7%D9%81%D9%8A-%D9%88-%D8%A7%D9%84%D8%B3%D9%8A%D8%A7%D8%B3%D9%8A",
        "Level": "1"
    },
    {
        "EducationalStage": "HSL1",
        "HistoricalEra": "Islamic Era",
        "Topic": "الواقع السياسي للعالم الإسلامي قبيل 1453:",
        "Content": "تعرض العالم الإسلامي في الفترة الممتدة من القرن 13 إلى القرن 15 إلى إنقلاب و تغيير في معطيات الجضارة الإنساتية ، كانت بداياته في شكل صدمات قوية منها:\nالإجتياح الماغولي للشرق و سقوط بغداد.\nالوحف الصليبي على مصر و الشام .\nالتقدم المسيحي على حساب الأندلس .\nو في ظل هذه الظروف حاول العالم الإسلامي من جديد تحقيق توازن عسكري لعدة قرون مع الغرب بفضل قيام الدولة المركزية التي حاولت تجديد القوة الذاتية للإسلام و هي :\nدولة المماليك 1250-1517: كان المماليك في الأصل رقيق جلبهم ولاة مصر الإسلامية ، و نهج السلاطين المتأخرين من الأيوبيين على نفس المنوال. كانوا خليطا من الأتراك و الروس و الروم و الشراكسة و الأكراد، تدريوا على الجندية و خدمة السلاطين و ارتقلا بعضهم إلى مناصب رفيعة في الدولة و قد أقاموا حكما في مصر دام حوالي قرنين و نصف تشكلت فيه دولتان : المماليك البحرية 1250-1382 ، و الممالين البرجية 1382-1517و هي المرحلة الأخيرة من حكم المماليك حيث إتسعت لتشمل إلى جانب مصر و الشام و الحجاز و سواحل اليمن و برقة، بلاد السودان ، جزيرتي قبرص و رودس ، و خلالها بدأ الإحتكاك بالدولة العثمانية التي كان تتوسع في إتجاه بلاد الشام و العراق.\nالدولة العثمانية 1299-1924: أعظم الدول الإسلامية إتساعا ،تكونت بين القرنين الرابع عشر و السادس عشر على يد الأتراك العثمانين بعد تفكك إمبراطورية السلاجقة ، إتسعت رقعة البلاد تحت حكم عدد من السلاطبن (عثمان الأول مؤسس الأسرة العثمانية و مراد الأول و بايزيد الأول )على حساب الإمبراطورية البيزنطية و بلغاريا و صربيا ، حيث أحرزوا على إنتصارات باهرة (في بورصا ، كوسوفو و نيكوبول).\nتوقف إمتداد الدوولة العثمانية لفترة قصيرة حينما هوم تيمورلنك بايزيد الأول و أسره سنة 1402. تمكن محمد الفاتح من فتح القسطنطنية 1453فبلغت الدولة ذروة مجدها في عهد سليم الأول الذي تكمن من ضم مصر و الشام (1516- 1517) و تنازل له الخليفة العباسي المتوكل عن لقب الخلافة كما إتسعت في عهد سليمان القانوني ، حيث أصبحت القوة المركزية التي ستقود العالم الإسلامي بإسم الخلافة إلى غاية سقوطها 1923بموجب معاهدة لوزان.\nالدولة الصفوية: أسرو إيرتنية حاكمة ، تنتسب إلى موسى الكاظم الإمام السابع عشر للشيعة و من أيرز شيوخ الأسرة صفي الدين اي حملت إسمه بينما كان مؤسسها الحقيقي هو إسماعيل الصفوي سادس من إنحدروا من الشيخ ثفي الدين إسحاق ، إستقرت الدولة لفترة في أردبيل ، صم عمل إسماعيل على مد سلطانه تدريجيا على شيروان و أذرابيجان و العراق و سائر بلاد الفرس و قضى على مذهب السنة وجعل مذهب الشيعة المذهب الرسمي في البلاد ، و بوصول عباس الأول 1587-1625 . الحكم أعاد فارس إلى مركز سام في العالم الإسلامي و إستعاد خرسان و قندهار وشجع التجارة و التعامل مع الأمم الغربية . انتقلت السلطة من الصفويين إلى الأسرة الشاهية  بعد اعتلاء نادر شاه الحكم 1737.\nالدويلات الماغولية :في بداية القرن 15 حاول تيمورلنك ، إعادة تأسيس الإمبراطورية المغولية ، لكنه لم يفلح ، و بعد وفاته تفككت دولته و ترتب عن ذلك قيام مجموعة إمارات متناحرة غير مساقرة الحدود منها:\nإمارت وسط آسيا و القوقاز :\nخانات شمال القوقاز كإمارة نوجاي خان 1430-1783 و تشمل قسم من بلاد الروس و شرق أروبا حتى بلغاريا .\nخانات جنوب القوقاز كإمارة ميران شاه.\nخانات وسط آسيا كقبائل الأزبك التركمان .\nإمارات شبه القارة الهندية: 1414-1449:\nسلطنو بهمن في الدكن ، هي أهم إمارت شبه القارة ، كانت تشمل إقليمي بومباي و خيدر أباد.\nمملكة دهلي في الشمال\nمملكو راجبوتانا في الشمال الغربي .\nفيجاينكر في الجنوب .\nجنوب شرق آسيا : شهدت هذه المنطقة منذ بداية القرن 9 ، انتشارا واسعا للإسلام في ساحل سومطرة وشبه جزيرة الملايو ، و الفضل في ذك يهود للدعاة و التجار من عرب و هنود ، واتصلوا بأهالي المنطقة الوثتين ، و ما فتئ أن تغير الوضع في حدود القرن 14حيث تأسست المماليك الإسلامية خاصة منها مملكة أتشيه التي إنطلق منها الفتح بإتجاه الجنوب  و الشرق حتى أشرف على الفلبين في القرن ال16 و تأسست بذلك ممالك أخرى منها جاوة ، سومطرة ، بورنيو ، و هي الممالك التي  ستكون أكثر استهدافا من طرف الإسبان في المرحلة الأولى من الإكتشافات.\n\n\n\n\n\n\n\n\n\n\n\n\n\nالواقع السياسي للعالم الإسلامي قبيل 1453 (تابع)\n\nالمغرب الإسلامي :  إلى غاية القرن 13 كانت دولة الموحدين 1247 - 1269 القوة الإسلامية الكبرى في المغرب الإسلامي بما فيها الأندلس ، فقد امتدت من برقا شرقت إلى ما بقي للمسلمين بالأندلس بعد سقوط إمارات الطوائف 1236-1245، إلى القسم الجنوبي الذي يحده شمالا نهري آنة و بلينسيا و لم تكن دولة الموحديين قوة عسكرية و سياسية فحسب بل قوة اقتصادية بحكم موفعها ، الذي كان حلقة وصل بين أروبا و إفريقيا جنوب الصحراء حيق كانت الحركة التجارية تنشط في الاتجاهين.\nو منذ هزيمتها في موقعة حصن العقاب سنة 1212بالاندلس تراجع دورها و استمر تقدم الأسبان ، و لم يبق إلا إمارة غرناطة . أما في بقية المغرب الإسلامي فقد نشأت الإمارات الثلاثة بنو حفص ، بنو مرين و ينو عبد الواد (الزيانين) و سادت بينها الصراعات و الحروب ، ككا زاد في ضغفها و عجزها عن نصرة مملكة غرناطة التي سقطت في يد الأسبان سنة 1492.\nعقب ذلك بدأت التحرشات الإسبانية و البرتغالية على سواحل المغرب مما استدعى الإستنجاد بالعثمانيين .\nالممالم الإسلامية في افريقيا: يشمل تاريخ افريقيا الغربية الإسلامية و السودان الغربي بمفهومه الواسع المنطفة المحصورة ، بين المجيط الأطلسي غربا و الصحراء الكبرى شمالا و بحيرة تشاد شرقا خليج غانا الكبير جنوبا على حددود خط°10شمال خط الإستواء ، و قد وصل الأسلام إلى مشارفه العليا الشمالية أواخر القرن الأول للهجرة و مطلع القرن 8 ، و استمر في التوسع و الإنتشار حتى عمه تماما أواخر القرنين الخامس للهجرة و 11،و انتشرت معه الغة العربية و الثقافة الإسلامية و تأصلت الانظمة الإسلامية ، الإقتصادية ، السياسية و العمرانية و الثقافية ، و أصبح إقليما إسلاميا و جزء لا يتجزأ من العالم الإسلامي مغربه و مشرقه و ظهرت به عدة ممالك هي:\nامبراطورية مالي : 1225-1488: يعد شعب الماندينغو (الشعب المالي) من بين أوائل الشعوب في غري افريقيا التي اعتنفت الإسلام ، و كان يدين بالولاء لمملكو غانا خلال القرن 13و بعد انهيارها بدأت مملكو مالي تنشر سلطانها على افريقيا الغربية ، حتى شكلت لنفسها امبراطورية عظمى غير أن عهد الإزدهار لم بستمر و اتهارت في النصف الثاني من القرن 16.\nمملكة سانغاي 1493-1591:وقد قامت على أتقاض امبراطورية مالي و أخذت في التوسع حتى القرن 16 حيث أصابها الضعف نتيجة لإتهماك الأمراء المتأخرين في المنازعات العائلية . و قد توالى على الحكم فيهت عائلة ضياء حتى عام 1335ثم سني حتى 1493و أخيرا أل اسقيا حاى 1591 أين شهدت ازدهارا كبيرا ، و كانت للمملكة عاصمتان الأولى ادارية و هي غاو (كارو) و الثاتية ثقافية و هي تمبوكتو.\nممالك الهوسا ق 14-ق 19: ظهر الغسلام بين الهوسا في القرن 14في عخد أسرة ياجي 1349- 1385،عن طريق علماء و دعاة فادمين من بلاد مالي و بلاد البرنيو و السودان و النيلي و المغرب الاوسط من خلال حملة و الجهاد الذي قام به رجل من واحة توات (الصحراء الجزائرية) و يدعى محمد بن عبد الكريم المغيلي التلمساتي و هو الذي أذخل الطريقة القادرية إلى الهوسا .\nمملكة بورنيو 1507 -1819:تقع غربي بحيرة التشاد عاصمتها كوكا اناشر بها الإسلام مبكرا عن طريق اقليم فزان ، و من ذلك الحين بدأت ملامح تاسيس إمارات أسلامية في كل أقاليم التشاد و منها إقليم بورنيو الذي عرف أقوى فتراته في عهد ادريس الأوما ، الذي حكم في الفترة مابين 1571-1603.\nمملكة الفونج (السودان):عاصرت مملكة الفونج دولة المماليك في مصر و امتدت مابين الشلال الثلاث شمالا حتى النيل الأزرق جنويا ، و من البحر الاحمر شرقا حتى كوردفان غربا . تنسب إلى قبائل الفونج التي تسبب الصراع بينها في تفكك المملكة في وقت بدأت الدولة العثمانية تبسط نفوذها على مصر بعدإنهائها لحكم المماليك  و تتطلع لفتح جنوبها.",
        "Source": "https://www.topacademy-dz.com/Courses/ReadCourse/7/12/6995/%D8%A7%D9%84%D8%A3%D9%88%D9%84%D9%89-%D8%AB%D8%A7%D9%86%D9%88%D9%8A-%D8%A2%D8%AF%D8%A7%D8%A8-%D8%AA%D8%A7%D8%B1%D9%8A%D8%AE-%D9%88-%D8%AC%D8%BA%D8%B1%D8%A7%D9%81%D9%8A%D8%A7-%D8%A7%D9%84%D9%85%D8%AC%D8%A7%D9%84-%D8%A7%D9%84%D8%AC%D8%BA%D8%B1%D8%A7%D9%81%D9%8A-%D9%88-%D8%A7%D9%84%D8%B3%D9%8A%D8%A7%D8%B3%D9%8A",
        "Level": "1"
    },
    {
        "EducationalStage": "HSL1",
        "HistoricalEra": "Islamic Era",
        "Topic": "الواقع السياسي للعالم الإسلامي قبيل 1453 (تابع)",
        "Content": "المغرب الإسلامي :  إلى غاية القرن 13 كانت دولة الموحدين 1247 - 1269 القوة الإسلامية الكبرى في المغرب الإسلامي بما فيها الأندلس ، فقد امتدت من برقا شرقت إلى ما بقي للمسلمين بالأندلس بعد سقوط إمارات الطوائف 1236-1245، إلى القسم الجنوبي الذي يحده شمالا نهري آنة و بلينسيا و لم تكن دولة الموحديين قوة عسكرية و سياسية فحسب بل قوة اقتصادية بحكم موفعها ، الذي كان حلقة وصل بين أروبا و إفريقيا جنوب الصحراء حيق كانت الحركة التجارية تنشط في الاتجاهين.\nو منذ هزيمتها في موقعة حصن العقاب سنة 1212بالاندلس تراجع دورها و استمر تقدم الأسبان ، و لم يبق إلا إمارة غرناطة . أما في بقية المغرب الإسلامي فقد نشأت الإمارات الثلاثة بنو حفص ، بنو مرين و ينو عبد الواد (الزيانين) و سادت بينها الصراعات و الحروب ، ككا زاد في ضغفها و عجزها عن نصرة مملكة غرناطة التي سقطت في يد الأسبان سنة 1492.\nعقب ذلك بدأت التحرشات الإسبانية و البرتغالية على سواحل المغرب مما استدعى الإستنجاد بالعثمانيين .\nالممالم الإسلامية في افريقيا: يشمل تاريخ افريقيا الغربية الإسلامية و السودان الغربي بمفهومه الواسع المنطفة المحصورة ، بين المجيط الأطلسي غربا و الصحراء الكبرى شمالا و بحيرة تشاد شرقا خليج غانا الكبير جنوبا على حددود خط°10شمال خط الإستواء ، و قد وصل الأسلام إلى مشارفه العليا الشمالية أواخر القرن الأول للهجرة و مطلع القرن 8 ، و استمر في التوسع و الإنتشار حتى عمه تماما أواخر القرنين الخامس للهجرة و 11،و انتشرت معه الغة العربية و الثقافة الإسلامية و تأصلت الانظمة الإسلامية ، الإقتصادية ، السياسية و العمرانية و الثقافية ، و أصبح إقليما إسلاميا و جزء لا يتجزأ من العالم الإسلامي مغربه و مشرقه و ظهرت به عدة ممالك هي:\nامبراطورية مالي : 1225-1488: يعد شعب الماندينغو (الشعب المالي) من بين أوائل الشعوب في غري افريقيا التي اعتنفت الإسلام ، و كان يدين بالولاء لمملكو غانا خلال القرن 13و بعد انهيارها بدأت مملكو مالي تنشر سلطانها على افريقيا الغربية ، حتى شكلت لنفسها امبراطورية عظمى غير أن عهد الإزدهار لم بستمر و اتهارت في النصف الثاني من القرن 16.\nمملكة سانغاي 1493-1591:وقد قامت على أتقاض امبراطورية مالي و أخذت في التوسع حتى القرن 16 حيث أصابها الضعف نتيجة لإتهماك الأمراء المتأخرين في المنازعات العائلية . و قد توالى على الحكم فيهت عائلة ضياء حتى عام 1335ثم سني حتى 1493و أخيرا أل اسقيا حاى 1591 أين شهدت ازدهارا كبيرا ، و كانت للمملكة عاصمتان الأولى ادارية و هي غاو (كارو) و الثاتية ثقافية و هي تمبوكتو.\nممالك الهوسا ق 14-ق 19: ظهر الغسلام بين الهوسا في القرن 14في عخد أسرة ياجي 1349- 1385،عن طريق علماء و دعاة فادمين من بلاد مالي و بلاد البرنيو و السودان و النيلي و المغرب الاوسط من خلال حملة و الجهاد الذي قام به رجل من واحة توات (الصحراء الجزائرية) و يدعى محمد بن عبد الكريم المغيلي التلمساتي و هو الذي أذخل الطريقة القادرية إلى الهوسا .\nمملكة بورنيو 1507 -1819:تقع غربي بحيرة التشاد عاصمتها كوكا اناشر بها الإسلام مبكرا عن طريق اقليم فزان ، و من ذلك الحين بدأت ملامح تاسيس إمارات أسلامية في كل أقاليم التشاد و منها إقليم بورنيو الذي عرف أقوى فتراته في عهد ادريس الأوما ، الذي حكم في الفترة مابين 1571-1603.\nمملكة الفونج (السودان):عاصرت مملكة الفونج دولة المماليك في مصر و امتدت مابين الشلال الثلاث شمالا حتى النيل الأزرق جنويا ، و من البحر الاحمر شرقا حتى كوردفان غربا . تنسب إلى قبائل الفونج التي تسبب الصراع بينها في تفكك المملكة في وقت بدأت الدولة العثمانية تبسط نفوذها على مصر بعدإنهائها لحكم المماليك  و تتطلع لفتح جنوبها.",
        "Source": "https://www.topacademy-dz.com/Courses/ReadCourse/7/12/6995/%D8%A7%D9%84%D8%A3%D9%88%D9%84%D9%89-%D8%AB%D8%A7%D9%86%D9%88%D9%8A-%D8%A2%D8%AF%D8%A7%D8%A8-%D8%AA%D8%A7%D8%B1%D9%8A%D8%AE-%D9%88-%D8%AC%D8%BA%D8%B1%D8%A7%D9%81%D9%8A%D8%A7-%D8%A7%D9%84%D9%85%D8%AC%D8%A7%D9%84-%D8%A7%D9%84%D8%AC%D8%BA%D8%B1%D8%A7%D9%81%D9%8A-%D9%88-%D8%A7%D9%84%D8%B3%D9%8A%D8%A7%D8%B3%D9%8A",
        "Level": "1"
    },
    {
        "EducationalStage": "HSL1",
        "HistoricalEra": "Islamic Era",
        "Topic": "أوضاع العالم الإسلامي",
        "Content": "\nمنذ فجر الإسلام و العالم الإسلامي يشهد نموا مطردا كنتيجة لطبيعة الرسالة التي يحملها و قد استجابت لها العديد من الشعوب و حملت لواء نشرها العديدة من الأجناس فغمرت بنورها قارات كثيرة . و كانت بداية لتأسيس دولة إسلامية عظيمة خاضت فتوحات في كل الاتجاهات و و عرفت فترات قوة و ازدهار تكونت خلالها شخصية العالم الإسلامي شاركت في تشكيلها من الأجناس على اختلاف مواقعها و أنماط معيشتها و رغم ما واجهته من مصاعب و مؤامرات أفقدتها الريادة العالمية , غير أن العالم الإسلامي لا يزال قائما بجميع مقوماته على شكل وحدات سياسية مختلفة التسميات .\n\n",
        "Source": "https://www.topacademy-dz.com/Courses/ReadCourse/7/12/6996/%D8%A7%D9%84%D8%A3%D9%88%D9%84%D9%89-%D8%AB%D8%A7%D9%86%D9%88%D9%8A-%D8%A2%D8%AF%D8%A7%D8%A8-%D8%AA%D8%A7%D8%B1%D9%8A%D8%AE-%D9%88-%D8%AC%D8%BA%D8%B1%D8%A7%D9%81%D9%8A%D8%A7-%D8%A7%D9%84%D8%B9%D9%84%D8%A7%D9%82%D8%A7%D8%AA-%D8%A7%D9%84%D8%AF%D8%A7%D8%AE%D9%84%D9%8A%D8%A9-%D9%88-%D8%A7%D9%84%D8%AE%D8%A7%D8%B1%D8%AC%D9%8A%D8%A9",
        "Level": "1"
    },
    {
        "EducationalStage": "HSL1",
        "HistoricalEra": "Ottoman Era",
        "Topic": "العالم الإسلامي ،العلاقات الداخلية و الخارجية:",
        "Content": "المصطلحات الموظفة :\nالشرق : يقصد به العالم الاسلامي و الذي يتموقع في الشرق بالنسبة للغرب التصراني\nالغرب : يقصد به الغرب المسيحي و الذي يتموقع في الغرب بالنسبة للعالم الاسلامي\nالجيش الانكشاري : و تعني بالتركية \" الجيش الجديد \" و هو اسم جيش الدولة العثمانية\nحروب الاسترداد : هي حروب خاضها الإسبان المسيحيون ضد الوجود الإسلامي في الأندلس ونتج عنها نهاية الحكم الاسلامي في الأندلس\nالامتيازات : هي التسهيلات التي منحتها (دع ) للدول الأروبية على شكل اتفاقيات و مشاريع و كانت عاملا هاما في إضعاف الدولة\nالتيشير : نشر النصرانية\nالرجل المريض : التسمية التي أطلقها قيصر روسيا \"نيكولا\" على (دع ) بعد ضعفها\nمؤتمر برلين 1878 : مؤتمر أروبي استعماري , غقد في برلين عاصمة ألمانيا بهدف وضع مخطط لتقسيم ممتلكات (دع ).\nوفيمايلي فيديو لوضعية إدماجية حول الدرس:\n\n\n\n\n\n",
        "Source": "https://www.topacademy-dz.com/Courses/ReadCourse/7/12/6996/%D8%A7%D9%84%D8%A3%D9%88%D9%84%D9%89-%D8%AB%D8%A7%D9%86%D9%88%D9%8A-%D8%A2%D8%AF%D8%A7%D8%A8-%D8%AA%D8%A7%D8%B1%D9%8A%D8%AE-%D9%88-%D8%AC%D8%BA%D8%B1%D8%A7%D9%81%D9%8A%D8%A7-%D8%A7%D9%84%D8%B9%D9%84%D8%A7%D9%82%D8%A7%D8%AA-%D8%A7%D9%84%D8%AF%D8%A7%D8%AE%D9%84%D9%8A%D8%A9-%D9%88-%D8%A7%D9%84%D8%AE%D8%A7%D8%B1%D8%AC%D9%8A%D8%A9",
        "Level": "1"
    },
    {
        "EducationalStage": "HSL1",
        "HistoricalEra": "Ottoman Era",
        "Topic": "العلاقات الداخلية للمجتمع الإسلامي في ظل الخلافة العثمانية",
        "Content": "العلاقات الداخلية للمجتمع الإسلامي في ظل الخلافة العثمانية : مرت بمرحلتين :\nمرحلة قوة الخلافة (ق 15 - ق 18 ) قوة الشرق الإسلامي و ضعف الغرب المسيحي بسبب:\nالتسامح الديني بين مختلف عناصر المجتمع\nالتسامح الاجتماعي\nالعدالة الاجتماعية\nاستقامة سلاطين الدولة و انضباط مختلف أجهزت الدولة ( الإدارة - الجيش - الولاة ...)\nالعلاقات الطبيعية بين الحكام و المحكومين\nضعف أروبا المسيحية و انشغالها بصراعات القوى الكبرى داخل القارة\nضعف أوروبا النسيحية و انشغالها بصراعات القوة الكبرى داخل القارة\nمرحلة ضعف الخلافة (ق 18- ق 20) : قوة الغرب المسيحي و ضعف الشرق الاسلامي بسبب :\nضعق سلاطين الدولة و ما انجر عنه من تراخي في أجهزة الدولة\nعلاقات متوترة بين الحكام و المحكومين\nغياب العدالة الاجتماعية\nبداية الحركات القومية الانفصالية عن الدولة\nقوة أروبا منذ الفجر الثورة الصناعية\nصور من لعلاقات الداخلية:\nعاشت الخلافة العثمانية خلال حكمها مرحلتين :\nالأولى : تقبل فيها سكان الخلافة وجودهم تحت سلطتها حيث وجدوا الأمان و الحرية و الاستقرار . لم يجدوهم تحت حكم البيونطيين أو النمسا أو روسيا و هذا بالنسبة لسكان البلقان و القرم أما بالنسبة للمسلمين في الوطن العربي فلأنها أنقذتهم من التنصير و ما حدث لسكان الأندلس .\nالثانية : شابها التوتر الداخلي و ظهرت الحركات العسكرية الانفصالية , إذ إنها لم تتوقف في البلقان و القرم بدفع من القوى الكبرى (النمسا و روسيا خاصة ) و في الوطن العربي كان أبرزها :\nالشام :\nحركة فخر الدين المعني 1590 م -1635م\nحركة ظاهر العمر 1750 م - 1575 م\nمصر :\nحركة علي بك الكبير 1768م 1840 م\nالعراق :\nظلت المقاومة ضد الدولة الصفوية مستمرة كما نمت أسرة السباب في البصرة 1596م\nحركو مماليك بغداد 1749 م - 1830 م\nشبه الجزيرة العربية : نمت الأسر و المشيخات و بدأت تتجه نحو الاستقلال الذاتي و لا ترتبط بالخليفة إلا بالدعوة له غير المساجد( آل الصباح في الكويت - آل ثاني في قطر - آل خليفة في البحرين - البعازية و آل بوسعيد في مسقط - آل العبدلي في الحج و عدن - آل سعود في نجد -آل الحسين في الحجاز - آل العظم في دمشق )\nالمغرب العربي :\nاستقلال دايات الجزائر بالحكم\nاستقلال الأسرة الحسينية في تونس\nاستقلال الاسرة القرامنلية في ليبيا .\nالحركة الوهابية : حركة إصلاحية دينية تنسب الى محمد بن الوهاب ظهرت في شبه الجزيرة العربية تدعو الى اصلاح أحوال المجتمع الاسلامي عن طريق العودة الة منابع الإسلام الصافية , و نبذ البدع و الخرافات و التفتح على العلم و المعرفة و قد تبنتها أسرة آل سعود سنة 1744م بعد لجوء محمد بن عبد الوهاب إليها و الذي عارض بأفكاره و أراءه الدولة العثمانية التي أوكلت لمحمد علي والي مصر مهمة القضاء عليه .\nالحركة السنوسية : مؤسس الحركة محمدبن علي السنوسي الخطابي الحسني الادريسي و هو جزائري الأصل ولد قرب مستغامن في 22 /12 / 1787 . كان صوفيا معتزلا أنشأ قاعدة قوة للصوفية في صحراء ليبيا . ساهمت في النهوض الديني و الاقتصادي و الاجتماعي في مناطق الصحراء و أثبت السنوسيون قدرة عظيمة في إدارة الزةايا و حويلها الى مراكز نشر للأحلام في جنوب الصحراء (تشاد - الكاميرون ) و تولى ابنه محمد السنوسي إدارة الطريقة و توسع نشاطها و أقامت علاقات مع الدولة العثمانية بعد الاحتلال الإيطالي لليبيا تولى اميرها الدفاع عنها من المعتدين .\nحركة الجامعة الإسلامية : حركة إصلاحية ظهرت في النصف الثاني من القرن 19 دعت الى الوحدة الشاملة بين الأقطار ال\\إسلامية لمواجهة الغزو العسكري و الثقافي الغربي تزعم هذه الحركة جكال الدين الأفغاتي لقيت استجابة واسعة أنشأ مع محمد عبدو مجلة العروة الوثيقة التي كان منبرا لدعوته في اصلاح أحوال المجتمعات الإسلامية و الأخذ بأسباب القوة . الاتجاهات الفكرية عن العرب في عصر النهضة",
        "Source": "https://www.topacademy-dz.com/Courses/ReadCourse/7/12/6996/%D8%A7%D9%84%D8%A3%D9%88%D9%84%D9%89-%D8%AB%D8%A7%D9%86%D9%88%D9%8A-%D8%A2%D8%AF%D8%A7%D8%A8-%D8%AA%D8%A7%D8%B1%D9%8A%D8%AE-%D9%88-%D8%AC%D8%BA%D8%B1%D8%A7%D9%81%D9%8A%D8%A7-%D8%A7%D9%84%D8%B9%D9%84%D8%A7%D9%82%D8%A7%D8%AA-%D8%A7%D9%84%D8%AF%D8%A7%D8%AE%D9%84%D9%8A%D8%A9-%D9%88-%D8%A7%D9%84%D8%AE%D8%A7%D8%B1%D8%AC%D9%8A%D8%A9",
        "Level": "1"
    },
    {
        "EducationalStage": "HSL1",
        "HistoricalEra": "Ottoman Era",
        "Topic": "مسار العلاقات الخارجية للخلافة العثمانية مع القوى الأروبية",
        "Content": "مسار العلاقات الخارجية للخلافة العثمانية مع القوى الأروبية : مرت بمرحلتين :\nمرحلة قوة الخلافة :\nفتح العثمانيين للقسطنطينية 1453 م و بداية توسعاتهم في البلقان (بداية الاحتكاك )\nعلاقات في عمومها عدائية مع القوى الأروبية بسبب هذه التوسعات . خصوصا مع النمسا و روسيا أما مع اسبانيا و البرتغال فسبب العداء هو حروب الاسترداد في الأندلس و ما صاحبها من اضطهاد للمسلمين\nتميزت علاقات الخلافة بفرنسا بريطانيا في عمومها بالودية بسبب حصول الدولنيم على امتيازات واسعة في البلاد العثمانية\nمرجلة ضعف الخلافة :\nتراجع قوة الدولة الثمانية و لداية تناقص القةى الأروبية عليها (الرجل المريض)\nروسيا و النمسا سعتا الى النعجيل بقسمة أملاك الرجل النريض\nفرنسا و بريطانيا سعتا الى المحافظة على كيان الرجل المريض لكنه منذ مؤتمر برلين 1878 م تخلتا عن هذه السياسة و بدأت عمليات تقسيم الدولة العثمانية\nلجأت (دع ) الى التقرب من المانيا القوة الجديدة على الساحة الأروبية\n1914 تندلع ح ع 1 و تشارك (دع ) فيها الى جانب ألمانيا\n1918 تنتهي حع 1 بهزيمة ألمانيا و حلفائها\nبعد ح ع 1 تصفية الدولة العثمانية و تظهر على أنقاضها جمهورية تركيا 1924\nأسباب اختلال التوازم بين الشرق الإسلامي و العرب المسيحي :\nضعف سلاطين الجولة العثمانية نتج عنه انهيار داخلي على كل المستويات\nالجمود الحضاري و الاقتصادي داخل الدولة العثمانية\nحالة التذمر التي سادت المجتمع العثماني و التي قادت الى الحلركات الانفصالية\nعدم مواكبة (دع) لمسيرة التطور الحاصلة في أروبا في فترة الصناعية\n- دخول أروبا مرحلة النهضة في القرن 15 ثم مرحلة الثورة الصناعية و انتقال نركز القوة اليها\n- بداية التدخلات الأروبية في شرون (دع) الداخلية\n( و نتيجة هذا الخلل تحول العالم الاسلامي الى الجمود و العالم الأروبي الى الحركة )\nمظاهر التدخلات الأروبية في الشؤون العثمانية الداخلية :\n- دعم الحركات الانفصالية داخل الدةلى العثمانية خصوصا في البلقان\n- فرض الامتيازات الأروبية على الدولة العثمانية و تحولها الى حق تطالب به دول أروبا\n- توسع التبشير في أرجاء الدولة العثمانية\n- مؤتمر برلين1878 و ناتج عنه من التقسينمات لأملاك الدولة العثمانية\n\n\n",
        "Source": "https://www.topacademy-dz.com/Courses/ReadCourse/7/12/6996/%D8%A7%D9%84%D8%A3%D9%88%D9%84%D9%89-%D8%AB%D8%A7%D9%86%D9%88%D9%8A-%D8%A2%D8%AF%D8%A7%D8%A8-%D8%AA%D8%A7%D8%B1%D9%8A%D8%AE-%D9%88-%D8%AC%D8%BA%D8%B1%D8%A7%D9%81%D9%8A%D8%A7-%D8%A7%D9%84%D8%B9%D9%84%D8%A7%D9%82%D8%A7%D8%AA-%D8%A7%D9%84%D8%AF%D8%A7%D8%AE%D9%84%D9%8A%D8%A9-%D9%88-%D8%A7%D9%84%D8%AE%D8%A7%D8%B1%D8%AC%D9%8A%D8%A9",
        "Level": "1"
    },
    {
        "EducationalStage": "HSL1",
        "HistoricalEra": "Ottoman Era",
        "Topic": "العالم السلامي في ظل الخلافة الإسلامية العثمانية:",
        "Content": "تعرض العالم الاسلامي في نهاية القرن 15م و مطلع القرن 16 م الى اجتياح صليبي تمثل العدوان الإسبانب المدعم من الإمارات الإيطالية و فرنسا و مالطو على سواحل البحر المتوسط لمنطقة المغرب العربي و العدوان البرتغالي على سواحل الجنوب العربي الى خليج هرمز بمباركة البابا و كان الهدف الوصول الى البقاع المقدسة في الحجاز و تحقيق مالم تحققه الحروب الصليبية الأولى .\nأما عجز دول المغرب و المماليك على مواجهة الإسبان و البرتغال , تولت الدولة الغثمانية مهمة التصدي للخطر الصليبي فتوجهت نحو الوطن العربي و أماكن الخطر الصليبي في الجنوب العربي و رغم أن نقل الحرب الى افريقيا و آسيا أثر الدولة العثمانية ااستراتيجيا بتعدد جبهات القتال إلا أنها استفادت معنويا حيث أصبحت القوة العسكرية الوؤهلة لحفظ كرامة الإسلام و المسلمين . و بدلا من أن تتوحد جهود حكومات الدول الإسلامية لدفع الخر الأجنبي تحالفت في وجه العثمانيين خوفا على مصالحهم في الحكم و قد تجلى ذلك في :\nالمماليك : مواجهة السلطان سليم الأول للمماليك ففي الشامو مصر في موقعتي (مرج دابق شمال حلب 24 /08 /1516م و الريدانية في 21 جانفي 1517 م )و دخل مصر منتصرا ليتسلم الخلافة من آخر الخلفاء العباسيين كما تسلم مفاتيح الحرمين الشريفين و من ثم انضمت الحجاز بدون مقاومة .\nمشيخات سواحل اليمن و البحرين : فقد استنجدت بالسلطان العثماني ضد الوجود البرتغالي و تواجه العثمانيون مع البرتغال في مواجهات عديدة . تمكنت من خلالها من وقف الزحف البرتغالي على الوطن العربي و عجزت على إنقاذ مسلمي منطقة الشرق الأقصى الأسيوي بسبب تعدد جبهات القتال من جهة و بعد المسافة من جهة أخرى\nالمغرب العربي : استنجد سكان المغرب الأوسط بالعثمانيين و عرضوا على السلطان سليم الأول وغية المنطقة في أن تصبح ولاية عثمانية  , فولاهم خير الدين بربروس و هعمهم في تأسيس القوة البحرية و اشتركت قةات الخلافة مع قوات الجوائر في تحرير السواحل المغربية من الاسبان و البرتغال و أصبحت تونس و ليبيا ولايات عثمانية . و احتفظت الدولة السعدية في المغرب الأقصى باستقلالها عن الخلافة العثمانية\nالصفويون : تواجهت معها الدولة العثمانية بخصوص العراق التي أصبحت ولاية عثمانية و ظلت العلاقات الصفوية و الشاهية بإيران فيما بعد متوترة مع الدولة العثمانية بسبب رغبة السلطة في إيران الاستيلاء على المناطق المقدسة الشيعية .\nو هكذا أصبحت الدولة العثمانية أكبر دولة مركزية تقود الخلافة الإسلامية  فتميزت هذه الرقعة بـ :\n- سعة المساحة الجغرافة (شرق أروبا , غري آسيا , شمال أفريقيا )\n- اختلفت البنيات الاجتماعية لغويا , عرقيا , و دينيا و اقتصاديا و معرفيا و ثقافيا\n- حملت هذه الخلافة منذ نشأتها عوامل التشتت و الاختلاف لأمثر من عوامل الوحدة و الالتحام الأمر الذي سيجعل الدول الأوربية العاجزة عن مواجهتها العسكرية تعمل على نخرها من الداخل اعتمادا على هذه البنية لمجتمع الخلافة .",
        "Source": "https://www.topacademy-dz.com/Courses/ReadCourse/7/12/6996/%D8%A7%D9%84%D8%A3%D9%88%D9%84%D9%89-%D8%AB%D8%A7%D9%86%D9%88%D9%8A-%D8%A2%D8%AF%D8%A7%D8%A8-%D8%AA%D8%A7%D8%B1%D9%8A%D8%AE-%D9%88-%D8%AC%D8%BA%D8%B1%D8%A7%D9%81%D9%8A%D8%A7-%D8%A7%D9%84%D8%B9%D9%84%D8%A7%D9%82%D8%A7%D8%AA-%D8%A7%D9%84%D8%AF%D8%A7%D8%AE%D9%84%D9%8A%D8%A9-%D9%88-%D8%A7%D9%84%D8%AE%D8%A7%D8%B1%D8%AC%D9%8A%D8%A9",
        "Level": "1"
    },
    {
        "EducationalStage": "HSL1",
        "HistoricalEra": "Ottoman Era",
        "Topic": "علاقات العالم الاسلامي الخارجية و انعكاساتها",
        "Content": "شكل فتح القسطنطينية بداية لمرحلة جديدة في العلاقات الإسلامية الأروبية بقيادة الدولة العثمانية نظرا لما تمثله القسطنطينية من أهمية روحية و استراتيجية خاصة للدول التي لها احتكاك مباشر للدولة العثمانية\nوقد تحكمت في هذه جملة من العوامل ابرزها :\nالوضع العام الذي تعيشه أوروبا الغربية في هذه المرحلة :\nالحروب الدينية (حروب الكنيسة و الإصلاح الديني ).\nحروب العرش .\nالأوضاع الداخلية لكل دولة خاصة فرنسا و بريطانيا .\nتنامي القوى الاسبانية و البرتغالية و خروجها المبكر الى العالم الخارجي اثر الاكتشافات الجغرافية .\nالتنافس الأروبي الحاد و الحروب في القارة الأمريكية و في الشرق الأقصى الأسيوي بين فرنسا و بريطانيا من جهة و بينهما اسبانيا و البرتغال داخل فرنسا.\nعودة التنافس الأروبي الى حوض البحر الأبيض المتوسط بين فرنسا و بريطانيا و القوى الجديدة في النصف الثاني من القرن 19م و بداية القرن 20 م .\nالوضع العام داخل الدولة العثمانية :\nفترة قوة الدولة العثمانية العسكرية .\nقوة الإمارات الاسلامية التابعة لها كالجزائر و مصر .\nطبيعة العلاقة العثمانية بشعوب الخلافة العثمانية في مرحلتها الأولى .\nومن هنا يمكن ابراز هذه العلاقة من خلال مرحلتين اساسيتين :\nالمرحلة الاولى : 1453 م - 1878م (مرحلة الحفاظ على املاك الرجل المريض )\nالمرحلة الثانية :1878 م- 1923م ( مرحلة التعجيل بتقسيم تركة الرجل المريض)\nالمرحلة الاولى : 1453 م - 1878م :\nلعبت في هذه المرحلة النمسا - الإمارات الإيطالية - إسبانيا - البرتغال و روسيا دورا أساسيا اتصف بالعداء الشديد للعثمانيين و طبعته المواجهات العسكرية المستمرة .\nالنمسا : كانت المتضرر المباشر من التوسع العثماني في شرق القارة حيث وصلت الجيوش العثمانية الى أسوار عاصمتها فيينا التي حوصرت مرتين سنتا 1529 م- 1683م فعملت النمسا في بداية الأمر على أبعاد الخطر على أراضيها ثم سعت لاسترجاع المجر و بعدها مارست ضغظها المستمر لإنهاء الوجود الإسلامي في منظقة البلقان عامة .\nالإمارات الإيطالية : خاضت حروبا ضد الدولة العثمانية على مستوى البحر المتوسط لاسترجاع القواعد التي كانت تستفيد منها في نشطها التجاري عبر قبرص و جزر الإيونين الى جانب الطابع الديني الذي صبت به هذه العلاقة باعتبارها مقرا للبابوية .\nالبرتغال و اسبانيا : اتسمت العلاقة العثمانية مع الاسبان و البرتغال بالعدائية اثر ظهورهما على حساب مسلمس الأندلس و عملهما على تصفية المنطقة من الاسلام و المسلمين و متابعتهم الى شمال إفريقيا حيث احتلت البرتغال بعض الموانئ المغربية على ساحل المحيط الأطلسي بينما احتلت إسبانيا جل موانئ المغرب الإسلامي على البحر المتوسط خاصة المغرب الأوسط . و باكتشاف البرتغال لطريق رأس الرجاء الصالح ووصله الهند 1498 م احتل جزيرة سوقطرة 1506 م و سيطر على مضيق باب المندب و عدن و لف حول خليج هرمز .\nروسيا : بنمو القوة الروسية و رغبتها في وراثة الإمبراطورية البيزنطية و استرجاع مجد الأرثوذكسية من جهو و العمل على فك عزلتها القارية من جهة ثانية بخروجها نحو المياه الدافئة عن طريق كضيقي البوسفور و الدردنيل و الحصول على امتيازات في آسيا الغربية اصطدمت بالدولة العثمانية و تواجهت معها في مواقع كثيرة في القرم و البلقان و كانت معاهدات كوجوك كينارجي 1774م أكبر انتصار حققته روسيا على الخلافة العثمانية.\nفرنسا : بدأت علاقتاها الدولة العثمانية جد تحكم متميزة تحكم فيها الوضع العام الفنسي في اروبا حيث كان ملك فرنسا \" فرنسوا الاول في أشد الحاجة الى دعم الدولة العثمانية ضد إسبانيا و الإمارات الإيطالية و توجت هذه العلاقة بالدعم العسكري العثماني بقيادة خير الدين بربروس الذي ساهم في تحرير الثغور الفرنسية و أهما نيس و طولون .ووقعت الدولة العثمانية مجموعة من الاتفاقيات لنتح لفرنسا ذات الطابع ديني واقتصادي . ظلت فرنسا تعمل من أجل الحفاظ على العلاقة المتميزة مع الدولة العثمانية من خلال :\nحماية الكاثوليك و توسيعها من الدين الى الثقافة و التعليم و القضاء فالتجارة و المصالح المالية المتلفة .\nعملت على تشكيل قوى داخل الدولة العثمانية ذات كبرى ترتبط مصالها مع فرنسا خاصة في إقليم الشام بالمناطق الساحلية.\nالتدخل العسكري الى جانب الدولة العثمانية ضد روسيا و النمسا.\nالضغط على الدولة العثمانية للتقليل من النفوذ البريطاني و الروسي و في نهاية القرن الثامن عشر و بداية القرن التاسع عشر حدثت المواجهة العسكرية بين فرنسا و الدولة العثمانية بحملة نابليون بونابارت على مصر 1798 م و احتلال الجزائر سنة 1830 م . تعد جملة بونابارت أكير ضربة وجهتها فرنسا للخلافة الإسلامية بما حملته من أفكار سياسية و اقتصادية و اجتماعية و قانونية الأمر الذي جعل الإصلاحات في هذه المرحلة سواء في مصر أو في الخلافة و تنهار القاعدة الأمامية ليتوالى السقوط .\nبريطانيا : لم تختلف الاستراتيجية البريطانية عن الفرنسية في علاقاتها مع الدولة العثمانية لذلك دافعت عن مبدأ التوازن الدوليمن خلال العمل على :\nإبعاد روسيا عن المياه الدافئة حتى لا تصل الى شرق المتوسط .\nأن لا تستأثر فرنسا بامتيازات أكبر في الأملاك التابعة للخلافة خاصة في المشرق العربي .\nتركيز نفوذها الاقتصاادي و مصالحها المختلفة في مصر لأن غايتها هي التحكم في طرق المواصلات المؤدية الى الشرق الأقصى الأسيوي .\nو دخلت بريطانيا حروبا الى جانب الدولة العثمانية في القرم و البلقان ضد روسيا و النمسا و في مصر ضد فرنسا أثناء حملة بونابارت و ضد محاولة محمد على الانفصالية حيث على توقيع معاهدة لندن 1840م و هكذا عملت بريطانيا على إبقاء الدولة العثمانية بضعفها الداخلي و الخارجي في انتظار الموعد الذي ستبدأ في الاستحواذ على أملاكها .\nالمرحلة الثانية 1878م -1914 م :\nيعد مؤتمر برلين منعرجا حاسما في العلاقات العثمانية الأروبية عامة و الفرنسية البريطانية بصفة خاصة و السبب في ذلك يعودالى ظهور ألمانيا على مسرح الأحداث الأروبية و العالمية :\nفوحدتها القومية كانت على حساب النمسا و فرنسا و من ثم أحدثت شرخا في المبدأ الذي ضلت بريطانيا تدافع عنه (التوازن الدولي ) من حيث بدا اختلال التوازن داخل القارة الأوروبية لصالح ألمانيا .\nتوجه ألمانيا نحو تحسين علاقاتها مع الدولة العثمانية و دعمتها بزيارة الإمبرراطور الألماني الى الأراضي الإسلامية خاصة الشام و حصولها على امتياز اقتصادي يهدد المصالح البريطانية في العمق و هو مشروع كة حديد برلين بغداد , الذي سيربط أروبا الشرقية بالأناضول وصولا الى بغداد بتمويل ألماني و تأسست شركة ألمانية من أجل ذلك و أحست كل من فرنسا و بريطانيا بالخطر الذي يهدد مصالحهما مما دفع بهاما الى تغيير سيايتهم اتجاه الدولة العثمانية من مبدأ (الحفاظ على املاط الرجل المريض الى مبدأ التعجيل بتقسيم تركته ) .\nبدأت الاتفاقيات السرية بين بريطانيا و فرنسا ثم التحقت بهما روسيا فحصل الاتفاق بين فرنسا و بريطانيا لاحتلال تونس و مصر ( 1881م / ‍‌1882م) ثم عقد بينهما الوفاق الودي 1904 م , توجهت بريطانيا نحو المعاهدات السرية مع شيوخ القبائل العربية في الخليج و الجنوب العربي  ثم الحجاز و بعدها عقد مؤتمر الجزيرة الخضراء سنة 1906 م بخصوص المغرب الأقصى .\nتسارعت الأزمات و تشكلت التحالفات الدوليةوبموجبها حصلت إيطاليا على لبيا 1911م و تساقنت فرنسا و إسبانيا المغرب الأقصى 1912 م و بأزمة البلقان حدثت المواجهة العالمية الأولى 1914 م / 1918 م استكملت فيها فرنسا و بريطانيا تقسيم أملاك الخلافة الإسلامية بموجب اتفاقية ساكس بيكو 1916 ووعد بيلفور 1917 م و انتهت الحرب العاملية أولى بنهاية الخلافة الإسلامية العثمانية بتوقيع كامل اتاتورك لمعاهدة لوزان 1923 م و سقطت منطقة العالم الإسلامي تحت النفوذ الاستعماري الأوروبي بجميع صورة من جاكرتا شرقا الى طنجة غربا .\n",
        "Source": "https://www.topacademy-dz.com/Courses/ReadCourse/7/12/6996/%D8%A7%D9%84%D8%A3%D9%88%D9%84%D9%89-%D8%AB%D8%A7%D9%86%D9%88%D9%8A-%D8%A2%D8%AF%D8%A7%D8%A8-%D8%AA%D8%A7%D8%B1%D9%8A%D8%AE-%D9%88-%D8%AC%D8%BA%D8%B1%D8%A7%D9%81%D9%8A%D8%A7-%D8%A7%D9%84%D8%B9%D9%84%D8%A7%D9%82%D8%A7%D8%AA-%D8%A7%D9%84%D8%AF%D8%A7%D8%AE%D9%84%D9%8A%D8%A9-%D9%88-%D8%A7%D9%84%D8%AE%D8%A7%D8%B1%D8%AC%D9%8A%D8%A9",
        "Level": "1"
    }
]