[
  {
      "Educational stage": "HSL1",
      "HistoricalEra": "Ancient Era",
      "Date": "1200",
      "Content": "ظهور قبيله تركيه في أواسط آسيا"
  },
  {
      "Educational stage": "HSL1",
      "HistoricalEra": "Ottoman Era",
      "Date": "1299",
      "Content": "تاسيس الدولة العثمانية عن طريق عثمان بن ارطغل الاول والذي اخذت الدولة اسمه"
  },
  {
      "Educational stage": "HSL1",
      "HistoricalEra": "Ottoman Era",
      "Date": "1453",
      "Content": "فتح القسطنطينية في عهد محمد الفاتح وسماها اسطنبول وجعلها عاصمة لدولته"
  },
  {
      "Educational stage": "HSL1",
      "HistoricalEra": "Ottoman Era",
      "Date": "1517",
      "Content": "تمكن السلطان سليم الأول من فتح مصر والشام والقضاء على المماليك ووصلت الدولة العثمانية الى اوج ازدهارها وتخلى الخليفة العباسي المتوكل عن لقب الخليفة 1923 تخلي الخليفة مصطفى كمال أتاتورك عن لقب الخليفة واكتفى بدولة تركيا الحديثة واتخذ انقرة عاصمة له بموجب معاهدة لوزان 1923"
  },
  {
      "Educational stage": "HSL1",
      "HistoricalEra": "Ottoman Era",
      "Date": "1518",
      "Content": "تحالف الدولة العثمانية مع اهل المغرب العربي للقضاء على العدوان الصليبي"
  },
  {
      "Educational stage": "HSL1",
      "HistoricalEra": "Ottoman Era",
      "Date": "1453-1878",
      "Content": "المرحلة الاولى من علاقات الدولة العثمانية مع الدول الاوروبية"
  },
  {
      "Educational stage": "HSL1",
      "HistoricalEra": "Ottoman Era",
      "Date": "1529-1683",
      "Content": "حصار التوسع العثماني على اسوار العاصمة النمساوية فيينا"
  },
  {
      "Educational stage": "HSL1",
      "HistoricalEra": "Byzantine Era",
      "Date": "1492",
      "Content": "سقوط غرناطة"
  },
  {
      "Educational stage": "HSL1",
      "HistoricalEra": "Ottoman Era",
      "Date": "1774",
      "Content": "معاهدة كوجوكاي ناجي وهو اكبر انتصار حققته روسيا على الدولة العثمانية"
  },
  {
      "Educational stage": "HSL1",
      "HistoricalEra": "Ottoman Era",
      "Date": "1798",
      "Content": "توجيه فرنسا حملة الى مصر"
  },
  {
      "Educational stage": "HSL1",
      "HistoricalEra": "Colonial Era",
      "Date": "1830",
      "Content": "احتلال الجزائر من طرف المستعمر الفرنسي"
  },
  {
      "Educational stage": "HSL1",
      "HistoricalEra": "Ottoman Era",
      "Date": "1878-1923",
      "Content": "المرحلة الثانية من علاقات الدولة العثمانية بالدول الاوروبية"
  },
  {
      "Educational stage": "HSL1",
      "HistoricalEra": "Colonial Era",
      "Date": "1881-1882",
      "Content": "اتفاقیات سرية بين فرنسا وبريطانيا لاحتلال تونس سنة 1881 واحتلال مصر سنة 1882"
  },
  {
      "Educational stage": "HSL1",
      "HistoricalEra": "Colonial Era",
      "Date": "1906",
      "Content": "مؤتمر الجزيرة الخضراء"
  },
  {
      "Educational stage": "HSL1",
      "HistoricalEra": "Colonial Era",
      "Date": "1911",
      "Content": "حصول ايطاليا على ليبيا"
  },
  {
      "Educational stage": "HSL1",
      "HistoricalEra": "Colonial Era",
      "Date": "1912",
      "Content": "تقاسم فرنسا واسبانيا المغرب الاقصى"
  },
  {
      "Educational stage": "HSL1",
      "HistoricalEra": "Colonial Era",
      "Date": "1916",
      "Content": "اتفاقية صايلس سبيكو التي جرت بين فرنسا وبريطانيا ومن خلالها اخذت فرنسا سوريا ولبنان واخذت بريطانيا العراق وفلسطين"
  },
  {
      "Educational stage": "HSL1",
      "HistoricalEra": "Colonial Era",
      "Date": "1917",
      "Content": "وعد بلفور حيث تعاهد وزير خارجية بريطانيا بانشاء وطن قومي لليهود في فلسطين"
  },
  {
      "Educational stage": "HSL1",
      "HistoricalEra": "Colonial Era",
      "Date": "1920",
      "Content": "مؤتمر سان ريمون الذي ذهر فيه مصطلح استعمالي جديد وهو الامتداد وهو تسيير دولة قوية لشؤون دولة ضعيفة وانتهاء المؤتمر بوضع سوريا ولبنان تحت الامتداد"
  },
  {
      "Educational stage": "HSL1",
      "HistoricalEra": "Post-Independence Era",
      "Date": "1923",
      "Content": "معاهدة لوزان التي من خلالها تخلى مصطفی کمال اتاتورك علقب الخليفة"
  }
]