[
    {
        "Educational stage": "HSS2",
        "HistoricalEra": "Colonial Era",
        "Date": "05/07/1830",
        "Content": "الاحتلال الفرنسي للعاصمة"
    },
    {
        "Educational stage": "HSS2",
        "HistoricalEra": "Colonial Era",
        "Date": "1832/1847",
        "Content": "مقاومة الامير عبد القادر في الغرب"
    },
    {
        "Educational stage": "HSS2",
        "HistoricalEra": "Colonial Era",
        "Date": "1837/1848",
        "Content": "مقاومة احمد باي في الشرق"
    },
    {
        "Educational stage": "HSS2",
        "HistoricalEra": "Colonial Era",
        "Date": "22/06/1834",
        "Content": "مرسوم يعتبر الجزائر جزء من فرنسا"
    },
    {
        "Educational stage": "HSS2",
        "HistoricalEra": "Colonial Era",
        "Date": "1847/1895",
        "Content": "المقاومات الشعبية غير المنظمة"
    },
    {
        "Educational stage": "HSS2",
        "HistoricalEra": "Colonial Era",
        "Date": "08/10/1870",
        "Content": "مرسوم توسيع الحكم المدني إلى جميع المناطق العسكرية"
    },
    {
        "Educational stage": "HSS2",
        "HistoricalEra": "Colonial Era",
        "Date": "24/07/1870",
        "Content": "مرسوم تقسيم الجزائر إلى 3 مقاطعات فرنسية"
    },
    {
        "Educational stage": "HSS2",
        "HistoricalEra": "Colonial Era",
        "Date": "24/10/1870",
        "Content": "مرسوم منح الجنسية الفرنسية لليهود الجزائريين مرسوم كريميو"
    },
    {
        "Educational stage": "HSS2",
        "HistoricalEra": "Colonial Era",
        "Date": "1871",
        "Content": "اصدار قانون الاهالي"
    },
    {
        "Educational stage": "HSS2",
        "HistoricalEra": "Colonial Era",
        "Date": "1912",
        "Content": "قانون التجنيد الاجباري"
    },
    {
        "Educational stage": "HSS2",
        "HistoricalEra": "Colonial Era",
        "Date": "1914/1918",
        "Content": "الحرب العالمية الاولى"
    },
    {
        "Educational stage": "HSS2",
        "HistoricalEra": "Colonial Era",
        "Date": "1919",
        "Content": "فيفري اصلاحات فيفري"
    },
    {
        "Educational stage": "HSS2",
        "HistoricalEra": "Colonial Era",
        "Date": "1919",
        "Content": "بداية العمل السياسي للامير خالد"
    },
    {
        "Educational stage": "HSS2",
        "HistoricalEra": "Colonial Era",
        "Date": "1923",
        "Content": "نفي الامير خالد"
    },
    {
        "Educational stage": "HSS2",
        "HistoricalEra": "Colonial Era",
        "Date": "1926",
        "Content": "تأسيس نجم شمال افريقيا ( مصالي الحاج)"
    },
    {
        "Educational stage": "HSS2",
        "HistoricalEra": "Colonial Era",
        "Date": "1926",
        "Content": "تأسيس فيدرالية المنتخبين المسلمين الجزائريين )بن تامي - فرحات عباس("
    },
    {
        "Educational stage": "HSS2",
        "HistoricalEra": "Colonial Era",
        "Date": "05/05/1931",
        "Content": "تأسيس جمعية العلماء المسلمين الجزائريين"
    },
    {
        "Educational stage": "HSS2",
        "HistoricalEra": "Colonial Era",
        "Date": "1936",
        "Content": "تأسيس الكشافة الجزائرية"
    },
    {
        "Educational stage": "HSS2",
        "HistoricalEra": "Colonial Era",
        "Date": "1936",
        "Content": "عرض فرنسا لمشروع إصلاحات بلوم فيوليت"
    },
    {
        "Educational stage": "HSS2",
        "HistoricalEra": "Colonial Era",
        "Date": "11/03/1937",
        "Content": "تأسيس حزب الشعب"
    },
    {
        "Educational stage": "HSS2",
        "HistoricalEra": "Colonial Era",
        "Date": "26/09/1939",
        "Content": "حل حزب الشعب الجزائري"
    },
    {
        "Educational stage": "HSS2",
        "HistoricalEra": "Colonial Era",
        "Date": "1939/1945",
        "Content": "الحرب العالمية الثانية"
    },
    {
        "Educational stage": "HSS2",
        "HistoricalEra": "Colonial Era",
        "Date": "10/02/1943",
        "Content": "اصدار البيان الجزائري"
    },
    {
        "Educational stage": "HSS2",
        "HistoricalEra": "Colonial Era",
        "Date": "07/03/1944",
        "Content": "اصدار ديغول قانون حق المواطنة الفرنسية (النخبة)"
    },
    {
        "Educational stage": "HSS2",
        "HistoricalEra": "Colonial Era",
        "Date": "14/03/1944",
        "Content": "تاسيس تجمع احباب البيان والحرية"
    },
    {
        "Educational stage": "HSS2",
        "HistoricalEra": "Colonial Era",
        "Date": "08/05/1945",
        "Content": "مجازر سطيف - قالمة خراطة (45 الف شهيد("
    },
    {
        "Educational stage": "HSS2",
        "HistoricalEra": "Colonial Era",
        "Date": "16/03/1946",
        "Content": "مرسوم العفو عن المعتقلين وعودة النشاط السياسي"
    },
    {
        "Educational stage": "HSS2",
        "HistoricalEra": "Colonial Era",
        "Date": "1946",
        "Content": "تأسيس الاتحاد الديمقراطي للبيان الجزائري فرحات عباس"
    },
    {
        "Educational stage": "HSS2",
        "HistoricalEra": "Colonial Era",
        "Date": "1946",
        "Content": "تأسيس حركة انتصار الحريات الديمقراطية"
    },
    {
        "Educational stage": "HSS2",
        "HistoricalEra": "Colonial Era",
        "Date": "15/02/1947",
        "Content": "تأسيس المنظمة الخاصة."
    },
    {
        "Educational stage": "HSS2",
        "HistoricalEra": "Colonial Era",
        "Date": "20/09/1947",
        "Content": "اصدار ديغول لدستور الجزائر القانون الخاص 60 مادة ) ( موقف اغرائي)"
    },
    {
        "Educational stage": "HSS2",
        "HistoricalEra": "Colonial Era",
        "Date": "08/03/1950",
        "Content": "اكتشاف المنظمة الخاصة واعتقال المئات نت أعضائها"
    },
    {
        "Educational stage": "HSS2",
        "HistoricalEra": "Colonial Era",
        "Date": "14/04/1953",
        "Content": "آخر ازمات حركة الانتصار و انقساماتها"
    },
    {
        "Educational stage": "HSS2",
        "HistoricalEra": "War of Independence",
        "Date": "23/03/1954",
        "Content": "تأسيس اللجنة الثورية للوحدة والعمل"
    },
    {
        "Educational stage": "HSS2",
        "HistoricalEra": "War of Independence",
        "Date": "01/11/1954",
        "Content": "اندلاع الثورة التحريرية و صدور بیان اول نوفمبر و ميلاد جيش وجبهة التحرير الوطني"
    },
    {
        "Educational stage": "HSS2",
        "HistoricalEra": "War of Independence",
        "Date": "03/04/1955",
        "Content": "اعلان حالة الطوارئ"
    },
    {
        "Educational stage": "HSS2",
        "HistoricalEra": "War of Independence",
        "Date": "1955",
        "Content": "مشروع سوستال الاصلاحي"
    },
    {
        "Educational stage": "HSS2",
        "HistoricalEra": "War of Independence",
        "Date": "20/08/1955",
        "Content": "هجومات الشمال القسنطيني زيغود يوسف)"
    },
    {
        "Educational stage": "HSS2",
        "HistoricalEra": "War of Independence",
        "Date": "24/02/1956",
        "Content": "تأسيس الاتحاد العام للعمال الجزائرين"
    },
    {
        "Educational stage": "HSS2",
        "HistoricalEra": "War of Independence",
        "Date": "20/08/1956",
        "Content": "انعقاد مؤتمر الصومام"
    },
    {
        "Educational stage": "HSS2",
        "HistoricalEra": "War of Independence",
        "Date": "28/01/1957",
        "Content": "اضراب الشعب الجزائري (8 ايام)"
    },
    {
        "Educational stage": "HSS2",
        "HistoricalEra": "War of Independence",
        "Date": "19/09/1958",
        "Content": "تأسيس الحكومة المؤقتة للجمهورية الجزائرية"
    },
    {
        "Educational stage": "HSS2",
        "HistoricalEra": "War of Independence",
        "Date": "23/10/1958",
        "Content": "حكومة فرنسية جديدة"
    },
    {
        "Educational stage": "HSS2",
        "HistoricalEra": "War of Independence",
        "Date": "1959",
        "Content": "المشروع السوستالي"
    },
    {
        "Educational stage": "HSS2",
        "HistoricalEra": "War of Independence",
        "Date": "1960",
        "Content": "انتفاضة الشمال القسنطيني الثانية"
    },
    {
        "Educational stage": "HSS2",
        "HistoricalEra": "War of Independence",
        "Date": "1961",
        "Content": "مشروع لوشار"
    },
    {
        "Educational stage": "HSS2",
        "HistoricalEra": "War of Independence",
        "Date": "18/03/1962",
        "Content": "توقيع اتفاقيات إيفيان ووقف اطلاق النار"
    },
    {
        "Educational stage": "HSS2",
        "HistoricalEra": "Post-Independence Era",
        "Date": "03/07/1962",
        "Content": "الاستقلال الوطني"
    }
]