[
    {
        "Educational stage": "JS4",
        "HistoricalEra": "Colonial Era",
        "Date": "1827/10/20",
        "Content": "معركة نافارين"
    },
    {
        "Educational stage": "JS4",
        "HistoricalEra": "Colonial Era",
        "Date": "1827/04/29",
        "Content": "حادثة المروحة"
    },
    {
        "Educational stage": "JS4",
        "HistoricalEra": "Colonial Era",
        "Date": "1830/05/25",
        "Content": "إقلاع الحملة العسكرية الفرنسية نحو الجزائر"
    },
    {
        "Educational stage": "JS4",
        "HistoricalEra": "Colonial Era",
        "Date": "1830/06/14",
        "Content": "وصول الحملة الفرنسية إلى سيدي فرج"
    },
    {
        "Educational stage": "JS4",
        "HistoricalEra": "Colonial Era",
        "Date": "1830/06/19",
        "Content": "معركة سطاوالي"
    },
    {
        "Educational stage": "JS4",
        "HistoricalEra": "Colonial Era",
        "Date": "1830/07/05",
        "Content": "سقوط العاصمة – توقيع الداي معاهدة الاستسلام"
    },
    {
        "Educational stage": "JS4",
        "HistoricalEra": "Colonial Era",
        "Date": "1944/03/07",
        "Content": "قانون المواطنة الفرنسية"
    },
    {
        "Educational stage": "JS4",
        "HistoricalEra": "Colonial Era",
        "Date": "1832/11/27",
        "Content": "مبايعة مقاومة الأمير عبد القادر"
    },
    {
        "Educational stage": "JS4",
        "HistoricalEra": "Colonial Era",
        "Date": "1926/06/20",
        "Content": "تأسيس حزب نجم شمال إفريقيا"
    },
    {
        "Educational stage": "JS4",
        "HistoricalEra": "Colonial Era",
        "Date": "1937/03/11",
        "Content": "حزب الشعب"
    },
    {
        "Educational stage": "JS4",
        "HistoricalEra": "Colonial Era",
        "Date": "1931/05/05",
        "Content": "جمعية العلماء المسلمين الجزائريين"
    },
    {
        "Educational stage": "JS4",
        "HistoricalEra": "Colonial Era",
        "Date": "1946/11/02",
        "Content": "حركة انتصار الحريات الديمقراطية"
    },
    {
        "Educational stage": "JS4",
        "HistoricalEra": "Colonial Era",
        "Date": "1943/02/10",
        "Content": "إصدار البيان الجزائري"
    },
    {
        "Educational stage": "JS4",
        "HistoricalEra": "Colonial Era",
        "Date": "1944/03/14",
        "Content": "تجمع أحباب البيان والحرية"
    },
    {
        "Educational stage": "JS4",
        "HistoricalEra": "Colonial Era",
        "Date": "1946/04/17",
        "Content": "الاتحاد الديمقراطي للبيان الجزائري"
    },
    {
        "Educational stage": "JS4",
        "HistoricalEra": "Colonial Era",
        "Date": "1947/02/17",
        "Content": "المنظمة الخاصة"
    },
    {
        "Educational stage": "JS4",
        "HistoricalEra": "Colonial Era",
        "Date": "1947/09/20",
        "Content": "دستور الجزائر"
    },
    {
        "Educational stage": "JS4",
        "HistoricalEra": "Colonial Era",
        "Date": "1954/03/23",
        "Content": "اللجنة الثورية للوحدة والعمل"
    },
    {
        "Educational stage": "JS4",
        "HistoricalEra": "Colonial Era",
        "Date": "1954/06/23",
        "Content": "اجتماع 22 عضوا"
    },
    {
        "Educational stage": "JS4",
        "HistoricalEra": "Colonial Era",
        "Date": "1954/10/23",
        "Content": "اجتماع 6 أعضاء (الحسم)"
    },
    {
        "Educational stage": "JS4",
        "HistoricalEra": "War of Independence",
        "Date": "1954/11/01",
        "Content": "اندلاع الثورة - توزيع بيان نوفمبر"
    },
    {
        "Educational stage": "JS4",
        "HistoricalEra": "War of Independence",
        "Date": "1955/08/20",
        "Content": "هجومات الشمال القسنطيني"
    },
    {
        "Educational stage": "JS4",
        "HistoricalEra": "War of Independence",
        "Date": "1955/04/24",
        "Content": "مؤتمر باندونغ"
    },
    {
        "Educational stage": "JS4",
        "HistoricalEra": "War of Independence",
        "Date": "1956/08/20",
        "Content": "مؤتمر الصومام"
    },
    {
        "Educational stage": "JS4",
        "HistoricalEra": "War of Independence",
        "Date": "1957/02/04",
        "Content": "إضراب الثمانية أيام"
    },
    {
        "Educational stage": "JS4",
        "HistoricalEra": "War of Independence",
        "Date": "1956/10/22",
        "Content": "اختطاف طائرة الوفد الجزائري"
    },
    {
        "Educational stage": "JS4",
        "HistoricalEra": "War of Independence",
        "Date": "1958/10/03",
        "Content": "مشروع قسنطينة"
    },
    {
        "Educational stage": "JS4",
        "HistoricalEra": "War of Independence",
        "Date": "1958/09/19",
        "Content": "تأسيس الحكومة المؤقتة"
    },
    {
        "Educational stage": "JS4",
        "HistoricalEra": "War of Independence",
        "Date": "1958/10/23",
        "Content": "سلم الشجعان"
    },
    {
        "Educational stage": "JS4",
        "HistoricalEra": "War of Independence",
        "Date": "1960/12/11",
        "Content": "مظاهرات الجزائريين"
    },
    {
        "Educational stage": "JS4",
        "HistoricalEra": "War of Independence",
        "Date": "1961/10/17",
        "Content": "مظاهرات الجالية الجزائرية"
    },
    {
        "Educational stage": "JS4",
        "HistoricalEra": "War of Independence",
        "Date": "1962/03/18",
        "Content": "مفاوضات إيفيان الثانية"
    },
    {
        "Educational stage": "JS4",
        "HistoricalEra": "War of Independence",
        "Date": "1962/03/19",
        "Content": "وقف إطلاق النار"
    },
    {
        "Educational stage": "JS4",
        "HistoricalEra": "Post-Independence Era",
        "Date": "1962/07/01",
        "Content": "استفتاء الاستقلال"
    },
    {
        "Educational stage": "JS4",
        "HistoricalEra": "Post-Independence Era",
        "Date": "1962/07/05",
        "Content": "استقلال الجزائر"
    },
    {
        "Educational stage": "JS4",
        "HistoricalEra": "Post-Independence Era",
        "Date": "1962/10/08",
        "Content": "انضمام الجزائر إلى الأمم المتحدة"
    }
]