[
    {
        "EducationalStage": "JS1",
        "HistoricalEra": "Prehistoric Era",
        "Topic": "دراسة الآثار القديمة",
        "Content": "الآثار هي بقايا مادية تعكس حياة البشر والحيوانات في عصور سابقة، وتشمل ما يلي: الهياكل البشرية والحيوانية: بقايا العظام التي تعود إلى البشر والحيوانات. الأدوات المتنوعة: مثل الأدوات المصنوعة من الحجارة، العظام، العاج، الخشب، بيض النعام، والأواني الفخارية. النقوش والرسومات والرموز: مثل رسومات الطاسيلي في الجزائر، التي تعبر عن الحياة الثقافية والاجتماعية لتلك الفترات. عالم الآثار هو الشخص الذي يبحث ويقوم بدراسة الآثار للتوصل إلى حقائق حول الزمن والمادة الأثرية. يُساعده علماء مختصون في مجالات أخرى مثل علم الأنتروبولوجيا، الكيمياء، والفنون. خطوات دراسة الآثار: يتبع عالم الآثار في دراسته الخطوات التالية: تحديد الموقع الأثري: البحث عن الأماكن التي تحتوي على آثار قديمة. مسح الموقع الأثري: جمع المعلومات عن الموقع وتحديد مدى أهمية الآثار الموجودة فيه. التنقيب في الموقع الأثري: القيام بأعمال الحفر لاستكشاف الآثار المدفونة. الدراسة والتحليل والنشر: دراسة البيانات التي تم جمعها وتحليلها، ثم نشر النتائج. تصنيف وتأريخ الآثار: تصنيف الآثار بناءً على نوعها وتحديد الزمن الذي تعود إليه. المواقع الأثرية: تتوزع المواقع الأثرية في الأماكن التي تواجد فيها الإنسان قديمًا، مثل: الكهوف والمغارات: التي استخدمها الإنسان كملاذ ومكان للعيش. المدن الأثرية: مثل المدن القديمة التي تحتوي على معالم معمارية. رسومات الجدران: التي تعكس أنماط الحياة والثقافة. من خلال دراسة وتصنيف الآثار، يمكننا فهم أنماط معيشة الإنسان في العصور القديمة واكتساب رؤية أعمق حول تطور الحضارات والثقافات عبر الزمن.",
        "Source": "Original",
        "Level": "1"
    },
    {
        "EducationalStage": "JS1",
        "HistoricalEra": "Prehistoric Era",
        "Topic": "المواقع الأثرية",
        "Content": "المواقع الأثرية هي الأماكن التي تتواجد فيها الآثار. تشمل: المتاحف: مثل متحف باردو في الجزائر العاصمة، حيث يتم عرض مجموعة متنوعة من الآثار. المغارات والكهوف: مثل الكهوف الموجودة في جيجل، تيبازة، والطاسيلي، والتي تحتوي على رسومات وأدوات تعود لفترات زمنية قديمة. خطوات دراسة الآثار: يتبع عالم الآثار في دراسته الخطوات التالية: تحديد الموقع الأثري: البحث عن الأماكن التي تحتوي على آثار. مسح الموقع الأثري: جمع المعلومات عن الموقع وتحديد أهميته. التنقيب في الموقع الأثري: القيام بأعمال الحفر لاستكشاف الآثار المدفونة. الدراسة والتحليل والنشر: دراسة البيانات التي تم جمعها وتحليلها، ثم نشر النتائج. تصنيف وتأريخ الآثار: تصنيف الآثار بناءً على نوعها وتحديد الزمن الذي تعود إليه. قراءة الآثار: تستخدم عدة تقنيات لدراسة الآثار وفهمها، منها: الكربون 14 المشع: يُستخدم لمعرفة عمر المواد العضوية مثل العظام والأنسجة. حلقات الأشجار: تُستخدم لتحديد عمر الأشجار ومختلف النباتات. الأشعة السينية: تُستخدم للكشف عن الأماكن الأثرية المطمورة تحت سطح الأرض. الموجات الصوتية: تُستخدم لتحديد المخلفات الأثرية المطمورة والكشف عن حالتها. تمثل المواقع الأثرية والممارسات المستخدمة لدراسة الآثار مفتاحًا لفهم تاريخ الإنسانية وتطور المجتمعات عبر الزمن. تساعد هذه الطرق العلمية في كشف النقاب عن ماضي الشعوب والثقافات من خلال تحليل بقاياهم وأدواتهم.",
        "Source": "Original",
        "Level": "1"
    },
    {
        "EducationalStage": "JS1",
        "HistoricalEra": "Prehistoric Era",
        "Topic": "ما قبل التاريخ",
        "Content": "ما قبل التاريخ هي الفترة التي تمتد من ظهور الإنسان حتى اختراع الكتابة. نظرًا لطول هذه الفترة، قسم المؤرخون عصور ما قبل التاريخ إلى ثلاثة عصور، تُعرف بالعصور الحجرية. تطور معيشة إنسان ما قبل التاريخ مر بمرحلتين رئيسيتين: المرحلة الأولى (التنقل): تمتد هذه المرحلة من ظهور الإنسان حتى حوالي 8000 ق.م. السمات الرئيسية: التنقل والترحال من مكان لآخر بحثًا عن الطعام. العيش على الصيد وجمع الثمار (الإلتقاط). السكن في الكهوف والمغارات. المرحلة الثانية (الاستقرار): تُعرف بفجر التاريخ، وتعتبر الحد الفاصل بين مرحلة ما قبل التاريخ وبدء الحضارة المدنية. السمات الرئيسية: الاستقرار في مكان واحد وبدء ممارسة الزراعة. اختفاء الحيوانات المفترسة من المناطق التي سكنها الإنسان. الكتابة: الكتابة هي عبارة عن أشكال ورموز يستخدمها الإنسان للتعبير عن أفكاره ومشاعره. اختلفت مواد الكتابة، حيث استخدم الإنسان أوراق البردي، وألواح الطين. تنوعت أساليب الكتابة، مثل الكتابة المسمارية، الهيروغليفية، والمندائية. ساهمت الكتابة في تسهيل التواصل بين الشعوب وتوثيق الأحداث والأفكار. يمثل ما قبل التاريخ فترة مهمة في تطور البشرية، حيث انتقل الإنسان من حياة التنقل والصيد إلى الاستقرار والزراعة، مما أدى إلى نشوء الحضارات الأولى. كما كانت الكتابة من أهم الابتكارات التي ساهمت في تطوير المجتمعات وتسهيل التواصل.",
        "Source": "Original",
        "Level": "1"
    },
    {
        "EducationalStage": "JS1",
        "HistoricalEra": "Prehistoric Era",
        "Topic": "التنقل والاستقرار",
        "Content": "1. مرحلة التنقل: الزمن: تبدأ من ظهور الإنسان إلى غاية اكتشاف الزراعة حوالي 8000 سنة ق.م. المظاهر الرئيسية: التنقل والترحال: عاش الإنسان حياة متجولة بحثًا عن الغذاء. الجمع والتقاط الثمار: اعتمد الإنسان على جمع الثمار البرية لتوفير الغذاء. اكتشاف النار: استخدم النار في الطهي والحماية. السكن في الكهوف والمغارات: توفر الكهوف ملاذًا آمنًا من الظروف الجوية والحيوانات المفترسة. تطوير الأدوات الحجرية: ابتكر الإنسان أدوات حجرية مثل الفؤوس والمكاشط لاستخدامها في أغراضه اليومية. 2. مرحلة الاستقرار: الزمن: تبدأ من اكتشاف الزراعة إلى غاية 3200 سنة ق.م. المظاهر الرئيسية: تطوير الأدوات الحجرية: تحسن صناعة الأدوات لتناسب الأنشطة الزراعية. ممارسة الزراعة: بدأ الإنسان بزراعة المحاصيل، مما أدى إلى استقرار المجتمعات. بناء المساكن: شيد الإنسان منازل ثابتة وكون مجموعات أسرية. ظهور الكتابة: بدأ الإنسان بتدوين الأحداث والتجارب. استئناس الحيوانات: تم استئناس الحيوانات، مما ساهم في توفير الغذاء والعمالة في الزراعة. مفهوم الكتابة: التعريف: الكتابة هي مجموعة من الرموز والأشكال والحروف. التطور: بدأت الكتابة على شكل صور، ثم تحولت إلى رموز، ثم مقاطع لكلمات. المواد المستخدمة: في البداية، كُتبت الكتابات على أوراق البردي. أنواع الكتابة: الكتابة المسمارية: ظهرت في بلاد الرافدين. الكتابة الهيروغليفية: استخدمت في مصر. الكتابة الفنيقية: نشأت في فينيقيا. دور الكتابة في بداية التاريخ: بفضل الكتابة، استطاع الإنسان القديم تدوين وتسجيل كل ما يتعلق بحياته ومحيطه. من هنا، بدأت فترة جديدة تُعرف بفترة التاريخ القديم، حيث أصبحت المجتمعات قادرة على توثيق تجاربها وتاريخها.",
        "Source": "Original",
        "Level": "1"
    },
    {
        "EducationalStage": "JS1",
        "HistoricalEra": "Ancient Era",
        "Topic": "المغرب وممالك شمال إفريقيا",
        "Content": "1. موقع بلاد المغرب: تمتد بلاد المغرب من البحر الأبيض المتوسط شمالًا إلى الصحراء الكبرى جنوبًا، ومن مصر شرقًا إلى المحيط الأطلسي غربًا. تُعرف أيضًا بمصطلح شمال إفريقيا. 2. ممالك شمال إفريقيا: ظهرت الممالك الوطنية في القرن الرابع قبل الميلاد، ومن أبرزها: أ. نوميديا الغربية (الماسيل): الموقع: تتركز في المنطقة الممتدة من القبائل الماسيلية شرقًا والقبائل المورية غربًا، تشمل وسط وغرب الجزائر حاليًا. الملوك: من أبرز ملوكها سيفاكس. ب. نوميديا الشرقية (الماسيل): الموقع: تقع شرق الماسيسيل، وعاصمتها سيرتا. الملوك: حكمها غايا من 220 إلى 203 ق.م، ثم ابنه ماسينيسا من 203 إلى 148 ق.م. الإنجازات: عمل ماسينيسا على تقوية المملكة، حيث شغلت مكانة هامة في التبادل التجاري المتوسطي. ج. المملكة الموحدة: التأسيس: وحد ماسينيسا المملكتين بعد استرجاع ممتلكات أبيه التي كانت تحت سيطرة الماسيسيل. المدة: قادها لمدة 60 سنة (202 ق.م إلى 148 ق.م) وعمل على تطويرها اقتصاديًا وعسكريًا، وشجع القبائل على الاستقرار وأصلح الضرائب. د. مملكة موريطانيا: الظهور: يعود ظهورها إلى أواخر القرن الرابع ق.م. الموقع: تمتد بين المحيط الأطلسي غربًا وأعمدة هيرقل شمالًا، وواد ملوية شرقًا، وحدودها الجنوبية كانت متغيرة. الملوك: من أهم ملوكها بوخوس الأول، وتمكن الرومان من السيطرة عليها في 40 ق.م. 3. التطور الحضاري لممالك شمال إفريقيا: أ. النظام السياسي: ساد نظام الحكم الملكي الوراثي، حيث كانت الملكية تنتقل ضمن العائلة وتنتمي بالذكور إلى جد مشترك واحد، وعند وفاته ينتقل الحكم إلى الأكبر. ب. التطور الاقتصادي: حظيت الزراعة بعناية الملك ماسينيسا، حيث كانت أراضي الماسيل تحتوي على مساحات واسعة مخصصة لزراعة الحبوب، مما ساهم في رفع الإنتاج الزراعي. كذلك، ساهمت أراضي الماسيسيل في رفع الإنتاج الزراعي وتصديره نحو روما. ج. العلوم والفنون والدين: اهتم ملوك شمال إفريقيا بالثقافة وشجعوا على الانفتاح الثقافي ومد الجسور مع اللغات العالمية المتاحة آنذاك. تحدث النوميد اللغة اللوبية، وتبنى البونية كلغة رسمية حتى بعد سقوط قرطاجة. كان المجتمع في شمال إفريقيا مجتمعًا وثنيًا، حيث عبدوا الإله بعل حامون، وانتشرت المسيحية بعد دخول روما أراضيهم.",
        "Source": "Original",
        "Level": "1"
    },
    {
        "EducationalStage": "JS1",
        "HistoricalEra": "Ancient Era",
        "Topic": "علاقات شعوب شمال إفريقيا",
        "Content": "الكفاءة الشاملة: في نهاية السنة الأولى من التعليم المتوسط، يكون المتعلم قادرًا على إبراز قيمة الموروث التاريخي الوطني كمكون للهوية الوطنية، من خلال التعرف على المنجزات الحضارية واكتشاف أساليب تكيف الإنسان مع وسطه. 1. علاقات شعوب شمال إفريقيا مع شعوب الجوار: أ. مع المصريين: احتك سكان المغرب مبكرًا بجيرانهم المصريين، وازدادت العلاقات بين الشعبين نتيجة هجرة سكان المغرب إلى مصر بعد جفاف بلادهم، حيث استوطنوا فيها وعملوا في جيشها، وصولًا إلى مناصب عليا مثل شيشنق الأول الذي وصل لمنصب الفرعون. تأثر سكان المغرب بديانة المصريين، وخصوصًا عبادة الإله آمون. ب. مع الفينيقيين: قدم الفينيقيون إلى شمال إفريقيا كتجار، ثم استوطنوا سواحلها، وأسَّسوا مدنًا مثل: تيبازة، روسيسكادا، وقرطاجة التي أسستها عليسة عام 814 ق.م. نقل الفينيقيون مظاهر الحضارة الشرقية مثل الأبجدية وفن الملاحة والتنظيمات الاجتماعية. ج. مع اليونانيين والرومان: اتصل سكان شمال إفريقيا بشعوب البحر الأبيض المتوسط مثل الإغريق والرومان، وارتبطوا معهم بعلاقات اقتصادية. سعت اليونان والرومان للبحث عن أراضٍ خصبة لاستغلالها، مما أدى إلى توتر العلاقات، ودخلت روما حروبًا ضد قرطاجة تُعرف بالحروب البونية، التي أنهت وجود قرطاجة ومهدت لظهور الممالك الأمازيغية. 2. ممالك شمال إفريقيا: أ. قبل الوحدة: مملكة نوميديا الشرقية (الماسيل): امتدت من قرطاجة شرقًا إلى مملكة نوميديا الغربية غربًا. من ملوكها ماسينيسا. مملكة نوميديا الغربية (الماسيسيل): امتدت من مملكة نوميديا شرقًا إلى وادي ملوية غربًا. من ملوكها سيفاكس. نوميديا الموحدة: لمواجهة الأخطار الخارجية، توحدت المملكتان (نوميديا الشرقية والغربية) وشكلت جيشًا قويًا، وتطورت اقتصاديًا وثقافيًا بفضل جهود الأقاليد (الملوك) مثل ماسينيسا، مما أثار مخاوف الرومان. مملكة المور (موريتانيا): امتدت من وادي ملوية شرقًا إلى المحيط الأطلسي غربًا. من ملوكها بوخوس الأول. ب. توحيد نوميديا: بعد الصراعات الدائمة بين مملكتي نوميديا بسبب التوسع والزعامة، قام الملك ماسينيسا بتوحيد المملكتين عام 202 ق.م. عمل على إصلاح شؤون المملكة الموحدة، وزودها بجيش قوي، وطوّرها اقتصاديًا من خلال توسيع زراعة الحبوب، واعتمد على اللغة الفينيقية، وحفز السكان على الاستقرار في المدن، وسك عملة نقدية، وأقام علاقات ودية مع روما. 3. التطور الحضاري لدول شمال إفريقيا: أ. نظام الحكم: ساد النظام الملكي الوراثي، وأشهر ملوك ممالك شمال إفريقيا هم ماسينيسا ويوغرطة. ب. النظام الاقتصادي: حظيت الزراعة بعناية الأقاليد، وخاصة ماسينيسا، الذي ساهمت فترة حكمه في استقرار أوضاع نوميديا وزيادة إنتاج الحبوب المصدرة إلى روما. ج. العلوم والفنون: اهتم ملوك شمال إفريقيا بالتعليم والثقافة، وأبرز علماء تلك الفترة مثل يوبا الثاني والقديس أغسطين. دعوا إلى الانفتاح الثقافي والاحتكاك بالشعوب الأخرى، وكانت لغة التخاطب هي تامازيغت، واستعملوا خط التيفيناغ. د. الديانة: كان المجتمع في شمال إفريقيا مجتمعًا وثنيًا، حيث عبدوا الإله بعل القرطاجي والإله آمون المصري، وكانوا يقدمون القرابين. أدخل الاحتلال الروماني المسيحية، وترك السكان آثارًا عمرانية مثل مدائن الملوك، أشهرها قبر الرومية بتيبازة والمدن والأسوار التي تعرضت للتخريب من قبل الاستعمار.",
        "Source": "Original",
        "Level": "1"
    },
    {
        "EducationalStage": "JS1",
        "HistoricalEra": "Ancient Era",
        "Topic": "تطور الحضارة البونية الليبية",
        "Content": "يمكن فهم تطور الحضارة البونية الليبية في التاريخ من خلال عدة جوانب. في البداية، كان نظام الحكم ملكيًا وراثيًا، حيث كانت السلطة تنتقل داخل العائلة الحاكمة. اقتصاديًا، كانت هذه الممالك تعطي أهمية كبيرة للزراعة، خاصة خلال فترة حكم الملك ماسينيسا، حيث كانت الحبوب هي المحصول الرئيسي المزروع. كما ازدهرت العلوم والفنون، وبرزت شخصيات بارزة مثل يوبا الثاني والقديس أغسطين. وقد تفاعلوا مع الشعوب المجاورة مثل الرومان واليونانيين والفينيقيين، واستخدموا خط التيفيناغ في كتاباتهم. في ما يتعلق بـ الديانة، كان المجتمع مزيجًا من عبادة الإله بعل القرطاجي والإله آمون المصري، مما أدى إلى تراث ثقافي وروحي غني. تجلى ذلك في العمارة الرائعة، بما في ذلك قبر الرومية في تيبازة، بالإضافة إلى مدن وأسوار أخرى تعرضت للتدمير خلال الاحتلال الاستعماري.",
        "Source": "Original",
        "Level": "2"
    },
    {
        "EducationalStage": "JS1",
        "HistoricalEra": "Ancient Era",
        "Topic": "مقاومة الاحتلال الثلاثي القديم لشمال إفريقيا",
        "Content": "قاومة الاحتلال الثلاثي القديم لشمال إفريقيا كانت موضوعًا مثيرًا للاهتمام، خاصة بعد حضوري لمعرض حول الشواهد الحضارية لسكان شمال إفريقيا. لقد أذهلني مدى ثراء وتنوع الموروث الحضاري للمنطقة، على الرغم من ما تعرضت له من احتلال أجنبي متنوع مثل الروماني، الوندالي، والبيزنطي. لكنني لاحظت أحد العارضين يرفع شعارًا يؤكد عدم وجود حضارة في شمال إفريقيا، ويقول إن جميع الشواهد الموجودة هي نتاج الاحتلال الأجنبي فقط، مما دفعني للبحث في الموضوع.  خلال حملته الانتخابية، ادعى أحد المرشحين للرئاسيات الفرنسية أن سكان المغرب لم يقاوموا الاحتلال الأوروبي عبر التاريخ، إلا أن الصحافة الوطنية رفضت هذا الادعاء وفضحت زيفه. ومن ثم، طلب مني أهلي الفصل في هذا الموضوع بناءً على معرفتي التاريخية. 1. الاحتلال الروماني (146 ق.م – 429 م): أ. دوافعه: سقوط قرطاجة. ضعف الممالك المغربية. رغبة قادة الجيوش في الحصول على المزيد من الغنائم. ب. مراحله: احتلال قرطاجة سنة 146 ق.م. التوسع شرق نوميديا، وتسميتها أفريقية الجديدة عام 46 ق.م. احتلال نوميديا الغربية ومملكة المور عام 33 ق.م. ج. رد الفعل المحلي: ظهرت مقاومة الأهالي المغاربة في شكل ثورات رافضة للتواجد الروماني، من أبرزها ثورات يوغرطة وتاكفاريناس وعرابيون. انتهى الوجود الروماني بدخول الوندال. 2. الاحتلال الوندالي (429 م – 534 م): أ. أسبابه: أهمية الموقع الاستراتيجي لبلاد المغرب. ضعف السلطة الرومانية نتيجة اشتداد المقاومة المغربية. ضعف الجيش الروماني. ب. مراحله: بعد اكتساح الوندال لأراضي الغال وجنوب إسبانيا، عبروا جبل طارق واحتلوا موريطانيا الطنجية عام 429 م، ثم زحفوا نحو مدينة هيبون (عنابة) واتخذوها عاصمة لهم عام 430 م. ج. رد الفعل الوطني: واجه الوندال مقاومة قوية من القبائل البدوية من الجنوب الشرقي، بزعامة \"قباون\" (قبائل جمالة)، بالإضافة إلى هجمات أمراء الأوراس على أراضي نوميديا. 3. الاحتلال البيزنطي (534 م – 647 م): أ. أسبابه: الرغبة في استرجاع أملاك الإمبراطورية الرومانية الغربية (الوندال). توسيع حدود الإمبراطورية البيزنطية. الاستلاء على ثروات بلاد المغرب. ب. مراحله: بعد أن استولى البيزنطيون على تونس، تقدموا نحو نوميديا واستولوا على عنابة، قسنطينة، قالمة، شرشال، وتنس، وبنوا لهذه المدن حصونًا وأسوارًا. ج. رد الفعل الوطني: ظهرت عدة ثورات ضد الاحتلال، حيث قامت بيزنطة ببناء أسوار حصينة حول المدن لصد المقاومة، وأبرز هذه الثورات كانت ثورة \"يبداس\". ورغم قوة هذا الاحتلال، تمكن الفاتحون المسلمون من القضاء عليه.",
        "Source": "Original",
        "Level": "2"
    },
    {
        "EducationalStage": "JS1",
        "HistoricalEra": "Ancient Era",
        "Topic": "الاحتلال الروماني لبلاد المغرب",
        "Content": "تتضح الكفاءة القاعدية من خلال إبراز البعد الوطني في مقاومة الاحتلال الروماني وأسباب هذا الاحتلال، بالإضافة إلى سياسة روما الإدماجية. 1. أسباب الاستعمار الروماني لبلاد المغرب: الصراع بين روما وقرطاجة من أجل السيطرة على الحوض الغربي للبحر الأبيض المتوسط. رغبة روما في التوسع وضعف الممالك الوطنية. الموقع الممتاز وثراء بلاد المغرب بالثروات الزراعية والحيوانية. النزاع القائم بين قرطاجة وجيرانها النوميديين. رغبة قادة الجيش الروماني ومجلس الشيوخ في الحصول على المزيد من الغنائم. ضعف الممالك المغربية وسقوط قرطاجة سنة 146 ق.م. 2. مراحل الاستعمار الروماني لبلاد المغرب: مر الاستعمار الروماني لبلاد المغرب بعدة مراحل: أ. مرحلة السيطرة العسكرية: تم فيها تدمير قرطاجة وجعلها ولاية رومانية، وضم أجزاء من نوميديا الشرقية بعد هزيمة يوبا الأول. ب. مرحلة الاستيطان: بعد مقتل بطليموس بن يوبا الثاني، تم ضم مملكة موريطانيا إلى روما نهائيًا وتقسيمها إلى مقاطعتين: موريطانيا القيصرية (شرشال) وموريطانيا الطنجية، ثم توجه الرومان لاحتلال المناطق الداخلية تدريجياً. 3. سياسة روما الإدماجية: انتهج الرومان في بلاد المغرب سياسة استعمارية شاملة، تهدف إلى السيطرة على البلاد لأطول فترة ممكنة واستغلال ثرواتها، وتوظيف الإنسان لخدمة مصالحهم. تم إنشاء المستوطنات وإقامة مدن على النمط الروماني. أ. في الميدان الإداري والسياسي: غيرت روما النظام الإداري اللوبي إلى نظام إداري روماني، حيث قسمت المناطق الخاضعة لسيطرتها إلى ولايات ومقاطعات عسكرية وأخرى مدنية. ب. في الميدان الاجتماعي: عمل الرومان على تشكيل مجتمع طبقي من خلال قوانين اجتماعية عنصرية ضد السكان المحليين، مما أدى إلى ظهور طبقة أرستقراطية مالكة للأراضي، وسخروا الأهالي لخدمة مصالحهم. كما فتحت روما باب الهجرة وشجعت الاستيطان. ج. في الميدان الاقتصادي: انتهج الاحتلال الروماني سياسة مصادرة أراضي اللوبيين واستغلالها في مختلف المزروعات، كما فرضوا الضرائب الباهظة على جميع أفراد المجتمع وممتلكاتهم، وطرد الأهالي إلى المناطق الجبلية. د. في الميدان الثقافي والديني: تأثر اللوبيون بالثقافة الرومانية ومعتقداتهم الدينية، وانتشرت اللغة اللاتينية والديانة المسيحية. 4. مقاومة الاستعمار الروماني لبلاد المغرب: قاوم اللوبيون الاحتلال الروماني منذ البداية، رافضين وجود الدخيل في بلادهم. وقد اتخذت المقاومة الأشكال التالية: المقاومة العسكرية: تمثلت في الثورات المسلحة التي تزعمها قادة مشهورون، مثل ثورة يوغرطة، هارباص، يوبا الثاني، غرابيون، تاكفاريناس، وثورة الدوناتيين وفيرموس. المقاومة الثقافية: تجسدت في تمسك سكان بلاد المغرب بهويتهم من خلال العادات والتقاليد والقيم الثقافية.",
        "Source": "Original",
        "Level": "2"
    },
    {
        "EducationalStage": "JS1",
        "HistoricalEra": "Ancient Era",
        "Topic": "الاستعمار الوندالي لبلاد المغرب",
        "Content": "الوندال هم قبائل جرمانية (ألمانيا) استوطنت منطقة وادي أودر حوالي القرن الخامس قبل الميلاد، واحتلوا بلاد المغرب من 429م إلى 534م. 1. أسباب الاستعمار الوندالي لبلاد المغرب: موقع بلاد المغرب الممتاز: غنى بلاد المغرب بالثروات الزراعية والحيوانية. ضعف حكام روما: بسبب كثرة الحروب والفتن الداخلية. ضعف الجيش الروماني: نتيجة النزاع بين الولاة وكثرة الحروب. ضغط قبائل القوط (إسبانيا): مما أجبر الوندال على مغادرة إسبانيا. رغبة الوندال في الوصول إلى روما: عبر المغرب بعد أن استعصى عليهم اقتحامها من جهة روما. استنجاد الوالي الروماني بونيفاس: بالوندال لمساعدته على الانفصال عن روما. 2. مراحل الاستعمار الوندالي لبلاد المغرب: الانطلاق من موطنهم الأصلي جرمانيا: حوالي 400م. اكتساح أراضي بلاد الغال وجنوب إسبانيا: حوالي 409م. عبور جبل طارق واحتلال موريطانيا الطنجية: حوالي 429م. زحفهم نحو مدينة هيبون (عنابة) واحتلالها: حوالي 430م. اقتحامهم قرطاجة عام 439م: واتخاذها عاصمة لهم. 3. سياسة الوندال في بلاد المغرب وانبعاث الإمارات المستقلة: اتبع الوندال أسلوبين مختلفين مع الرومان وسكان المنطقة: القوة العسكرية: استيلاء الوندال على جميع المناطق والممتلكات والأراضي والسيطرة على المنطقة التلية (أفريقيا، وهي القطر القرطاجي والقسم الجيد من نوميديا). عدم تعرض أراضي اللوبيين: المستقلة في الغالب إلى غزو أو تدمير، بل أعاد الوندال بعض الأقاليم إلى الأهالي مباشرة. تمكن سكان بلاد المغرب في ظل الوندال من بعث إمارات مستقلة، أهمها: مملكة التافا مملكة الحضنة مملكة أوراس النمامشة. 4. مقاومة الاحتلال الوندالي لبلاد المغرب: ظهور الإمارات المستقلة وتوسعها شمالًا ضيق من طموح الوندال في المنطقة، وزال الوجود الوندالي بشكل خاص بعد موت ملكهم جينسريق سنة 471م. دب الضعف في الدولة بسبب انغماس الحكام في اللهو والترف، والخلافات بين أفراد الأسرة المالكة، إضافة إلى قوة البيزنطيين واجتياحهم قرطاجة، عاصمة الوندال، سنة 534م.",
        "Source": "Original",
        "Level": "2"
    },
    {
        "EducationalStage": "JS1",
        "HistoricalEra": "Byzantine Era",
        "Topic": "الاستعمار البيزنطي لبلاد المغرب",
        "Content": "1. أسباب الاستعمار البيزنطي لبلاد المغرب: موقع بلاد المغرب الممتاز: غنى بلاد المغرب بالثروات الزراعية والحيوانية. رغبة البيزنطيين في استرجاع أمجاد الإمبراطورية الرومانية. انقسام صفوف الوندال: مما سهل عملية الاحتلال. الثورات المحلية لقبائل المور ضد الوندال: ساعدت في خلق بيئة مناسبة للتدخل البيزنطي. الحملة البيزنطية على بلاد المغرب سنة 533م. 2. مراحل الاستعمار البيزنطي لبلاد المغرب: نزول الجيش البيزنطي ببلاد المغرب: سبتمبر 533م. تحويل بلاد المغرب إلى ولاية بيزنطية: يديرها والي يتم تعيينه من قبل الإمبراطور (من 534م إلى 646م). تمكن الوالي من حكم بلاد المغرب باسمه الخاص، ولكن هذه الفترة كانت قصيرة. 3. السياسة البيزنطية في بلاد المغرب: انتهج الاستعمار البيزنطي سياسة قمعية ضد الأهالي، ومن مظاهرها: الاستيلاء على الأراضي: وتهجير السكان منها. استعباد السكان: وتسخيرهم في خدمة مصالحهم. فرض الضرائب والاتاوات: على السكان المحليين. إقامة مناطق عسكرية: يسيرها ضباط عسكريون. 4. مقاومة الاستعمار البيزنطي لبلاد المغرب: قاوم سكان بلاد المغرب الاستعمار البيزنطي بكل بسالة وشجاعة، وأبرز الأمثلة على ذلك: مقاومة الأوراس بقيادة بيداس. مقاومة الحضنة بقيادة ارتياس. سهمت هذه المقاومات في إضعاف الولاة البيزنطيين. وبعد البعد الجغرافي للعاصمة القسطنطينية عن بلاد المغرب، ساهم ظهور الإسلام في تحرير بلاد المغرب من الوجود البيزنطي.",
        "Source": "Original",
        "Level": "2"
    },
    {
        "EducationalStage": "JS1",
        "HistoricalEra": "Ancient Era",
        "Topic": "لحضارة اللوبية والبونية: أوجه التشابه والاختلاف",
        "Content": "2. الحضارة اللوبية والبونية: تُعد الحضارة اللوبية والبونية حضارة مشتركة ومتداخلة العناصر بين اللوبيين والفينيقيين في شمال إفريقيا، مما شكل أمة واحدة. 3. الاقتصاد والعمران: أ. الزراعة: اهتم ملوك نوميديا بالزراعة والرعي بسبب خصوبة التربة واعتدال المناخ. تنوعت المحاصيل الزراعية مثل القمح والزيتون والنخيل، كما اهتموا بتربية الخيول. ب. التجارة: كانت المبادلات التجارية تتم مع البلدان المتوسطية بحراً، مثل اليونان وإيطاليا وإسبانيا، وبراً مع بلدان جنوب الصحراء. ج. العمران: ازدهرت المدن في العهد اللوبي والبوني، مثل المدن الساحلية (سبراطة، قرطاجة، هيبون، يول، شرشال، وطنجة) والمدن الداخلية (جرمة، دوقة، كالاما، سرتا، وليلي). د. العمارة الجنائزية: برزت في شكل مدافن للملوك، منها ضريح المدراسن قرب باتنة، وضريح دوقة بتونس، وضريح تينهينان بتامنغست، وضريح قبر الرومية بتيبازة. ه. نظام الحكم: ساد النظام الملكي الوراثي، حيث ينتمي الملك إلى الجد الأكبر في العائلة، وينتقل الحكم إلى الأكبر سناً عند وفاته. 4. القبيلة والعشيرة: تتشكل القبيلة من مجموع الأسر المنحدرة من نفس الأصل، ويرأس القبيلة شيخ كبير يُطلق عليه \"أغليد\"، ويتمتع بسلطة نافذة. 5. الثقافة: كتب اللوبيون القدامى بالحروف الليبية للتعبير عن حاجاتهم، وهي الأبجدية التي اشتُق منها خط \"التيفيناغ\". استخدموا الأبجدية الكنعانية وعملوا على نشر الخط البوني (فينيقي مغربي) وتطويره. برز من اللوبيين مثقفون وأدباء مثل هيمصال الثاني والملك يوبا الثاني. 6. المعتقدات الدينية: عبد اللوبيون نوعين من المعبودات: شرقية: مثل الإله آمون (إله مصري) والإله بعل حامون (إله كنعاني). محلية: مثل تانيت وفنبعل. اعتقدوا بوجود الحياة الأخرى، حتى ظهور الديانات السماوية (اليهودية والمسيحية) عن طريق الهجرات والاحتلال. 7. أوجه التشابه والاختلاف: تشابه: كلا الحضارتين اهتمتا بالزراعة والتجارة وازدهرتا عمرانياً، واعتنقتا معتقدات دينية متنوعة. اختلاف: قد تختلف عادات وتقاليد كل حضارة، وتأثير الثقافات المختلفة عليها، حيث كان للفينيقيين تأثير قوي على الحضارة البونية، بينما تطورت الحضارة اللوبية بشكل مستقل في بعض جوانبها. بهذه الطريقة، يُمكن لابنك فهم أوجه التشابه والاختلاف بين الحضارتين اللوبية والبونية، مع التعرف على تطورهما في مجالات الاقتصاد والعمران والثقافة والدين.",
        "Source": "Original",
        "Level": "2"
    },
    {
        "EducationalStage": "JS1",
        "HistoricalEra": "Ancient Era",
        "Topic": "تعريف الحضارة",
        "Content": "تعريف الحضارة: الحضارة هي التقدم والرقي في جميع نواحي الحياة الاقتصادية والاجتماعية والثقافية والفنية والعمرانية والدينية، وتختلف درجة التقدم بين الشعوب والعصور. شروط وعوامل قيام الحضارة: لقيام أي حضارة قديمة، يجب توفر الشروط التالية: 1. وفرة المياه: ضرورية للإنسان والحيوان والنبات. 2. التربة الخصبة: لممارسة النشاط الزراعي. 3. الموقع الجغرافي الممتاز: مثل الأنهار أو السواحل. 4. المناخ المعتدل: يساعد الإنسان على ممارسة نشاطه. 5. الاستقرار والتنظيم والتعاون. الحضارة المصرية القديمة: الموطن: مصر، بالشمال الشرقي لقارة إفريقيا، ويمر بها نهر النيل. عوامل قيامها: 1. نهر النيل كمصدر رئيسي للمياه. 2. المناخ المعتدل. 3. الموقع الجغرافي المطل على البحر الأبيض المتوسط. 4. توحيد مصر العليا والسفلى على يد الملك مينا. 5. قوة الجيش المصري وتربة خصبة. حضارة بلاد الرافدين (العراق): الموطن: المنطقة بين نهري دجلة والفرات. عوامل قيامها: 1. وفرة المياه من النهرين. 2. نظام الحكم ودور الجيش في دعم الاقتصاد. 3. الموقع الجغرافي الممتاز على الطرق التجارية. 4. وفرة الأراضي الخصبة واهتمام السكان بالزراعة. الحضارة القرطاجية: الموطن: الساحل الشرقي لتونس، أسستها الملكة عليسا. عوامل قيامها: 1. السلطة الملكية الصارمة. 2. الجيش المتأهب للحروب. 3. براعة السكان في التجارة البحرية. 4. الموقع الاستراتيجي ووفرة الموانئ. الحضارة اليونانية (الإغريقية): الموطن: الجزء الجنوبي من شبه جزيرة البلقان. عوامل قيامها: 1. الموقع الجغرافي والإشراف على المنافذ المائية. 2. نظام الحكم على الملكية ودولة المدينة. 3. الاهتمام بالجانب العلمي. 4. الاقتباس الحضاري من حضارات الشرق الأدنى القديم. الحضارة الرومانية: الموطن: تقع في إيطاليا، وهي شبه جزيرة. عوامل قيامها: 1. المناخ المتوسطي المعتدل. 2. النشاط البشري وقوة الجيش. 3. صرامة أنظمة الحكم والقانون. 4. توفر الموارد وثروات متنوعة. الاستنتاج: رغم أن معظم الحضارات القديمة قامت على ضفاف البحر الأبيض المتوسط، إلا أن عوامل قيامها كانت متنوعة. فقد اعتمدت الحضارة المصرية على نهر النيل ووحدة البلاد، بينما كانت السهول الخصبة ونظام الحكم في بلاد الرافدين سبباً لقيام حضارتها. أما الحضارة اليونانية فاستفادت من قوة جيشها، في حين تحكمت قرطاجة في التجارة البحرية، بينما استغلت روما مواردها المتنوعة للتوسع والسيطرة. جميع هذه الحضارات ساهمت في تشكيل تاريخ الإنسانية.",
        "Source": "Original",
        "Level": "3"
    },
    {
        "EducationalStage": "JS1",
        "HistoricalEra": "Ancient Era",
        "Topic": "الحضارة المصرية القديمة",
        "Content": "المظهر السياسي: نظام الحكم: كانت مصر تعتمد على نظام الدولة الموحدة تحت حكم الفرعون، الذي كان يمتلك السلطة العليا المطلقة ويعتبر إلهاً يعبده الشعب. الوزير: كان يساعد الفرعون في إدارة شؤون الدولة. الكاتب: كانت مهمته تسجيل وتدوين العقود والمعاهدات. الجيش: كان مسؤولًا عن حماية البلاد والدفاع عنها. المظهر الاجتماعي: الطبقات الاجتماعية: كان المجتمع المصري يتكون من ثلاث طبقات رئيسية: 1. الطبقة الحاكمة: تشمل الفرعون وحاشيته من الوزراء والكهنة وكبار قادة الجيش. 2. طبقة الحرفيين والصناع والتجار: كانت تمثل الأغلبية واستُغلت من قبل الطبقة الحاكمة. 3. طبقة العبيد: محرومة من جميع الحقوق، وكانت مسخرة لخدمة الفرعون والإشراف. المظهر الديني: تميزت الديانة المصرية بتعدد الآلهة، حيث شُيدت المعابد وقدموا القرابين وحنطوا موتاهم. كما بُنيت الأهرامات لدفن الفراعنة. المظهر العلمي والفكري: استخدم المصريون الكتابة الهيروغليفية، وكان التعليم مقتصرًا على الطبقة الغنية. تطورت العلوم بشكل كبير، خصوصًا في الرياضيات والطب، حيث قاموا بإجراء عمليات جراحية بسيطة واحتفظوا بممارسات تحنيط الموتى. المظهر الاقتصادي: اهتم المصريون بالزراعة بسبب خصوبة التربة المروية بنهر النيل، مما أدى إلى تنوع المحاصيل مثل الحبوب والكروم والنخيل. كما طوروا عدة صناعات مثل النسيج والزجاج والحلي وصناعة السفن والأسلحة. وكانت تجارتهم نشطة، حيث أقاموا علاقات تجارية مع مناطق مثل السودان والصومال وبلاد الشام. المظهر العسكري: اقتصرت مهمة الجيش على حماية البلاد والدفاع عنها، وكان يقوده الفرعون بنفسه. استخدم الجيش أسلحة متنوعة مثل الفؤوس والسهام والحراب والسيوف، بالإضافة إلى العربات ذات العجلات.",
        "Source": "Original",
        "Level": "3"
    },
    {
        "EducationalStage": "JS1",
        "HistoricalEra": "Ancient Era",
        "Topic": "بلاد الرافدين",
        "Content": "المظهر السياسي: نظام الحكم: عرفت بلاد الرافدين بنظام المدن المستقلة سياسيًا واقتصاديًا وعسكريًا، مما عرضها للحروب. وحدها الأكاديون في مملكة واحدة، مما أدى إلى نشوء إمبراطورية قوية كان الحكم فيها ملكيًا. المظهر الاجتماعي: الطبقات الاجتماعية: انقسم المجتمع الرافدي إلى ثلاث طبقات رئيسية: 1. طبقة الملوك والأحرار وحاشيتهم. 2. طبقة الكهنة والجيش. 3. طبقة التجار والحرفيين. 4. طبقة العبيد. كما كان هناك مجموعة من القوانين، مثل قانون حمورابي، تهدف إلى نشر الأمن والعدالة بين الأفراد. المظهر الديني: الديانة: عبد سكان بلاد الرافدين آلهة متعددة، حيث كان لكل مدينة أو قرية أو جماعة إله خاص بها. كما عبدوا قوى الطبيعة مثل الشمس والقمر والنجوم، واعتقدوا بالروح الشريرة والروح الطيبة. من بين آلهتهم المعروفة كانت مردوخ وآشور. المظهر الاقتصادي: الزراعة: تعتبر أراضي بلاد الرافدين من أخصب الأراضي في العالم، مما دفع سكانها للاهتمام بالزراعة. حفروا الترع والقنوات لتوفير مياه الري والتحكم في مياه نهري دجلة والفرات، مما أدى إلى تنوع المحاصيل مثل الحبوب والتمور. الثروة الحيوانية: اهتموا بتربية الأغنام والماعز والبقر. الصناعات: عُرف أهل الرافدين باستخراج المعادن وصناعة الآلات والأسلحة، بالإضافة إلى الأواني النحاسية والفضية والذهبية. برعوا أيضًا في صناعة السجاد والتطريز. ساعد الموقع الجغرافي الممتاز للعراق على النشاط التجاري داخليًا وخارجيًا. المظهر الفكري والعلمي: الكتابة: عُرف أهل الرافدين الكتابة بالخط المسماري، حيث دونوا قوانينهم ونظمهم وتعاليمهم. أنشأوا المكتبات واهتموا بالفلك، وعرفوا ظواهر مثل الخسوف والكسوف. المظهر العسكري: الجيش: امتلكت بلاد الرافدين جيشًا نظاميًا مدربًا جيدًا، وكانت الخدمة العسكرية تعتبر طاعة للملك وخدمة له. بلغ الجيش أوج تقدمه وقوته، خاصة في عهد الأشوريين.",
        "Source": "Original",
        "Level": "3"
    },
    {
        "EducationalStage": "JS1",
        "HistoricalEra": "Ancient Era",
        "Topic": "الحضارة القرطاجية",
        "Content": "المظهر السياسي: نظام الحكم: كان النظام في البداية ملكيًا، ثم تحول إلى جمهوري حيث تم الفصل بين السلطات الثلاث: السلطة التشريعية، السلطة التنفيذية، وهيئة المراقبين. كانت الدولة تُدار بواسطة الملك وثلاثة مجالس هي: مجلس الحكم، مجلس الشيوخ، ومجلس الشعب أو مجلس المواطنين. المظهر الاجتماعي: الطبقات الاجتماعية: تميز المجتمع القرطاجي بالطبقية، حيث انقسم إلى: 1. الطبقة الأرستقراطية. 2. الطبقة الشعبية. 3. طبقة العبيد. ومع ذلك، ظهرت مظاهر للعدالة الاجتماعية خاصة بعد التحول من النظام الملكي إلى الجمهوري. المظهر الديني: الديانة: كان القرطاجيون شعبًا وثنيًا، حافظوا على آلهتهم الفينيقية، كما عبدوا الشمس والقمر والنجوم، وقدسوا الحيوانات مثل الأسود والأفاعي والكباش. أقاموا شعائر دينية وقدّموا القرابين في المعابد. المظهر الاقتصادي: الأنشطة الاقتصادية: مارس سكان قرطاجة التجارة والصيد، وكان ميناء قرطاجة يُسهم في تنويع علاقاتهم التجارية مع مختلف دول وجزر البحر المتوسط. كما عرفوا الزراعة نتيجة احتكاكهم بالأمازيغ وطبيعة المنطقة، واشتهروا بصناعة السفن والأصبغة الأرجوانية والفخار. المظهر العسكري: الجيش: أولى القرطاجيون اهتمامًا كبيرًا للجيش، الذي كان يتكون غالبًا من المرتزقة لحماية أنفسهم بسبب العلاقات المتوترة مع الرومان واليونانيين، والدفاع عن مصالحهم في حوض البحر المتوسط. كان الجيش ينقسم إلى جيش بري وآخر بحري، وقد خاضت قرطاجة حروبًا طويلة مع الرومان تُعرف بالحروب البونية. المظهر الفكري والعلمي: المساهمات الثقافية: برزت مساهمة القرطاجيين في مجالات مثل الهندسة المعمارية، وعلم الفلك، والرحلات. ومع ذلك، لم يتبقَ أثر لتراثهم العلمي، حيث دمر الرومان كل شيء وأحرقوا مدينة قرطاجة.",
        "Source": "Original",
        "Level": "3"
    },
    {
        "EducationalStage": "JS1",
        "HistoricalEra": "Ancient Era",
        "Topic": "الحضارة الرومانية",
        "Content": "المظهر السياسي: نظام الحكم: مر الحكم الروماني بثلاث مراحل رئيسية: 1. مرحلة الحكم الملكي. 2. النظام الجمهوري. 3. الحكم الإمبراطوري. المظهر الاجتماعي: الطبقات الاجتماعية: قُسم المجتمع الروماني إلى ثلاث طبقات: 1. طبقة الأشراف (الأرستقراطية): تشمل العائلة الحاكمة، الأثرياء، رجال الدين والكهنة، وقادة الجيش وكبار ملاك الأراضي. 2. طبقة العامة (الأحرار): تضم صغار الصناع، التجار، الفلاحين، والحرفيين. 3. طبقة العبيد: تشمل أسرى الحرب، الذين عانوا من معاملة قاسية، مما أدى إلى قيام ثورات ضد أسيادهم، مثل ثورة سبارتاكوس. المظهر الديني: الديانة: كان المجتمع الروماني وثنيًا، حيث عبد السكان مظاهر الكون وبعض الكائنات الحية. شيدوا معابد وتماثيل وقدموا القرابين للآلهة مثل الإله جوبيتر. المظهر العلمي والفكري: الإسهامات الثقافية: اشتهر الرومان بالأدب والفنون، بما في ذلك الشعر والرسم والموسيقى. اعتمدوا على الاقتباس من الحضارات الأخرى، خاصة اليونانية والفينيقية. من أشهر مفكريهم: شيشرون، فرجيل، وبطليموس. المظهر العمراني والفني: الإنجازات المعمارية: شيد الرومان العديد من المباني مثل المنازل، المعابد، القصور، الجسور، الحمامات، ومنشآت التسلية مثل المسارح والمدرجات (مثل الكولوسيوم). وتميزوا في الزخرفة بالفسيفساء. المظهر الاقتصادي: الاقتصاد: يعود تطور روما الاقتصادي إلى اعتمادها على المستعمرات واستغلال خيراتها. كانت الزراعة الحرفة الأساسية، لكنها فقدت أهميتها بسبب التوسع الروماني وفرض الضرائب على الفلاحين. اهتم الرومان بالصناعات العسكرية لتزويد الجيش بالأسلحة، وكانت التجارة مزدهرة بفضل بناء الطرق والجسور ووفرة المنتجات الزراعية والصناعية. المظهر العسكري: الجيش: امتلكت روما جيشًا قويًا استخدم في التوسع والاستعمار، وكان يتميز بالقوة والتنظيم والتدريب الجيد.",
        "Source": "Original",
        "Level": "3"
    }
]