[
    {
        "EducationalStage": "JS3",
        "HistoricalEra": "Islamic Era",
        "Topic": "المشرق الإسلامي أواخر العهد العباسي",
        "Content": "1. **الامتداد المكاني والزماني للدولة العباسية**:\n\nتأسست الدولة العباسية سنة 132هـ/750م، وشملت أجزاءً واسعة من العالم القديم، متضمنة عدة أقاليم بثقافات متنوعة، ما جعل السيطرة صعبة وتفاوتت قوتها وضعفها حتى سقوطها سنة 656هـ/1258م.\n\n2. **الدول التي حكمت باسم الخلافة العباسية**:\n\n- **الدولة البويهية** (334هـ/945م إلى 447هـ/1055م): حكمت إيران وحولت العاصمة إلى شيراز.\n- **دولة السلاجقة** (447هـ/1055م إلى 530هـ/1135م): حكمت تركستان وعرفت بمعركة ملاذ كرد ضد البيزنطيين.\n- **الدولة الأيوبية** (564هـ/1169م إلى 648هـ/1250م): حكمت مصر والشام، وتميزت بتحرير القدس في معركة حطين.\n- **دولة المماليك** (642هـ/1250م إلى 932هـ/1517م): قادة مثل الظاهر بيبرس وقطز قادوا هزيمة المغول في معركة عين جالوت.\n\n3. **المنجزات الحضارية**:\n\n- **الحركة الثقافية والعلمية**: تضمنت ترجمة العلوم الأجنبية، تأسيس المدارس النظامية (عهد السلاجقة)، وازدهار التعليم في العهد الأيوبي وظهور علماء مثل ابن تيمية وابن خلدون في عهد المماليك.\n- **العمارة والفنون**: شيدت أبنية ضخمة، مساجد، ومدارس مزخرفة بالفسيفساء، مثل مدرسة الفردوس بسوريا.\n\n4. **أحداث هامة**:\n\n- **معركة ملاذ كرد** (1071م/464هـ): حقق السلاجقة فيها انتصارًا على البيزنطيين، مؤذنة ببداية السيطرة التركية على الأناضول.\n- **الحروب الصليبية** (1096م إلى 1291م): سلسلة من الحملات الأوروبية التي انتهت بهزيمتها في معركة حطين بقيادة صلاح الدين الأيوبي.",
        "Source": "Original",
        "Level": "1"
    },
    {
        "EducationalStage": "JS3",
        "HistoricalEra": "Islamic Era",
        "Topic": "المغرب الإسلامي ما بعد الموحدين",
        "Content": "**الدولة الموحدية (515هـ إلى 668هـ / 1120م إلى 1269م):**\n\nنشأت الدولة الموحدية في المغرب الإسلامي، وهي دولة عربية إسلامية تأسست في بداية القرن الثاني عشر. على الرغم من أن نفوذها امتد عبر شمال أفريقيا بما في ذلك الجزائر، كانت الدولة الموحدية أول دولة تُوحد المنطقة تحت حكم واحد، حيث ضمت أجزاءً من الجزائر وتونس وأندلس وبعض الجزر في البحر الأبيض المتوسط.\n\nتمكنت الدولة الموحدية من تأسيس نظام مركزي قوي بفضل قوتها العسكرية والدينية والسياسية. ومع ذلك، تعرضت الدولة للعديد من التحديات الداخلية، مثل الصراعات على السلطة، بالإضافة إلى التهديدات الخارجية التي أدت تدريجياً إلى ضعف حكم الموحدين. انتهى الأمر بتفكك الدولة الموحدية إلى ممالك صغيرة مستقلة، مما أثر على تاريخ المنطقة.\n\n**دول المغرب الإسلامي بعد الموحدين:**\n\nبعد انهيار الدولة الموحدية، كانت معركة حصن العقاب في الأندلس عام 1212م (609هـ) بمثابة بداية النهاية لهذه الدولة. فقد أسفرت الخسارة في هذه المعركة عن ضعف كبير في السلطة الموحدية وتفكك إمبراطوريتهم إلى ثلاث دول رئيسية، ومن هذه الدول كانت هناك:\n\n1. **الدولة الحفصية (625هـ إلى 981هـ / 1228م إلى 1573م):**  \n   - المؤسس: أبو زكريا يحيى بن أبي محمد بن أبي حفص.  \n   - الإقليم: شملت تونس، وأجزاء من الغرب الليبي (طرابلس)، والشرق الجزائري.  \n   - العاصمة: تونس.  \n   - السمات: اشتهرت الدولة الحفصية بالازدهار الاقتصادي والمساهمات الثقافية والتعليمية، حيث أصبحت تونس مركزاً حيوياً للتجارة والعلم والثقافة في شمال أفريقيا. ومع ذلك، واجهت تحديات مستمرة من الدول المجاورة والفصائل الداخلية.\n\n2. **الدولة الزيانية (بني عبد الواد) (633هـ إلى 962هـ / 1236م إلى 1514م):**  \n   - المؤسس: يغمرا سن بن زيان.  \n   - الإقليم: شملت المناطق الوسطى والغربية من الجزائر.  \n   - العاصمة: تلمسان.  \n   - السمات: حافظت الدولة الزيانية على نفوذها في الجزائر، وأصبحت تلمسان مركزاً ثقافياً واقتصادياً مهماً. تعرضت الدولة لضغوط عسكرية من الحفصيين والمرينيين، مما أدى إلى فترات من النزاع وتبادل تجاري وثقافي.\n\n3. **الدولة المرينية (668هـ إلى 957هـ / 1269م إلى 1550م):**  \n   - المؤسس: بنو مرين، تحت قيادة أبو يحيى بن عبد الحق.  \n   - الإقليم: امتد نفوذها إلى المغرب الأقصى، وركزت على توسيع سلطتها في المناطق القريبة.  \n   - العاصمة: فاس.  \n   - السمات: دعمت الدولة المرينية بيئة ثقافية وفكرية مزدهرة، خصوصاً في عاصمتها فاس. سعت المرينيون إلى توحيد المغرب الغربي واستعادة النفوذ في الأندلس. ولكن ضعفت الدولة في النهاية بسبب الصراعات الداخلية والضغوط من الدولة العثمانية.",
        "Source": "Original",
        "Level": "1"
    },
    {
        "EducationalStage": "JS3",
        "HistoricalEra": "Islamic Era",
        "Topic": "أوروبا في العصر الوسيط وتأثيرها على تاريخ الجزائر",
        "Content": "**يمتد العصر الوسيط في أوروبا** من سقوط الإمبراطورية الرومانية سنة 476م على يد القبائل الجرمانية إلى سقوط القسطنطينية سنة 1453م على يد الدولة العثمانية. تتعلق هذه الحقبة بتشكيل العديد من الدول الأوروبية التي كان لها تأثيرات عميقة على منطقة شمال أفريقيا، بما في ذلك الجزائر.\n\n1. **الأسرة الكارولنجية:**  \n   بعد سقوط روما، شهدت أوروبا فترة من الفوضى السياسية والاقتصادية، لكن ظهور الأسرة الكارولنجية، خاصة في عهد الملك شارلمان، أدى إلى توحيد الغرب الأوروبي وتعزيز المسيحية. تأثرت الجزائر بهذا التوجه حيث كانت تتفاعل مع القوى الأوروبية خلال تلك الفترة، مما شكل خلفية لتطوراتها المستقبلية.\n\n2. **تفكك الإمبراطورية الكارولنجية:**  \n   مع نهاية العصر الوسيط، شهدت أوروبا تدهورًا سياسيًا واقتصاديًا، مما أدى إلى صراعات داخلية وخارجية. هذا الوضع أعطى فرصة للدولة العثمانية لتوسيع نفوذها في المنطقة، بما في ذلك الجزائر، حيث أصبحت جزءًا من الإمبراطورية العثمانية في القرن السادس عشر.\n\n3. **تأثير سقوط القسطنطينية:**  \n   سقوط القسطنطينية في 1453م كان نقطة تحول، حيث هاجر العديد من العلماء والباحثين إلى أوروبا الغربية، مما ساهم في بدء النهضة الأوروبية. هذه النهضة كانت لها تبعات على العالم الإسلامي، بما في ذلك الجزائر، حيث تفاعلوا مع الأفكار الجديدة والتقنيات.\n\n4. **الإصلاح الديني:**  \n   نشأت حركة الإصلاح الديني، مثل اللوثرية، كرد فعل على فساد الكنيسة. هذا التحول أدى إلى صراعات دينية في أوروبا، مما أثر على العلاقات مع الدول الإسلامية، بما في ذلك الجزائر، حيث كانت الدولة العثمانية تمثل قوة إسلامية رئيسية.\n\n5. **الممالك والدول الأوروبية:**  \n   بفضل ازدهار التجارة مع المسلمين عبر البحر الأبيض المتوسط، وظهور اللغات القومية، ظهرت ممالك حديثة مثل فرنسا وبريطانيا. كان لهذه الدول أطماع استعمارية، مما أدى في النهاية إلى الاستعمار الفرنسي للجزائر في القرن التاسع عشر.\n\n6. **الكشوفات الجغرافية:**  \n   مع نهاية العصر الوسيط، بدأ الأوروبيون في استكشاف أراض جديدة، بما في ذلك الأمريكتين. هذه الكشوفات وفرت أيضًا طرقًا تجارية جديدة، مما أثر على التجارة بين الجزائر وأوروبا، وأسهم في الصراعات على النفوذ التجاري.\n\n**الخلاصة:**  \nيمثل العصر الوسيط فترة هامة في تاريخ الجزائر، حيث تأثرت بمسارات تاريخية عميقة في أوروبا. فهم هذه العلاقات السياقية يمكن أن يساعد في توضيح الأحداث التي أدت إلى التاريخ الحديث للجزائر، بما في ذلك الاستعمار والتغيرات الثقافية والسياسية.",
        "Source": "Original",
        "Level": "1"
    },
    {
        "EducationalStage": "JS3",
        "HistoricalEra": "Islamic Era",
        "Topic": "منافذ التأثير الحضاري مابين العالم الإسلامي وبقية العالم",
        "Content": "**تُعد الحضارة الإسلامية واحدة من أعظم الحضارات الإنسانية**، حيث تتميز بعمقها الروحي وتأثيرها الحضاري الكبير على الثقافات الأخرى. في هذا الموضوع، سنستعرض منافذ تأثيرها الحضاري على بقية الحضارات.\n\n**أولاً: حركة العلماء وترحالهم**  \nتجلى تأثير الحضارة الإسلامية بشكل واضح في رحلات العلماء المسلمين، مثل ابن بطوطة، الإدريسي، وابن جبير. هؤلاء العلماء لم يسهموا فقط في اكتشاف أماكن جديدة، بل نقلوا أيضًا العلوم والمعرفة إلى بقية العالم. من خلال مؤلفاتهم، وثقوا تجاربهم ورؤاهم، مما ساعد في نقل الأفكار والمعرفة بين الثقافات المختلفة.\n\n**ثانياً: النقل من الهند والصين إلى فارس**  \nتمتد تأثيرات الحضارة الإسلامية إلى الهند والصين، حيث تم نقل الإبداعات من خلال الفرس. على سبيل المثال، كتاب كليلة ودمنة الذي ترجم إلى العربية، ثم انتقل إلى اللغات الأوروبية، كان له تأثير كبير على الأدب والفكر.\n\nكما يُعتبر كتاب الطب (القانون) الذي ألّفه ابن سينا مرجعًا أساسيًا في جامعات أوروبا حتى وقت قريب، حيث استند عليه العديد من الأطباء والمفكرين الغربيين في دراساتهم وأبحاثهم.\n\nكانت الأندلس وصقلية من المحاور الأساسية للتواصل بين المسلمين وأوروبا، حيث أسهمت هذه المناطق في نشر العلوم والثقافة الإسلامية في القارة الأوروبية.\n\n**الخلاصة**  \nإن الحضارة الإسلامية، من خلال حركة العلماء ونقل العلوم والمعرفة، لعبت دورًا حيويًا في تشكيل الثقافات الأخرى. لقد كانت هذه الحضارة جسرًا يربط بين مختلف الشعوب والأفكار، مما ساهم في إثراء الحضارة الإنسانية بشكل عام.",
        "Source": "Original",
        "Level": "1"
    },
    {
        "EducationalStage": "JS3",
        "HistoricalEra": "Ottoman Era",
        "Topic": "الخلافة العثمانية",
        "Content": "**تأسست الدولة العثمانية في سنة 1299م، بعد سقوط الدولة العباسية.** يُعتبر عثمان بن أرطغرل المؤسس الرئيسي للدولة. كانت انطلاقتها من منطقة آسيا الصغرى، حيث استطاع الأتراك العثمانيون أن يبنوا دولة قوية تحت قيادته، وقد أعلنوا الخلافة الإسلامية.\n\n**بحلول القرن الرابع عشر، تمكنت الدولة العثمانية من التوسع والهيمنة على مناطق واسعة،** مما ساعد على إعادة وحدة العالم الإسلامي.\n\n**سقطت الخلافة العثمانية رسمياً في عام 1924م،** بعد انتهاء الحرب العالمية الأولى وتفكك الإمبراطورية.\n\n**يعود أصل الأتراك العثمانيين إلى عشيرة قابي في تركستان.** خدموا تحت سلطة الدولة السلجوقية وحاربوا ضد المغول والبيزنطيين.\n\n**منحهم السلاجقة إمارة بالقرب من آسيا الصغرى،** وسرعان ما توسعوا شرقاً وغرباً. في عام 1518م، بعد ضم الحجاز، أعلنوا الخلافة.\n\n**تمتع الحاكم بلقب السلطان، وكان يعاونه الصدر الأعظم ومجموعة من الباشوات.** قُسمت الدولة إلى إيالات، وكل إيالة كانت تحكمها باشا يتمتع بصلاحيات واسعة.\n\n**كان الجيش يتألف من ثلاث فرق رئيسية:**\n1. **السباهين:** الفرسان والنخبة العسكرية.\n2. **الإنكشاريين:** مشاة النظام الجديد، الذين تم تدريبهم بشكل احترافي.\n3. **الجيش البحري:** والذي ساهم في حماية الشواطئ والتوسع في البحار.\n\n**تعاقب على حكم الدولة العثمانية أربعون حاكماً، ومن أبرزهم:**\n- **عثمان الأول:** مؤسس الدولة.\n- **أورخان:** ابن عثمان، الذي وسع الدولة بشكل كبير.\n- **مراد الأول:** الذي أنشأ أول نظام إداري منظم.\n- **محمد الثاني (الفاتح):** الذي فتح القسطنطينية عام 1453م.\n- **بايزيد الثاني:** الذي عمل على تعزيز الحكم الداخلي.\n- **سليم الأول:** الذي ضم الأراضي العربية.\n- **سليمان القانوني:** الذي يعتبر من أعظم السلاطين العثمانيين، حيث شهدت الدولة في عهده ذروة التوسع والازدهار.\n\n**التوسع في أوروبا:**\n- **شملت المناطق المشرفة على بحر مرمرة والبحر الأسود.**\n- تمكن العثمانيون من استعادة العديد من المناطق من البيزنطيين وفتح البلقان.\n\n**حصار القسطنطينية:** تمت محاولات الحصار الأولى عام 1400 والثانية عام 1422. الحصار الثالث الذي استمر شهرين في 1453.\n\n**الفتح:** في 29 مايو 1453، تمكن محمد الثاني (الفاتح) من دخول القسطنطينية، وتحويلها إلى إسلام بول (إسطنبول)، مما شكل نقطة تحول كبيرة في تاريخ الإسلام.\n\n**حقق الفتح حلم المسلمين الأوائل في نشر الإسلام في أوروبا.** استعادة هيبة الدولة الإسلامية. استخدام المدفعية كأداة عسكرية جديدة. ساهم الفتح في نهضة أوروبا عبر نقل الثقافة والمعرفة.\n\n**ضم بلاد الشام عام 1516م بعد انتصار العثمانيين في معركة مرج دابق.**\n**ضمت مصر في 1517م بعد هزيمة المماليك،** وتنازل الخليفة العباسي المتوكل عن الخلافة إلى سليم الثاني، وضم العراق أيضاً.\n\n**الحياة الفكرية والعلمية:** لم يكن هناك تطور ملحوظ في الحياة الفكرية والعلمية باستثناء المجالات الدينية، لكن العثمانيين اهتموا بتطوير البنية التحتية.\n\n**الجانب العمراني:**\n- **بناء المساجد، مثل مسجد أبو أيوب الأنصاري،** الذي يُعتبر نموذجاً معمارياً بارزاً.\n- تطوير المدارس والمستشفيات، إلى جانب إنشاء الفنادق والحمامات العامة، مما ساهم في تحسين الحياة اليومية للمواطنين.",
        "Source": "Original",
        "Level": "1"
    },
    {
        "EducationalStage": "JS3",
        "HistoricalEra": "Ottoman Era",
        "Topic": " الوحدة في ظل الخلافة",
        "Content": "أسباب التحرش الإسباني والبرتغالي على سواحل بلاد المغرب\nاستمرار الحروب الصليبية: كانت هناك محاولات متكررة من قبل الإسبان والبرتغاليين لتوسيع نفوذهم في بلاد المغرب، من خلال مواصلة الحروب الصليبية واعتداءاتهم على المسلمين.\n\nمطاردة المسلمين الفارين من الأندلس: سعوا إلى الانتقام من المسلمين الذين هربوا من الأندلس إلى بلاد المغرب، حيث كانت تلك الهجمات تهدف إلى تقويض أي نفوذ إسلامي في المنطقة.\n\nضعف الحياة الاقتصادية للأندلس: تدهور الاقتصاد في الأندلس بعد مغادرة المسلمين لها، مما دفع القوى الأوروبية للبحث عن مصادر جديدة للثروة من خلال استغلال خيرات المغرب.\n\nضعف دول المغرب: كانت دول المغرب تعاني من الضعف والانقسام، مما جعلها عرضة للاعتداءات الخارجية، إضافة إلى التنافس بين الأمراء على الحكم.\n\nأسباب عجز دول المغرب عن رد التحرشات المسيحية\nتفتت المغرب إلى دويلات ضعيفة: ساهمت حالة الفوضى السياسية وعدم الاستقرار في المغرب في عدم القدرة على توحيد الجهود لمواجهة الاعتداءات.\n\nالصراع بين دول المغرب: كانت هناك نزاعات داخلية بين الدول من أجل استعادة مجد الموحدين، مما أدى إلى انشغالها في صراعات داخلية بدل التركيز على التهديدات الخارجية.\n\nانقسام دويلات المغرب إلى إمارات صغيرة: تواجد إمارات مثل بجاية والجزائر وتلمسان، التي كانت تتنافس على الحكم وتفتقر إلى الوحدة.\n\nتوحيد الإمارات الأوروبية: بالمقابل، نجحت القوى الأوروبية في توحيد جهودها لتشكيل دول قوية عسكريًا، مثل إسبانيا وفرنسا والبرتغال.\n\nالبحرية العثمانية بالجزائر\nكون العثمانيون أسطولاً عظيمًا مكنهم من بسط نفوذهم على العديد من المناطق، بما في ذلك القسطنطينية والمدن الساحلية في البحر المتوسط. ساهمت البحرية العثمانية بشكل كبير في:\n\nطرد الإسبان من سواحل بلاد المغرب: حيث لعبت دورًا أساسيًا في الدفاع عن السواحل والمصالح الإسلامية.\n\nمساعدة مهاجري الأندلس: ساعدت البحرية العثمانية المهاجرين الأندلسيين في الانتقال إلى الجزائر والمغرب وتونس، مما ساهم في تعزيز السكان المحليين.\n\nبناء الأسطول الجزائري: تعاونت البحرية العثمانية مع الجزائريين في بناء أسطولهم، الذي شارك في عدة معارك مهمة مثل:\n\nمعركة ليبانتو (1571): حيث كانت واحدة من أبرز المعارك البحرية في التاريخ.\nالحرب الروسية العثمانية (1787).\nحروب الدولة العثمانية لإخراج نابليون من مصر (1798).\nمعركة نافارين (1827): التي كانت نتيجة للتوترات في البحر الأبيض المتوسط.",
        "Source": "Original",
        "Level": "2"
    },
    {
        "EducationalStage": "JS3",
        "HistoricalEra": "Ottoman Era",
        "Topic": "الجانب الاقتصادي والاجتماعي والثقافي للجزائر العثمانية",
        "Content": "الجانب الاقتصادي للجزائر العثمانية\nأ. الزراعة\nعرفت الزراعة في الجزائر العثمانية ازدهارًا كبيرًا، حيث تميزت بتنوع ووفرة المنتجات الغذائية، مثل:\n\nالحبوب: كالقمح والشعير.\nالأشجار المثمرة: مثل الزيتون والبرتقال.\nالبقول والخضر: بمختلف أنواعها، بفضل وفرة الأراضي الخصبة، خصوصًا الأراضي المروية.\nأدخل الأندلسيون تقنيات جديدة، مثل:\nزراعة البستنة: التي ساهمت في زيادة إنتاج الفواكه والخضروات.\nتربية دودة القز: التي أدت إلى تطوير صناعة الحرير.\nتقطير الزهور: لتصنيع العطور.\n\nب. الصناعة\nتميزت الجزائر بوجود عدة صناعات حرفية، ومنها:\n\nالصناعة الجلدية: التي تضمنت إنتاج الأحذية والحقائب.\nالصناعة النسيجية: حيث تم إنتاج الأقمشة والملابس.\nالأواني والزجاج: لكن الصناعات الجزائرية كانت غير مواكبة للتطورات الحاصلة في أوروبا، مما أثر على قدرتها التنافسية.\n\nج. التجارة\nلعب الأسطول البحري الجزائري دورًا كبيرًا في حماية التجارة الوطنية، حيث ساهم في:\n\nتأمين السواحل: مما ساعد على ازدهار حركة التجارة.\nتحقيق غنائم: من خلال إتاوات مفروضة على السفن الأجنبية.\nالتصدير والاستيراد: كانت أهم صادرات الجزائر تشمل القمح والصوف، بينما استوردت المواد الصناعية والأقمشة.\n\nالجانب الاجتماعي\nتكون سكان الجزائر من ثلاث فئات رئيسية:\n\nأ. الفئة الحضرية\n\nالسكان: يمثلون الأقلية، بما في ذلك الأتراك، والكراغلة (المولودين من زواج الأتراك بالجزائريات)، والأشراف والنبلاء، بالإضافة إلى الأندلسيين.\nالامتيازات: كانت لديهم العديد من الامتيازات الاجتماعية والسياسية.\n\nب. الفئة الريفية\n\nالسكان: تمثل الأغلبية (حوالي 90% من السكان)، حيث يمارسون الزراعة والرعي.\n\nج. الفئة الأجنبية\n\nاليهود: الذين هاجروا من الأندلس واحتكروا قطاع المالية.\nالأسرى الأوروبيون: الذين جلبتهم الحروب والنزاعات.\n\nالجانب الثقافي\nعاش المجتمع الجزائري في إطار الثقافة الإسلامية التي ازدهرت في العصر الوسيط، حيث:\n\nتأثير الزوايا والطرق الصوفية: التي لعبت دورًا بارزًا في نشر العلم والمعرفة.\nالتعليم: ارتكز بشكل كبير على الجانب الديني، مع قلة التوجه نحو الثقافات الحديثة، مما أدى إلى عدم مسايرة الثقافة الجزائرية للحداثة.\nتشمل بعض المدن التي كانت مراكز علمية وثقافية:\nتيهرت\nبجاية\nتلمسان",
        "Source": "Original",
        "Level": "2"
    },
    {
        "EducationalStage": "JS3",
        "HistoricalEra": "Islamic Era",
        "Topic": "الوضع الثقافي في الجزائر خلال القرنين الخامس عشر والسابع عشر",
        "Content": "مقدمة\nفي الفترة ما بين القرنين الخامس عشر والسابع عشر، عاش الشعب الجزائري في بيئة ثقافية غنية، مستندًا إلى الموروث الثقافي الذي ورثه من العالم الإسلامي في العصر الوسيط. كانت الجزائر تعيش تحت تأثيرات مختلفة، بما في ذلك الممارسات الثقافية والتعليمية التي ساهمت في تشكيل هويتها الوطنية. ورغم القيم الثقافية والدينية العميقة، كانت هناك تحديات كبيرة أثرت على تطور المجتمع.\n\n1. المؤسسات الثقافية\nشملت المؤسسات الثقافية في الجزائر مجموعة متنوعة من المرافق التي ساهمت في تعزيز التعليم ونشر الثقافة:\n\nالمساجد: كانت بمثابة مراكز تعليمية ودينية، حيث تُعلّم القيم الإسلامية وتُدَرّس العلوم الشرعية.\nالكتاتيب: كانت تُعنى بتعليم الأطفال مبادئ القراءة والكتابة، بالإضافة إلى تحفيظ القرآن الكريم.\nالزوايا: كانت هذه المؤسسات تقوم بتعليم التصوف وتوجيه الشباب نحو الأخلاق الإسلامية.\nالمدارس: على الرغم من محدوديتها، إلا أن بعض المدارس كانت توفر تعليماً متقدماً في مجالات مثل الفقه والبلاغة.\nكانت هذه المؤسسات تُعدّ أساسًا لنشر الثقافة الإسلامية بين صفوف الشعب الجزائري، مما ساهم في رفع مستوى التعليم بين معظم السكان.\n\n2. الوضعية الثقافية\nفي هذه الفترة، لم يكن التعليم تحت إشراف الحكومة، بل اعتمد بشكل رئيسي على مبادرات المحسنين والجمعيات الخيرية. فقد كان المجتمع المدني يلعب دورًا حيويًا في دعم التعليم. ومع ذلك، كان هناك عدة تحديات:\n\nعدم وجود جامعات ومعاهد عليا: كانت مؤسسات التعليم العالي نادرة، مما حد من الفرص المتاحة للتعليم المتقدم.\nالتركيز على التعليم الأساسي: كان التعليم يقتصر في الغالب على تحفيظ القرآن وتعليم مبادئ القراءة والكتابة، دون توفير تعليم شامل أو متنوع.\nهذا النظام التعليمي المحدود أضعف قدرة المجتمع على التطور في مجالات العلوم والتكنولوجيا.\n\n3. النتائج المترتبة عن الوضعية الثقافية\nأدت هذه الوضعية الثقافية إلى عدة نتائج:\n\nالعزلة الثقافية: عانى الجزائريون من عدم الاطلاع على التطورات التقنية والاختراعات الحديثة التي كانت تحدث في العالم، مما نتج عنه عزلة ثقافية.\nفقدان الهوية: قاد عدم التواصل مع الثقافات الأخرى إلى نقص في الابتكار والتجديد، مما أثر على الهوية الوطنية.\nتحديات في التكيف: مع حلول الفترات التاريخية التالية، واجه الجزائريون صعوبات في التكيف مع التغيرات السريعة التي شهدتها المجتمعات الأخرى.\n\nخلاصة\nعلى الرغم من القيم الثقافية والدينية العميقة التي ساهمت في تشكيل هوية الشعب الجزائري، فإن المؤسسات التعليمية المحدودة والوضعية الثقافية السلبية قد أدت إلى تراجع القدرة على مواكبة التطورات العالمية. لذلك، من المهم فهم هذه العوامل التاريخية لتقدير كيف أثرت على الجزائر في الفترات اللاحقة.",
        "Source": "Original",
        "Level": "2"
    },
    {
        "EducationalStage": "JS3",
        "HistoricalEra": "Islamic Era",
        "Topic": "الهجرة الأندلسية إلى الجزائر وتأثيرها",
        "Content": "استمرت محنة المسلمين في الأندلس لفترة طويلة، تُقدّر بأكثر من 200 عام، حيث بدأت منذ الفتح الصليبي للمدن الإسلامية في القرن الخامس عشر واستمرت حتى نهاية القرن السابع عشر. استقبلت الجزائر عددًا كبيرًا من مهاجري الأندلس، حيث هاجر العديد منهم إلى المدن الساحلية مثل وهران، الجزائر العاصمة، وتلمسان. وكانت هذه المدن بمثابة ملاذ للمسلمين الفارين من الاضطهاد في الأندلس.\n\nنقل مهاجرو الأندلس معهم العديد من الفنون والآداب والعلوم، من بينها الفنون المعمارية، كعمارة المساجد والقصور، والتي أثرت على العمارة الجزائرية. كما نقلوا الأدب، بما في ذلك الشعر والنثر والفكر الفلسفي، مما أثرى الثقافة العربية في الجزائر. في مجال العلوم، أُدخلت مفاهيم جديدة إلى النظام التعليمي في الجزائر، مثل الرياضيات، الفلك، والطب.\n\nبلغ عدد مهاجري الأندلس إلى الجزائر مع نهاية القرن السابع عشر حوالي 300,000 شخص، مما ساهم في تنمية وتطوير المجتمع الثقافي والاقتصادي في الجزائر.",
        "Source": "Original",
        "Level": "2"
    },
    {
        "EducationalStage": "JS3",
        "HistoricalEra": "Ottoman Era",
        "Topic": "تطور الجزائر كدولة كاملة السيادة",
        "Content": "استكملت الجزائر في القرن السابع عشر بناء مؤسساتها كدولة كاملة السيادة، مما ساعدها على القيام بدور حضاري بفضل قوة أسطولها البحري. هذا التقدم دفع بالدول الأوروبية إلى إقامة علاقات دبلوماسية وتجارية مع الجزائر.\n\n1. مظاهر السيادة الجزائرية\nأ. العلاقات الخارجية\nأقامت الجزائر علاقات خارجية مع الدول الأجنبية، وتجلت هذه العلاقات في عدة مجالات:\n\n- المعاهدات والتعاون: تم توقيع العديد من الاتفاقيات التجارية التي ساهمت في تعزيز الاقتصاد.\n- التمثيل الدبلوماسي: كان للجزائر سفراء في الخارج، كما استقبلت دول أخرى سفراءً من الجزائر.\n\nب. صك النقود\nكان للجزائر عملة خاصة بها، مما يعكس استقلالها الاقتصادي ويعزز من سيادتها كدولة.\n\nج. الجيش الجزائري\nامتلكت الجزائر جيشًا قويًا ساهم في حماية البلاد وتعزيز مكانتها في الساحة الدولية.\n\n2. علاقات الجزائر بمختلف الدول\nمع الدولة العثمانية: كانت العلاقات مع الدولة العثمانية حسنة، والدليل على ذلك:\n- مساندة الأسطول الجزائري للأسطول العثماني في حروبه ضد الأوروبيين.\n- إرسال الهدايا للسلطان العثماني، مما يعكس الاحترام المتبادل والتعاون.\n\nمع أوروبا والولايات المتحدة الأمريكية: أقامت الجزائر علاقات سياسية وتجارية مع الدول الأوروبية بشكل منفرد، وذلك بدافع التفريغ بين دول أوروبا والحيلولة دون توحدها وتحالفها ضد الجزائر.\n- مع فرنسا: كانت العلاقات حسنة في البداية، لكنها ساءت بسبب أزمة الديون التي تعرضت لها الجزائر.\n- مع بقية دول أوروبا: سارعت البرتغال وهولندا والسويد إلى إقامة علاقات دبلوماسية مع الجزائر، مع تأمين سفنها التجارية العابرة للبحر المتوسط.\n- مع الولايات المتحدة الأمريكية: سعت الولايات المتحدة إلى إقامة علاقة صداقة وتعاون مع الجزائر لحماية سفنها في البحر المتوسط، حيث أبرمت معاهدة سلام في عام 1795.\n\n3. البحرية الجزائرية\nاهتمت الجزائر بتقوية أسطولها البحري منذ القرن السادس عشر، نتيجة القرصنة المسيحية في البحر المتوسط والهجمات المسيحية على السواحل الجزائرية. وكان الدايات، وقبلهم البايات، من رجال البحرية، مما ساهم في تحسين القوة البحرية.\n\nدور الأسطول الجزائري على الصعيدين الداخلي والخارجي:\n- إثراء خزينة الجزائر بالغنائم والإتاوات: ساهمت الغنائم في تعزيز الاقتصاد الوطني.\n- توفير الأمن في المنطقة والدفاع عن الوطن: لعب الأسطول دورًا محوريًا في حماية السواحل والمياه الإقليمية.\n- التصدي للحملات الإسبانية: كان للأسطول دور فعال في تحرير المراسي من الاحتلال الإسباني.\n- حماية التجارة الإسلامية: ساهم الأسطول في حماية طرق التجارة ونقل مهاجري الأندلس.\n- المشاركة مع الأسطول العثماني: شارك الأسطول الجزائري في الحروب ضد التحالف الأوروبي، مما يعكس قوة التعاون بين الجزائر والدولة العثمانية.",
        "Source": "Original",
        "Level": "2"
    },
    {
        "EducationalStage": "JS3",
        "HistoricalEra": "Ottoman Era",
        "Topic": "نشأة الأسطول البحري الجزائري",
        "Content": "1. أسباب نشأة الأسطول:\nالاعتداءات على السواحل: تعرضت سواحل المغرب الإسلامي، بما في ذلك الجزائر، للاعتداءات من القوى الاستعمارية مثل إسبانيا والبرتغال.\nالموارد واليد العاملة: وفرة المواد الأولية واليد العاملة الماهرة، خاصة من الأندلسيين، ساهمت في إنشاء أسطول بحري قوي.\nالاحتكاك بالعثمانيين: سيطرة رياس البحر (قادة البحر) على السلطة وتفاعلهم مع العثمانيين عززت من قوة البحرية الجزائرية.\n\n2. أنواع السفن:\nالسفن الضخمة: مثل القالير، الغليوطة، الشبك، الطريدة، والفوستة.\nالمراكب الصغيرة: مثل الكرافيل، البولاكة، الشاطية، والكوفريت.\nأشهر السفن الجزائرية: منها \"ابن الغواص\"، \"المظهر\"، \"الصافي\"، \"أماني الهدى\"، \"الهلال\"، \"الأسد الأبيض\"، و\"نصر الإسلام\". كانت كل سفينة تتطلب طاقماً بشرياً مختلفاً حسب حجمها، بالإضافة إلى الجنود المتواجدين على متنها.\n\n3. قيادة السفن:\nوكيل الخرج (البحرية): هو الرئيس الأعلى لجميع السفن والمراكب.\nقائد المرسى: المسؤول عن الميناء، وشرطة الميناء، والمخازن، ويعاونه ثلاثة ضباط.\nالرياس: قادة السفن البحرية المعروفون، ومنهم القادة البارزين مثل صالح رايس والرايس حميدو.\n\n4. تأزم العلاقات مع الغرب المسيحي:\nالتوترات المتزايدة: بدأت بوادر التوتر بعد دخول أوروبا مرحلة الثورة الصناعية، حيث لم تستطع الصناعة الجزائرية مواكبة هذا التطور، مما أدى إلى اختلال التوازن العسكري بين الجزائر وأوروبا.\nالحملات العسكرية: شنت القوى الأوروبية حملات عسكرية متكررة على الموانئ الجزائرية بهدف إضعاف القوة البحرية الجزائرية وتعطيل نشاطها الاقتصادي والعسكري.\n\n5. الهجمات الأوروبية المتكررة على الجزائر:\nحملة بريطانيا: على مدينة الجزائر عامي 1660-1670.\nحملة أكسموث: سنة 1816 بدعوى تنفيذ قرار مؤتمر فيينا.\nالحملة الفرنسية: على الجزائر وشرشال عامي 1682-1683.\nالحملة الإسبانية: على وهران في يوليو 1732.\nمعركة ميناء الجزائر: ضد القوات الفرنسية في 4 أكتوبر 1827.\n\n6. البحرية الجزائرية والمؤتمرات الدولية:\nمحاولات التحالف ضد الجزائر: سعت الدول الأوروبية إلى التحالف ضد الجزائر، من خلال طرح قضية الأسطول الجزائري في مؤتمر فيينا عام 1815 ومؤتمر أكس لاشابيل عام 1818. كانت هذه المؤتمرات تهدف إلى القضاء على السيادة البحرية الجزائرية في البحر الأبيض المتوسط.",
        "Source": "Original",
        "Level": "3"
    },
    {
        "EducationalStage": "JS3",
        "HistoricalEra": "Colonial Era",
        "Topic": "الاحتلال الفرنسي للجزائر",
        "Content": "بعد تحطم وحدات الأسطول الجزائري في معركة نافرين، مهدت فرنسا لاحتلال الجزائر من خلال فرض عقوبات عسكرية واقتصادية، تمهيداً للسيطرة عليها.\n\n1. مراحل الاحتلال\nمر الاحتلال الفرنسي للجزائر بمرحلتين رئيسيتين:\n\nأ. مرحلة الحصار العسكري (16 جوان 1827 - 14 جوان 1830)\nفي هذه المرحلة، فرضت فرنسا حصاراً بحرياً حول المياه الإقليمية للجزائر بهدف:\n\n- إضعاف القوة الاقتصادية للجزائر: من خلال تقييد النشاط البحري، مما أثر سلباً على التجارة والاقتصاد المحلي.\n- إيجاد ثغرة لدخول الجيش الفرنسي: للتمكن من احتلال البلاد بسهولة.\n- الانفراد بالاحتلال: محاولة فرنسا احتلال الجزائر دون تدخل من باقي الدول الأوروبية.\n- إقناع الدول الأوروبية: بتبرير أهمية الإخضاع السياسي والديني للجزائر، مع التأكيد على أنها ضرورة استراتيجية لأمن أوروبا.\n\nب. مرحلة الهجوم وسقوط العاصمة\nفي 7 فيفري 1830، أصدر ملك فرنسا قراراً بتجهيز الحملة العسكرية لاحتلال الجزائر. غادرت القوات الفرنسية ميناء طولون في 25 ماي 1830 متجهةً نحو الجزائر تحت قيادة وزير الحربية الفرنسي الجنرال دي بورمون. في غياب خطة عسكرية دفاعية محكمة وقيادة متمكنة، تمكنت الحملة الفرنسية من النزول بشاطئ سيدي فرج، الذي يبعد 25 كلم عن العاصمة، في 14 جوان 1830.\n\n- الانتصار في معركة سطا: يوم 19 جوان على القوات الجزائرية، مما أتاح للفرنسيين السيطرة على منطقة استراتيجية.\n- قصف حصن الإمبراطور: بعد 20 يوماً من القتال، قصفت الحملة الحصن الذي يشرف على العاصمة، مما أجبر الداي حسين على طلب الاستسلام وتوقيع المعاهدة لتسليم العاصمة في 5 جويلية 1830.\n- النهب والتخريب: عاثت القوات الفرنسية فساداً ونهباً في المدينة، متنكّرةً للعهد الذي تم الاتفاق عليه في وثيقة الاستسلام.\n\n2. المواقف الدولية من احتلال الجزائر\nتباينت المواقف الدولية من الاحتلال الفرنسي للجزائر بين مؤيد ومعارض ومتحفظ:\n\n- الدول المؤيدة: شملت معظم الدول الأوروبية وباي تونس، حيث كانت هذه الدول تتطلع إلى تعزيز علاقاتها مع فرنسا.\n- الدول المعارضة: مثل بريطانيا، التي عارضت الاحتلال لأسباب استراتيجية تتعلق بمصالحها في المنطقة، وكذلك أيالة طرابلس الغرب.\n- الدول المتحفظة: مثل الدولة العثمانية، التي كانت تعاني من ضعف داخلي وتفتقر إلى القوة العسكرية للتدخل في شؤون الجزائر.",
        "Source": "Original",
        "Level": "3"
    },
    {
        "EducationalStage": "JS3",
        "HistoricalEra": "Colonial Era",
        "Topic": "المقاومة المسلحة للاحتلال الفرنسي",
        "Content": "قدمة:\nلقد قاوم الجزائريون بشدة الاحتلال الفرنسي، وتمثلت هذه المقاومة في الغرب بمقاومة الأمير عبد القادر، وفي الشرق بمقاومة أحمد باي.\n\nأولاً: مقاومة الأمير عبد القادر\nقامت بالغرب الجزائري بين سنتي (1832-1847) وقدها عبد القادر بن محي الدين، الشاعر والأديب والمتصوف.\n\n1/: مراحل مقاومة الأمير عبد القادر:\nأ/: مرحلة القوة (1830-1837):\nتميزت بتحقيق انتصارات باهرة من طرف الأمير على فرنسا في عدة معارك، أشهرها معركة خنق النطاح الأولى والثانية ومعركة برج العين.\n\nب/: مرحلة الهدوء المؤقت (1837-1839):\nتميزت بتوقيف القتال بين الطرفين بفضل عقد معاهدة التافنة في 30 ماي 1837. وقد استغل الأمير المعاهدة في:\n\n- بناء الحصون حول المدن.\n- تنظيم دولته.\n- فرض ضرائب للحرب.\n- تنظيم الجيش وبناء مصانع للسلاح.\n\nاستغلت فرنسا المعاهدة في:\n- التفرغ لأحمد باي.\n- إعداد فرق لحرب الجبال والصحراء.\n\nج/: مرحلة الإبادة والاستسلام (1839-1847):\nبعد القضاء على أحمد باي، نقضت فرنسا المعاهدة وجددت الحرب مع الأمير، فضاعفت من قواتها العسكرية ومارست حرب الإبادة والأرض المحروقة. اكتشفت عاصمة الأمير المتنقلة (الزمالة) مما أجبر الأمير على الانتقال للمغرب طلبًا للمساعدة، لكنه لم يحصل عليها، بالإضافة إلى موت أهم أعوانه. مما جعله يستسلم سنة 1847، ويسجن في باريس ثم يُنفى إلى سوريا، حيث توفي هناك سنة 1883.\n\nثانياً: مقاومة أحمد باي\nتعتبر مقاومة أحمد باي واحدة من أبرز حركات المقاومة التي حدثت في الشرق الجزائري بين عامي (1832-1837)، وقد قادها والي قسنطينة أحمد باي الذي اعتبر نفسه الوريث الشرعي للأتراك في الجزائر.\n\nمراحل المقاومة:\n- الاشتباكات مع القوات الفرنسية: عندما زحفت فرنسا نحو قسنطينة، اشتبك أحمد باي مع القوات الفرنسية، وحقق انتصاراً في سنة 1836.\n\nعوامل النجاح:\nساهمت عدة عوامل في انتصاراته، ومنها:\n- جيش منظم: اعتمد أحمد باي على جيش منظم ومدرب.\n- صعوبة التضاريس: كانت التضاريس الجغرافية للمنطقة تلعب دورًا في حماية قواته.\n- مساندة الأهالي: حصل على دعم كبير من الأهالي الذين كانوا معارضين للاحتلال.\n- تشتت القوات الفرنسية: كانت القوات الفرنسية موزعة بين الشرق والغرب، مما زاد من صعوبة تنسيقها.\n\nالهزيمة والاستسلام:\nفي عام 1837، بعد أن حيدت فرنسا الأمير عبد القادر من خلال معاهدة التافنة، استطاعت أن تهزم أحمد باي. هرب أحمد باي إلى الصحراء آملاً في إعادة تنظيم قوته، لكنه لم يتمكن من ذلك، مما أدى به إلى الاستسلام في سنة 1848. تم وضعه تحت الإقامة الجبرية في العاصمة حتى وفاته في سنة 1852.\n\nثالثاً: الانتفاضات الشعبية\nتُعتبر الانتفاضات الشعبية ردود فعل عفوية من بعض القبائل الجزائرية ضد تقدم القوات الفرنسية. ومن أشهر هذه الانتفاضات:\n\n- ثورة بومعزة:\n  - المجال الزماني: 1845-1847\n  - المجال المكاني: الشلف، الحضنة، التيطري\n  - اسم القائد: محمد بن عبد الله\n\n- مقاومة الزعاطشة:\n  - المجال الزماني: 1848-1849\n  - المجال المكاني: بسكرة والأوراس\n  - اسم القائد: بوزيان\n\n- ثورة القبائل:\n  - المجال الزماني: 1851-1857\n  - المجال المكاني: منطقة القبائل\n  - اسم القائد: فاطمة نسومر، شريف بوبغلة\n\n- مقاومة أولاد سيدي الشيخ:\n  - المجال الزماني: 1864-1880\n  - المجال المكاني: البيض، التيطري\n  - اسم القائد: سليمان بن حمزة، أحمد بن حمزة\n\n- مقاومة المقراني:\n  - المجال الزماني: 1871-1872\n  - المجال المكاني: الحضنة وبرج بوعريريج\n  - اسم القائد: المقراني والحداد\n\n- مقاومة بوعمامة:\n  - المجال الزماني: 1881-1883\n  - المجال المكاني: الجنوب الغربي\n  - اسم القائد: بوعمامة بن لعربي\n\nرابعاً: آثار الاحتلال الفرنسي للجزائر (نتائجه)\nأثرت الاحتلال الفرنسي بشكل عميق على الجزائر وشعبها، ومن أبرز هذه الآثار:\n\n- زوال الدولة الجزائرية: أدى الاحتلال إلى انهيار المؤسسات الحكومية الجزائرية وزوال السيادة الوطنية.\n- ظهور المقاومات المسلحة: أدت الممارسات الاستعمارية إلى نشوء عدة حركات مقاومة ضد الاحتلال.\n- إفقار الجزائريين: استحوذت القوات الفرنسية على ثروات البلاد، مما أدى إلى تفشي الفقر بين السكان.\n- تفشي الجهل والأمية: عانت الجزائر من ارتفاع معدلات الجهل والأمية بسبب قلة التعليم وتدهور الأوضاع الاقتصادية والاجتماعية.",
        "Source": "Original",
        "Level": "3"
    },
    {
        "EducationalStage": "JS3",
        "HistoricalEra": "Colonial Era",
        "Topic": "دولة الأمير عبد القادر وحدة إدماجية",
        "Content": "بيعة الأمير عبد القادر البيعة: هي اتفاق جماعة على اختيار شخص من بينهم على الطاعة والسمع وبحضور الذي اختير. الفرق بين البيعة والانتخاب: البيعة: هي انتخاب مباشر وعلني. الانتخاب: هو اقتراع عام سري ومباشر لاختيار شخص. شرح العبارة (يبايعونه على الكتاب والسنة): اختياره كأمير وإمام على تطبيق الشريعة الإسلامية، ممثلاً في القرآن الكريم والسنة النبوية في تسيير شؤون الدولة الجزائرية الحديثة. مطالبة التلاميذ: إعداد فقرة حول دور الشورى في حياة الشعوب والأمم. 2. النظام القضائي في دولة الأمير شروط القضاء (القاضي): يجب أن يكون القاضي فقيهاً ونزيهاً، مشهوراً بالعفاف، ومتديناً، لأنه مكلف بالفصل بين متخاصمين في جميع الأمور الدينية والدنيوية. دوافع إنشاء دار الشورى: للمساعدة في تسيير شؤون الدولة وتسهيل شؤون المواطنين، وللمحافظة على حقوقهم وحرياتهم. مبررات ترأس الأمير مجلس الشورى: يعتبر الأمير قاضي القضاة، وبالتالي فهو يترأس المنازعات التي تتجاوز القاضي إذا كانت بين القبائل أو القادة الكبار في الجيش الجزائري. 3. تنظيم الجيش أنواع الرتب العسكرية: الآغا: مسؤول عن 1000 فارس. السياف: مسؤول على 50 جندي. رئيس الصف: مسؤول على 20 جندي. المقصود: الفرسان = الخيالة. المشاة = المترجلين. المدفعية = الرماة. أنواع الأسلحة: أنشأ الأمير مصانع للأسلحة والذخيرة مثل: البنادق والسيوف والمدافع والبارود، وأحياناً يستورد من الدول المجاورة والعثمانية.",
        "Source": "Original",
        "Level": "3"
    }
]