[
    {
        "EducationalStage": "PS3",
        "HistoricalEra": "Prehistoric Era",
        "Topic": "العصر الحجري القديم في الجزائر",
        "Content": "1. **العصر الحجري القديم (Paleolithic Era)**\n\nيعود أقدم دليل على وجود الإنسان في الجزائر إلى العصر الحجري القديم، حيث كانت جماعات من الصيادين والجامعين تتنقل في أنحاء المنطقة بحثًا عن الطعام والمأوى. تُظهر الأدوات الحجرية التي وُجدت في مواقع مثل تاسيلي ناجر وكهوف الحيدري تطورًا في التقنيات البدائية، مثل استخدام الأحجار الحادة لقطع اللحم وصنع الأدوات.\n\n1.1 **الأنشطة اليومية**\n\nتتضمن الأنشطة اليومية لهذه الجماعات الصيد وجمع الثمار والبحث عن الموارد المائية. كانت تعتمد هذه المجتمعات على المهارات الجماعية والتنظيم الاجتماعي، مما يدل على وجود أنظمة اجتماعية معقدة. وقد استخدمت هذه المجتمعات تقنيات مثل الشراك والفخاخ لصيد الحيوانات، بالإضافة إلى معرفتها بالبيئة المحلية التي مكّنتها من تحديد مواسم الهجرة الحيوانية ومصادر الغذاء.\n\n1.2 **فن الصخور**\n\nتعد الصخور المنقوشة في جبال تاسيلي ناجر من أهم المعالم الأثرية في الجزائر، حيث تحتوي على رسومات تمثل الحيوانات مثل الأيائل والخيول والماعز، بالإضافة إلى مشاهد من الحياة اليومية مثل الصيد والاحتفالات. تُظهر هذه الرسوم جوانب مهمة من ثقافة هذه المجتمعات القديمة، حيث تعكس نمط الحياة والعقائد الروحية، مما يساهم في فهم كيف كانت تعيش وتفكر تلك المجتمعات.\n\n1.3 **القيم والعقائد الروحية**\n\nتُشير بعض الرسوم والنقوش إلى وجود طقوس دينية أو احتفالات خاصة، مما يدل على أن هذه المجتمعات كانت تعيش في إطار من القيم الروحية والدينية. قد تكون بعض هذه الرسوم مرتبطة بممارسات الشفاء أو العبادة، مما يوضح العلاقة بين الإنسان والطبيعة في ذلك الوقت.\n\n1.4 **الدلائل الأثرية**\n\nتشير الاكتشافات الأثرية إلى أن هذه المجتمعات كانت تتنقل بين المناطق، مما يعكس نمط حياة يعتمد على التنقل والبحث المستمر عن الموارد. تمتد الآثار المكتشفة في هذه المناطق على مساحات واسعة، مما يؤكد وجود شبكة من العلاقات بين الجماعات المختلفة.",
        "Source": "Original",
        "Level": "1"
    },
    {
        "EducationalStage": "PS3",
        "HistoricalEra": "Prehistoric Era",
        "Topic": "العصر الحجري الوسيط في الجزائر",
        "Content": "2. **العصر الحجري الوسيط (Mesolithic Era)**\n\nبدأ هذا العصر تقريبًا منذ 10,000 إلى 5,000 سنة قبل الميلاد، وشهدت فيه المجتمعات تحولًا نحو أنماط حياة شبه مستقرة. كانت الظروف المناخية تتغير في هذه الفترة، مما أثر على نمط حياة السكان ودفعهم إلى استخدام موارد جديدة.\n\n2.1 **نمط الحياة**\n\nتبعت المجتمعات في العصر الحجري الوسيط أسلوب الحياة النصف رحل، حيث كانت تتنقل بين المناطق بحثًا عن الغذاء والمأوى. في ظل الظروف المناخية المتغيرة، بدأ السكان بتطوير أساليب جديدة للصيد وجمع الموارد، مما ساعدهم على الاستقرار بشكل أكبر في مناطق معينة، خاصة قرب المسطحات المائية.\n\n2.2 **أدوات الصيد**\n\nتمثل أدوات الصيد في هذه الفترة بداية التحول من الاعتماد الكامل على الصيد إلى استغلال أكثر تنوعًا للبيئة المحيطة. استخدم الناس أدوات أكثر تطورًا، مثل الرماح المصنوعة من الخشب والمعادن، والشباك لصيد الأسماك، بالإضافة إلى أدوات للحفر جمع الثمار. هذه التطورات تعكس فهمًا أفضل للطبيعة واحتياجات الحياة اليومية.\n\n2.3 **التنوع الغذائي**\n\nشهدت هذه الفترة أيضًا تنوعًا في الموارد الغذائية، حيث بدأت المجتمعات في استغلال النباتات والحيوانات المحلية بشكل أفضل. بدأت الزراعة التجريبية تظهر كخطوة أولى نحو الاستقرار الغذائي، مما أدى إلى زيادة عدد السكان وتطور المجتمعات.\n\n2.4 **التغيرات المناخية**\n\nالتغيرات المناخية خلال العصر الحجري الوسيط لعبت دورًا حاسمًا في تشكيل أنماط الحياة. إذ أدت التغيرات في درجات الحرارة وهطول الأمطار إلى تغييرات في النظام البيئي، مما أجبر الجماعات البشرية على التكيف مع بيئات جديدة واستغلال الموارد بشكل مختلف. هذا التكيف ساهم في تشكيل الهياكل الاجتماعية والاقتصادية لهذه المجتمعات.\n\n2.5 **الثقافات والتواصل**\n\nمع ظهور أنماط حياة شبه مستقرة، بدأ السكان في تطوير ثقافات محلية متنوعة وتعزيز التواصل بينهم. تم تبادل الأفكار والتقنيات بين المجتمعات المختلفة، مما أسهم في ازدهار الفنون والحرف اليدوية. أظهرت الاكتشافات الأثرية أن المجتمعات كانت تتبادل الأدوات والموارد، مما يشير إلى وجود شبكة اجتماعية معقدة.",
        "Source": "Original",
        "Level": "1"
    },
    {
        "EducationalStage": "PS3",
        "HistoricalEra": "Prehistoric Era",
        "Topic": "العصر الحجري الحديث في الجزائر",
        "Content": "3. **العصر الحجري الحديث (Neolithic Era)**\n\nمن حوالي 5,000 سنة قبل الميلاد، بدأ العصر الحجري الحديث، حيث بدأ الإنسان في الجزائر يمارس الزراعة وتربية الحيوانات. أدى هذا التحول الكبير إلى استقرار المجتمعات وتأسيس القرى، مما أحدث تغييرات جذرية في أنماط الحياة.\n\n3.1 **التحول إلى الزراعة**\n\nمع بداية العصر الحجري الحديث، بدأت المجتمعات في الجزائر في الانتقال من أسلوب الحياة النصف رحل إلى الزراعة المستقرة. كانت زراعة الحبوب، مثل القمح والشعير، من الممارسات الشائعة، مما ساهم في توفير غذاء مستدام. هذا الانتقال أدى إلى زيادة عدد السكان واستقرارهم في مناطق معينة، حيث أصبح بإمكانهم بناء مستوطنات دائمة.\n\n3.2 **تربية الحيوانات**\n\nبالإضافة إلى الزراعة، بدأت المجتمعات أيضًا في تربية الحيوانات، مثل الأغنام والماعز والأبقار. ساهمت تربية الحيوانات في توفير مصادر غذائية إضافية، مثل اللحوم والألبان، مما زاد من تنوع النظام الغذائي. كانت هذه الممارسات تتطلب معرفة عميقة ببيئة الحيوانات ومواسمها، مما أدى إلى تطوير أساليب جديدة في الإدارة الزراعية والرعوية.\n\n3.3 **إنشاء القرى**\n\nأدى الاستقرار الناتج عن الزراعة وتربية الحيوانات إلى تأسيس القرى. بعض المواقع مثل القدية ومليانة تُظهر أدلة على وجود مستوطنات منظمة مع بيوت مبنية من الطين والحجر. تطورت هذه القرى لتصبح مراكز تجارية وثقافية، حيث بدأ السكان في تبادل المنتجات والسلع، مما ساهم في ازدهار الحياة الاجتماعية.\n\n3.4 **الابتكارات الفنية والتقنية**\n\nمع الاستقرار، شهدت المجتمعات أيضًا تقدمًا في الفنون والحرف اليدوية. ظهرت صناعة الفخار، التي استخدمت لتخزين الطعام والمياه، وتطورت تقنيات النسيج. كما أبدع الناس في فنون الزخرفة والنقوش، مما يعكس تطور الثقافة المحلية واهتمامهم بالجماليات.\n\n3.5 **تأثير المناخ**\n\nالتغيرات المناخية خلال هذه الفترة لعبت دورًا مهمًا في الزراعة وتربية الحيوانات. أدت الظروف المناخية الملائمة إلى ازدهار الزراعة، ولكنها أيضًا كانت تحديًا، حيث كانت هناك حاجة للتكيف مع التقلبات المناخية مثل الجفاف والفيضانات. ساهمت هذه التحديات في تطوير استراتيجيات زراعية مبتكرة، مثل بناء أنظمة الري وتحسين أساليب الزراعة.\n\n3.6 **العلاقات الاجتماعية والثقافية**\n\nتأسيس القرى ساهم أيضًا في بناء علاقات اجتماعية وثقافية قوية بين السكان. بدأت المجتمعات في تنظيم الحياة اليومية، مما أدى إلى ظهور هياكل اجتماعية جديدة. تم إنشاء تقاليد وطقوس تعكس الثقافة المحلية، مما يعزز الروابط بين الأفراد والمجتمعات.",
        "Source": "Original",
        "Level": "2"
    },
    {
        "EducationalStage": "PS3",
        "HistoricalEra": "Prehistoric Era",
        "Topic": "الاستقرار البشري في الجزائر",
        "Content": "الاستقرار البشري في الجزائر\n\nتدل الآثار المكتشفة في مناطق متعددة من الجزائر على أن الإنسان استقر في شمال إفريقيا منذ فترة قديمة تعود إلى حوالي مليون وثمانمائة سنة. تُظهر هذه الاكتشافات أن الإنسان اختار هذا المكان لما تتميز به من خصائص طبيعية ومناخية ملائمة. وقد ساهمت الغابات، والسهول الخصبة، والأنهار، والموارد المائية الوفيرة في جذب الإنسان للعيش والاستقرار في هذه المنطقة.\n\n1. **المواقع الأثرية**\n\nتشير بقايا بشرية وحيوانية وأحجار منقوشة تم اكتشافها في مواقع مثل تيغنيف بمعسكر إلى قدم تعمير المنطقة. توفر هذه الاكتشافات لمحات عن أسلوب حياة الإنسان في تلك الفترة، حيث كانت الجماعات تعتمد على الصيد وجمع الثمار، بالإضافة إلى استخدام الأدوات الحجرية لتلبية احتياجاتهم اليومية.\n\n2. **أسلوب الحياة**\n\nيُظهر نمط المعيشة الذي تم التعرف عليه من خلال الآثار المكتشفة أن الإنسان كان يعيش في مجموعات صغيرة، مما يعكس تنظيمًا اجتماعيًا بسيطًا. كانت هذه المجتمعات تعتمد على الصيد والتجمع، ولكن بمرور الوقت، وبفضل الظروف الطبيعية المواتية، بدأت تتطور وتتوسع.\n\n3. **الأدلة الأثرية**\n\nتتضمن الأدلة الأثرية المكتشفة مجموعة متنوعة من الأدوات، مثل الفؤوس الحجرية وأدوات القطع، التي تعكس تطورًا في تقنيات الصيد والقطع. كما تُظهر النقوش الحجرية التي وُجدت في مناطق مختلفة من الجزائر، أسلوب الحياة الروحي والثقافي للجماعات القديمة، مما يوفر سياقًا لفهم كيف كانت هذه المجتمعات تعيش وتفكر.",
        "Source": "Original",
        "Level": "3"
    }
]