[
    {
        "EducationalStage": "PS4",
        "HistoricalEra": "Islamic Era",
        "Topic": "فترة الجاهلية: نظرة شاملة",
        "Content": "1. **تعريف فترة الجاهلية**\n\nفترة الجاهلية تشير إلى الوقت الذي سبق ظهور الإسلام في شبه الجزيرة العربية، تقريبًا من القرن الخامس الميلادي حتى القرن السابع الميلادي. كانت هذه الفترة مليئة بالتحديات الاجتماعية والاقتصادية والسياسية.\n\n2. **الحياة الاجتماعية**\n\n- **القبائل**: كانت شبه الجزيرة العربية تتكون من العديد من القبائل العربية مثل قريش، الأوس، والخزرج. كانت هذه القبائل تتنافس فيما بينها، وغالبًا ما كانت تحدث نزاعات وحروب.\n- **الكرم والشجاعة**: كان العرب يعتزون بقيم مثل الكرم والشجاعة. كان مضيافًا ويقدم الطعام والشراب للضيوف، ويعتبر الدفاع عن الشرف من أهم الواجبات.\n\n3. **المدن الكبرى**\n\n- **مكة المكرمة**: كانت مكة مركزًا تجاريًا ودينيًا، وهي المدينة التي تحتوي على الكعبة، وهي مكان مقدس عند العرب. كان الناس من مختلف القبائل يزورون مكة للحج والتجارة.\n- **المدينة المنورة**: تُعرف أيضًا يثرب، وكانت تُعتبر مركزًا للزراعة والتجارة.\n\n4. **النشاطات الاقتصادية**\n\n- **التجارة**: كان العرب يمارسون التجارة بين الشعوب المجاورة، خاصة مع الشام واليمن. كانوا يسافرون في قوافل كبيرة تحمل السلع مثل التوابل والأقمشة.\n- **الرعي والزراعة**: بالإضافة إلى التجارة، كانت الرعي والزراعة من الأنشطة الاقتصادية المهمة، حيث كانت القبائل تعتمد على الماشية والمحاصيل لتأمين احتياجاتها الغذائية.\n\n5. **الثقافة والدين**\n\n- **الديانات**: في فترة الجاهلية، كانت هناك مجموعة متنوعة من الديانات، بما في ذلك الوثنية، حيث كان العرب يعبدون الأصنام. وكانت الكعبة تحتضن العديد من الأصنام المختلفة.\n- **الشعر**: كان الشعر جزءًا مهمًا من الثقافة العربية، حيث استخدم العرب الشعر للتعبير عن مشاعرهم وقيمهم، وتنافس الشعراء في المجالس العامة.\n\n6. **الأحداث التاريخية**\n\n- **الحج**: كان العرب يذهبون إلى مكة لأداء الحج حتى قبل الإسلام، حيث كانت مكة تعتبر مركزًا روحيًا.\n- **غزوات**: شهدت فترة الجاهلية العديد من الغزوات والحروب بين القبائل، مما أدى إلى تعزيز الروح القتالية والتنافس بين العرب.\n\n**خاتمة**\n\nفترة الجاهلية كانت فترة غنية بالأحداث الثقافية والاجتماعية والسياسية التي شكلت أساس ظهور الإسلام. تميزت هذه الفترة بقيم الشجاعة والكرم، ونمط حياة يعتمد على التجارة والرعي.",
        "Source": "Original",
        "Level": "1"
    },
    {
        "EducationalStage": "PS4",
        "HistoricalEra": "Islamic Era",
        "Topic": "الفتوحات الإسلامية في المشرق",
        "Content": "1. **أهمية الفتوحات الإسلامية**\n\nالفتوحات الإسلامية كانت جزءًا أساسيًا من تاريخ الإسلام، حيث ساعدت في نشر الدعوة الإسلامية وتوسيع رقعة الدولة الإسلامية. قاد الرسول محمد صلى الله عليه وسلم عددًا من الغزوات لتحقيق هذا الهدف.\n\n2. **أهم الغزوات**\n\n- **غزوة بدر (سنة 2 هـ)**: تُعتبر هذه الغزوة واحدة من أهم المعارك في تاريخ الإسلام، حيث انتصر المسلمون على قريش رغم قلة عددهم، مما زاد من قوة المسلمين وثقتهم.\n- **غزوة أحد (سنة 3 هـ)**: حدثت هذه الغزوة بعد غزوة بدر، وواجه المسلمون فيها تحديات جديدة، حيث كانت المعركة أكثر صعوبة، وقد أُصيب النبي محمد في هذه الغزوة.\n- **فتح مكة (سنة 8 هـ)**: يعتبر فتح مكة نقطة تحول كبيرة في تاريخ الإسلام، حيث دخل المسلمون مكة بدون قتال تقريبًا، وتمكنوا من السيطرة على المدينة وتطهير الكعبة من الأصنام.\n\n3. **تولي الخلفاء الراشدين**\n\nبعد وفاة الرسول محمد صلى الله عليه وسلم، تولى أبو بكر الصديق الخلافة وواصل الفتوحات الإسلامية، التي شملت مناطق خارج شبه الجزيرة العربية، مثل:\n\n- **الشام (سنة 15 هـ)**: شهدت الفتوحات الإسلامية في بلاد الشام صراعات مع الإمبراطورية البيزنطية.\n- **فارس (سنة 16 هـ)**: تمت السيطرة على أجزاء كبيرة من الأراضي الفارسية، مما أسهم في نشر الإسلام في تلك المناطق.\n- **مصر (سنة 21 هـ)**: كانت الفتوحات في مصر حاسمة في نشر الإسلام في شمال إفريقيا.\n\n4. **الخلفاء الراشدون**\n\nالخلفاء الراشدون هم الأربعة الذين تولوا قيادة المسلمين بعد وفاة النبي:\n\n- **أبو بكر الصديق**: أول الخلفاء الراشدين، تولى الحكم بعد وفاة الرسول.\n- **عمر بن الخطاب**: الثاني، عُرف بشجاعته وحكمته.\n- **عثمان بن عفان**: الثالث، اشتهر بجمع القرآن الكريم.\n- **علي بن أبي طالب**: الرابع، ابن عم النبي وصهره.\n\nتعتبر هذه الفتوحات والمعارك محطات مهمة في تاريخ الإسلام، حيث ساهمت في نشر تعاليم الإسلام وتوحيد الأمة الإسلامية تحت راية واحدة.",
        "Source": "Original",
        "Level": "1"
    },
    {
        "EducationalStage": "PS4",
        "HistoricalEra": "Islamic Era",
        "Topic": "تحول بلاد المغرب إلى مغرب إسلامي",
        "Content": "1. **الفتح الإسلامي لشمال أفريقيا**\n\n- **قبل الفتح الإسلامي**: كان شمال أفريقيا تحت الاحتلال البيزنطي، حيث عانى السكان من الاستغلال من قبل الغزاة، ولم يكن لهم دور بارز في الحياة السياسية والاقتصادية.\n\n- **بعد الفتح الإسلامي**: بعد نجاح الفتوحات في المشرق، اتجه الفاتحون نحو شمال أفريقيا. في سنة 27 هـ (647 م)، استولى عبد الله بن أبي سرح على مدينة سبيطلة، التي كانت أكبر حصن روماني في تلك الفترة.\n\n- **تأسيس مدينة القيروان**: بدأ الفتح الإسلامي الفعلي لشمال أفريقيا على يد عقبة بن نافع الفهري، حيث قام بتأسيس مدينة القيروان في سنة 50 هـ (670 م). أصبحت القيروان نقطة انطلاق مهمة لفتوحات باقي شمال أفريقيا، حيث أُعتبرت قاعدة لعمليات الفتح.\n\n2. **أهمية الفتوحات الإسلامية**\n\nتمثل الفتوحات الإسلامية في شمال أفريقيا تحولًا جذريًا في تاريخ المنطقة، حيث أدت إلى نشر الإسلام والثقافة العربية، بالإضافة إلى إحداث تغييرات جذرية في البنية السياسية والاجتماعية للمغرب.",
        "Source": "Original",
        "Level": "1"
    },
    {
        "EducationalStage": "PS4",
        "HistoricalEra": "Islamic Era",
        "Topic": "مراحل الفتح الإسلامي لشمال أفريقيا",
        "Content": "تم الفتح الإسلامي لشمال أفريقيا على مراحل عدة، وكان لكل مرحلة قادتها وأهدافها الخاصة. فيما يلي أبرز هذه المراحل:\n\n1. **حملة عقبة بن نافع الأولى (670 م)**:\n   - في هذه المرحلة، أسس عقبة بن نافع مدينة القيروان، التي أصبحت مركزًا مهمًا للفتوحات الإسلامية في شمال أفريقيا.\n\n2. **حملة أبي مهاجر الدينار (675 م)**:\n   - استمرت الفتوحات نحو الغرب حيث قام أبو مهاجر الدينار بعمليات فتح جديدة حتى وصل إلى منطقة تلمسان.\n\n3. **حملة عقبة بن نافع الكبرى (681 م)**:\n   - كانت هذه الحملة من أهم الحملات، وقد استمر عقبة في توسيع الفتوحات حتى استشهاده، مما جعل الفتح الإسلامي يتواصل بشكل أكبر.\n\n4. **حملة حسان بن نعمان (696 م)**:\n   - شهدت هذه المرحلة تعزيز الفتوحات في المغرب، حيث واصل حسان بن نعمان جهود التوسع في المنطقة.\n\n**أهم قادة الفتح الإسلامي في شمال أفريقيا**:\n- **أبو المهاجر دينار**: قائد بارز في الفتوحات الإسلامية، لعب دورًا مهمًا في توسيع الأراضي الإسلامية في شمال أفريقيا.\n- **عقبة بن نافع**: يعد من أبرز القادة، وقد ساهم في تأسيس القيروان.\n- **عبد الله بن أبي سرح**: اشتهر بفتوحاته في المناطق الغربية.\n- **عمرو بن العاص**: كان له دور كبير في الفتح الإسلامي، خاصة في مصر.\n\nتظهر هذه المراحل أن الفتح الإسلامي في شمال أفريقيا كان جهدًا مشتركًا بين عدة قادة عسكريين، وكان له تأثير كبير على التاريخ الإسلامي في المنطقة.",
        "Source": "Original",
        "Level": "1"
    },
    {
        "EducationalStage": "PS4",
        "HistoricalEra": "Islamic Era",
        "Topic": "تأثيرات الفتح الإسلامي على شمال أفريقيا",
        "Content": "كان للفتح الإسلامي تأثيرات عميقة على شمال أفريقيا، تمثلت في عدة جوانب رئيسية:\n\n1. **دخول الأمازيغ في الإسلام**:\n   - اعتنق الأمازيغ الإسلام بإرادتهم، مما ساهم في توسيع القاعدة الشعبية للدين الجديد في المنطقة.\n\n2. **تحرير الأمازيغ من الاحتلال البيزنطي**:\n   - أسهم الفتح الإسلامي في تحرير الأمازيغ من السيطرة البيزنطية، مما أعطى شعورًا بالاستقلال والحرية.\n\n3. **احتضان السكان للفاتحين العرب**:\n   - تم الترحيب بالفاتحين العرب من قبل سكان شمال أفريقيا، مما ساهم في توطيد العلاقات بين الثقافات المختلفة.\n\n4. **تأسيس قاعدة لانطلاق الفتوحات نحو الأندلس**:\n   - أصبح شمال أفريقيا قاعدة استراتيجية انطلقت منها الفتوحات إلى الأندلس، حيث قاد طارق بن زياد وموسى بن نصير الفتوحات في عام 711 م (92 هـ).\n\n5. **ازدهار الزراعة والتجارة**:\n   - أدى الفتح الإسلامي إلى تحسين أساليب الزراعة وتطوير التجارة في المنطقة، مما ساهم في ازدهار الاقتصاد المحلي.\n\n6. **ظهور شخصيات بارزة من الأمازيغ**:\n   - شهدت الفترة ظهور شخصيات عظيمة مثل ابن البيطار، وابن خلدون، وعباس بن فرناس، وابن بطوطة، وابن رشد، الذين تركوا بصماتهم في مجالات مختلفة مثل العلوم والفلسفة والجغرافيا.",
        "Source": "Original",
        "Level": "1"
    },
    {
        "EducationalStage": "PS4",
        "HistoricalEra": "Islamic Era",
        "Topic": "الفتح الإسلامي للأندلس",
        "Content": "تم الفتح الإسلامي للأندلس على يد طارق بن زياد وموسى بن نصير في عام 711 م، وقد أسفر عن تغييرات جذرية في الثقافة والسياسة في المنطقة.",
        "Source": "Original",
        "Level": "2"
    },
    {
        "EducationalStage": "PS4",
        "HistoricalEra": "Islamic Era",
        "Topic": "العمارة الإسلامية في شمال أفريقيا",
        "Content": "اهتم الفاتحون في شمال أفريقيا بالفن المعماري بشكل كبير، مما أدى إلى ظهور مظاهر معمارية مميزة تعكس الثقافة الإسلامية:\n\n1. **المظهر الديني**:\n   - **بناء المساجد**: كانت المساجد تعتبر مراكز تعليمية وثقافية، حيث لعبت دورًا كبيرًا في تربية المجتمع. من أبرز المساجد:\n     - **مسجد عقبة بن نافع**: أُسس في مدينة القيروان عام 670 م، ويُعتبر من أقدم المساجد في العالم الإسلامي.\n     - **مسجد فيميلة**: أُسس في الجزائر عام 678 م على يد أبو المهاجر الدّينار.\n\n2. **المظهر السياسي**:\n   - **بناء المدن**: ساهمت المدن الجديدة في تعزيز السيطرة السياسية وتنظيم الفتوحات الإسلامية. من أبرز هذه المدن:\n     - **مدينة قرطبة**: أُسست في عام 766 م على يد عبد الرحمن بن رستم، وقد أصبحت مركزًا حضاريًا بارزًا.\n     - **مدينة تاهرت**: أُسست أيضًا في ولاية الجزائر.\n     - **مدينة أشير**: تأسست في عام 936 م.\n     - **مدينة الناصرية**: أُسست عام 1068 م في ولاية بجاية، على يد بني ناصر الحمادي.\n     - **مدينة إستراثن**: تقع قرب مدينة ورقلة، وأُسست عام 297 هـ (909 م).\n\n3. **العمارة العسكرية**:\n   - **بناء القلاع**: تم بناء العديد من القلاع لحماية المناطق الحيوية. على سبيل المثال:\n     - **قلعة بن حماد**: أُسست عام 398 هـ (1008 م) في ولاية مسيلة.\n\n**خلاصة**: تجسد العمارة الإسلامية في شمال أفريقيا مزيجًا من الجوانب الدينية والسياسية والثقافية، مع تأكيد على أهمية المساجد كأماكن تعليمية ومراكز للثقافة الإسلامية، بالإضافة إلى المدن والقلاع التي ساهمت في تعزيز الفتوحات الإسلامية وبناء مجتمعات جديدة.",
        "Source": "Original",
        "Level": "2"
    },
    {
        "EducationalStage": "PS4",
        "HistoricalEra": "Islamic Era",
        "Topic": "مرحلة حكم دولة الموحدين (1146 - 1269)",
        "Content": "عاشت الجزائر خلال فترة حكم دولة الموحدين في جو من الاستقرار والازدهار، والذي تحقق بفضل الوحدة بين القبائل. أسس الموحدون، الذين قادوا المغرب العربي، نظام حكم قوي ومركزي ساعد على تعزيز الأمن والاستقرار الاقتصادي في المنطقة.\n\n**الاستقرار والازدهار**:\nتزامن هذا العصر مع زيادة النشاط التجاري والثقافي، حيث تم تطوير العديد من المدن الكبرى مثل القيروان. كان للموحدين دور بارز في إنشاء بنى تحتية متينة، مما ساهم في تعزيز التجارة وتبادل المعرفة. هذا بالإضافة إلى دعمهم للفنون والعلوم، حيث ساعدت هذه البيئة المواتية على ظهور شخصيات بارزة في الأدب والفلسفة.\n\n**الإنجازات المعمارية والثقافية**:\nكان للموحدين تأثير كبير على العمارة الإسلامية، حيث تم بناء العديد من المساجد والقصور التي تعكس جماليات العمارة الإسلامية في تلك الفترة. من بين المعالم البارزة، مسجد عقبة بن نافع في القيروان الذي يعتبر رمزًا للتفوق المعماري في عصرهم.\n\n**الختام**:\nيمكن القول إن فترة حكم دولة الموحدين كانت مرحلة ذهبية في تاريخ الجزائر والمغرب العربي، حيث ساهمت في تعزيز الهوية الثقافية والدينية للمنطقة، ووضعت الأسس للعديد من الإنجازات اللاحقة.",
        "Source": "Original",
        "Level": "2"
    },
    {
        "EducationalStage": "PS4",
        "HistoricalEra": "Islamic Era",
        "Topic": "مرحلة سقوط دولة الموحدين (1269)",
        "Content": "بعد سقوط دولة الموحدين عام 1269، دخلت المنطقة في فترة من الانقسام السياسي الذي كان له تأثيرات عميقة على تاريخ الجزائر والمغرب العربي. انقسمت المنطقة إلى ثلاث دويلات متنافسة، وهي:\n\n**الحفصيون**: استقروا في تونس وكانوا معروفين بحكمهم القوي في شمال أفريقيا، حيث تمكنوا من السيطرة على الطرق التجارية الهامة.\n\n**الزيانيون**: تأسسوا في المغرب الأوسط، وبرزوا كقوة محلية حاولت الحفاظ على الاستقرار في المنطقة رغم الصراعات الداخلية.\n\n**المرينيون**: استقروا في المغرب الأقصى وكانوا أبرز المنافسين في ذلك الوقت، حيث حاولوا توسيع نفوذهم على حساب الدويلات الأخرى.\n\n**تأثير الانقسامات السياسية**:\nأدت هذه الانقسامات إلى صراعات مستمرة على السلطة، مما أضعف القدرة الدفاعية لهذه الدويلات. كانت الصراعات بين الأمراء تمثل عقبة كبيرة أمام توحيد الجهود لمواجهة التهديدات الخارجية، بما في ذلك التوسع الإسباني في المنطقة.\n\n**الصلح مع الإسبان**:\nبسبب انشغال أمراء بني زيان بالصراعات الداخلية، تم عقد صلح عام 1512م، والذي أقر بسيادة الإسبان على بعض المناطق الساحلية. وقد أثر هذا الصلح على التجارة والمصالح الاقتصادية للدويلات الثلاث، مما ساهم في تراجع قوتها.\n\n**خلاصة**:\nيمكن اعتبار فترة سقوط دولة الموحدين بداية لتحديات جديدة في تاريخ الجزائر، حيث أدت الانقسامات السياسية والصراعات الداخلية إلى تفكك السلطة المركزية، مما مهد الطريق للتدخلات الخارجية وتزايد النفوذ الإسباني في المنطقة.",
        "Source": "Original",
        "Level": "2"
    },
    {
        "EducationalStage": "PS4",
        "HistoricalEra": "Islamic Era",
        "Topic": "الأوضاع الخارجية للجزائر",
        "Content": "كان للوضع الخارجي للجزائر تأثير كبير على مسار تاريخها، خاصة في القرون الوسطى. فقد أدت التحديات الخارجية إلى استنجاد الجزائر بالدولة العثمانية لحمايتها من التهديدات المتزايدة.\n\n**تأثير سقوط غرناطة**:\nسقوط غرناطة في عام 1492م، الذي يمثل نهاية الحكم الإسلامي في الأندلس، كان له تداعيات عميقة على بلدان المغرب العربي، بما في ذلك الجزائر. بعد هذا الحدث، زادت الضغوطات على المنطقة نتيجة النزاعات الداخلية والتوسع الإسباني.\n\n**الاحتلال الإسباني**:\nبين عامي 1505م و1511م، استولى الإسبان على عدة مدن ساحلية جزائرية، مثل:\n- المرسى الكبريت\n- وهران\n- بجاية\n- مستغانم\n\nهذا الاحتلال أثار قلقًا كبيرًا في الجزائر، حيث كانت مدينة الجزائر تتعرض لتهديدات مستمرة من حصن البينيون، الذي كان يشكل خطرًا دائمًا على المدينة.\n\n**التخلص من التهديد الإسباني**:\nتزايدت الضغوطات حتى تم تحطيم حصن البينيون في عام 1530م، مما ساعد في تخفيف التهديدات الإسبانية لفترة معينة. ومع ذلك، كانت هذه الأحداث تمثل بداية لفترة طويلة من الصراعات والتحديات التي واجهتها الجزائر في الحفاظ على استقلالها وسلامتها الإقليمية.",
        "Source": "Original",
        "Level": "2"
    },
    {
        "EducationalStage": "PS4",
        "HistoricalEra": "Islamic Era",
        "Topic": "القوة البحرية الجزائرية",
        "Content": "في مواجهة التحرشات الإسبانية، كان من الضروري بناء أسطول بحري قوي للدفاع عن الجزائر. ساهمت وفرة الأخشاب في الجزائر في تطوير صناعة السفن، مما أدى إلى إنشاء إدارة خاصة لاستغلال الغابات في مناطق مثل القل وجيجل والأوراس.\n\n**تطوير الأسطول البحري**:\nأبرمت الجزائر اتفاقيات مع بعض الدول لتحصيل جزء من الإتاوات (الضرائب) التي تدفعها الدول الأجنبية، وهو ما ساعد في توفير الأخشاب اللازمة لصناعة السفن وتقوية الأسطول البحري. يتمتع الساحل الجزائري بطول يزيد عن 1200 كيلومتر، مع تعرجات وخلجان ساهمت في ظهور مواطن محمية طبيعية، مما ساعد في تعزيز القدرة البحرية للبلاد.\n\n**الوجود العثماني في الجزائر**:\nنتيجة للاشتداد في الهجمات الإسبانية على السواحل الجزائرية، استنجد الأهالي بإخوة بربروس، وكان ذلك في سياق التهديدات المتزايدة.\n\n**دخول الجزائر تحت الحماية العثمانية**:\nبعد استشهاد عروج بربروس عام 1518م، شعر أخوه خير الدين بالخطر، وأشار على الأهالي بالتوجه إلى السلطان العثماني سليم الأول. نتيجة لهذا الطلب، أصبحت الجزائر إيالة (ولاية) عثمانية بإرادة سكانها، وتولى خير الدين قيادة البلاد تحت مسمى بيلر باي (أمير الأمراء). بدأ خير الدين في تحرير السواحل الجزائرية من قبضة الإسبان، حيث بدأ بالقل عام 1521م، ثم انتقل إلى عنابة عام 1522م، وأخيرًا اتخذ مدينة الجزائر كعاصمة له بعد جيجل.\n\n**البايلك**:\nالبايلك هو تقسيم إداري في الجزائر خلال العهد العثماني، حيث ساهم في تنظيم الحكم والإدارة في المناطق المختلفة.",
        "Source": "Original",
        "Level": "3"
    },
    {
        "EducationalStage": "PS4",
        "HistoricalEra": "Ottoman Era",
        "Topic": "الوجود العثماني في الجزائر",
        "Content": "نتيجة للاشتداد في الهجمات الإسبانية على السواحل الجزائرية، استنجد الأهالي بإخوة بربروس، وكان ذلك في سياق التهديدات المتزايدة.\n\n**دخول الجزائر تحت الحماية العثمانية**:\nبعد استشهاد عروج بربروس عام 1518م، شعر أخوه خير الدين بالخطر، وأشار على الأهالي بالتوجه إلى السلطان العثماني سليم الأول. نتيجة لهذا الطلب، أصبحت الجزائر إيالة (ولاية) عثمانية بإرادة سكانها، وتولى خير الدين قيادة البلاد تحت مسمى بيلر باي (أمير الأمراء). بدأ خير الدين في تحرير السواحل الجزائرية من قبضة الإسبان، حيث بدأ بالقل عام 1521م، ثم انتقل إلى عنابة عام 1522م، وأخيرًا اتخذ مدينة الجزائر كعاصمة له بعد جيجل.\n\n**البايلك**:\nالبايلك هو تقسيم إداري في الجزائر خلال العهد العثماني، حيث ساهم في تنظيم الحكم والإدارة في المناطق المختلفة.",
        "Source": "Original",
        "Level": "3"
    },
    {
        "EducationalStage": "PS4",
        "HistoricalEra": "Ottoman Era",
        "Topic": "العلاقات الجزائرية مع الخارج",
        "Content": "1. **العلاقة مع الدولة العثمانية**:\n   - **الدخول العثماني**: بدأت العلاقة بين الجزائر والدولة العثمانية في عام 1518 عندما استنجد سكان الجزائر بالبحارة الأتراك، وبالأخص الإخوة بربروس، لحمايتهم من التهديدات الإسبانية المتزايدة. هذا الطلب جاء بعد فترة من النزاعات الداخلية والضغوط الخارجية، مما ساعد على تأسيس حكم عثماني أكثر استقرارًا.\n   - **إدارة شبه مستقلة**: على الرغم من كونها تحت الحكم العثماني، كانت الجزائر تتمتع بشبه استقلالية في إدارتها، مما مكنها من اتخاذ قرارات محلية هامة. هذه الإدارة الذاتية ساهمت في تعزيز الشعور بالهوية الوطنية.\n   - **الدعم المالي**: كانت الجزائر تقدم الدنوش، وهو عبارة عن هدايا أو إتاوات تدفع للسلطان العثماني، مما كان يعزز من الروابط المالية بين الطرفين. هذا النظام المالي كان له تأثير على كيفية إدارة شؤون الجزائر الداخلية.\n   - **المشاركة في الحروب**: ساهم الأسطول الجزائري في حروب الدولة العثمانية مع الدول الأوروبية، مثل معركة ليبانت عام 1571م ومعركة نفارين عام 1827م، مما أبرز أهمية الجزائر كقوة بحرية في تلك الحقبة.\n\n2. **العلاقة مع الدول الأخرى**:\n   - **مع فرنسا**: شهدت العلاقات الجزائرية الفرنسية تقلبات بين التعاون والصراع. رغم أن الجزائر كانت تزود فرنسا بالحبوب، إلا أن الحكومة الفرنسية بدأت تخطط للاحتلال في أوائل القرن التاسع عشر، وهو ما أدى إلى توتر العلاقات بين البلدين.\n   - **مع إسبانيا**: كانت العلاقات الجزائرية الإسبانية مشحونة بالتوتر بسبب الاحتلال الإسباني للمدن الجزائرية مثل المرسى الكبريت، والذي استمر حتى عام 1792م. هذا الاحتلال كان يمثل تهديدًا مباشرًا للأمن القومي الجزائري.\n   - **مع الدول الأوروبية الأخرى**: سعت الجزائر لتقوية علاقاتها مع دول مثل السويد والدانمارك وهولندا. حيث كانت هذه الدول تدفع إتاوات للجزائر مقابل حماية سفنها من القرصنة في البحر الأبيض المتوسط. هذا النظام ساعد الجزائر على تعزيز وجودها كقوة بحرية في المنطقة.\n   - **امتيازات اقتصادية**: منح والٍ الجزائر امتيازات لبعض الدول الأوروبية، مما أدى إلى تعزيز التجارة والنفوذ. مثل حق صيد المرجان وإقامة حصون في المناطق الساحلية، وذلك لتوليد إيرادات إضافية للجزائر.\n\n**حصن القالة**:\n- **التأسيس والوظيفة**: تم إنشاء حصن القالة عام 1561م كجزء من الجهود الجزائرية لحماية التجارة البحرية وتعزيز الاقتصاد المحلي. كان هذا الحصن مكانًا لصيد المرجان وتصدير القمح، مما يعكس أهمية التجارة البحرية للجزائر خلال هذه الفترة.",
        "Source": "Original",
        "Level": "3"
    }
]