[
    {
        "EducationalStage": "PS5",
        "HistoricalEra": "Ottoman Era",
        "Topic": "طبيعة العلاقات الجزائرية-الفرنسية قبل الاحتلال (1518-1830)",
        "Content": "احتلت الجزائر مكانة دولية مرموقة منذ أواخر القرن السادس عشر، مستفيدة من موقعها الاستراتيجي، وقوة أسطولها البحري، وكفاءة وشجاعة بحارتها، وثرواتها الطبيعية. ساهمت هذه العوامل في جذب اهتمام العديد من الدول لكسب صداقتها، ومن بينها فرنسا.\n\nفترة التعاون والوئام: عملت فرنسا على تقوية علاقتها بالجزائر عن طريق إبرام معاهدات اقتصادية وفتح قنصلية لها في الجزائر سنة 1581، مما أدى إلى تعاون ووئام بين البلدين خلال القرن السادس عشر والنصف الأول من القرن السابع عشر.\n\nتدهور العلاقات في عهد لويس الرابع عشر: ساءت العلاقات الجزائرية الفرنسية في عهد الملك لويس الرابع عشر بسبب السياسة العدوانية التي انتهجها تجاه الجزائر. تأثرت الجزائر بهذه السياسة وبدأت فترة من التوتر بين البلدين.\n\nتحسن مؤقت في العلاقات بعد الثورة الفرنسية: بعد الثورة الفرنسية سنة 1789، شهدت العلاقات بين الجزائر وفرنسا تحسنًا نسبيًا، وذلك نتيجة للتغيير في التوجهات السياسية الفرنسية.\n\nتدهور العلاقات مجددًا: استفادت فرنسا في بداية القرن التاسع عشر من الثورة الصناعية لتطوير أسلحتها، مما شكل قوة عسكرية متقدمة مكّنتها من تهديد الجزائر. كما قامت فرنسا بعقد تحالفات مع بعض الدول الأوروبية ضد الجزائر، مما أدى إلى تفاقم التوتر بين الطرفين.",
        "Source": "Original",
        "Level": "1"
    },
    {
        "EducationalStage": "PS5",
        "HistoricalEra": "Colonial Era",
        "Topic": "أسباب احتلال فرنسا للجزائر",
        "Content": "كانت هناك عدة عوامل أغرت فرنسا باحتلال الجزائر، أبرزها:\n\n1. خيرات الجزائر المتنوعة: وفرة الموارد الطبيعية والثروات في الجزائر كانت مغرية للفرنسيين، حيث رأوا فيها فرصة لتلبية احتياجاتهم الاقتصادية وتعزيز قوتهم الاقتصادية.\n\n2. الموقع الاستراتيجي: تمتاز الجزائر بموقع جغرافي هام على البحر الأبيض المتوسط، ما جعلها نقطة جذب لفرنسا لاستخدامها كنقطة ارتكاز لتوسيع نفوذها في شمال أفريقيا وتسهيل التجارة في المنطقة.\n\n3. نشر المسيحية: كانت لدى فرنسا رغبة قوية في نشر الدين المسيحي، واعتبرت الجزائر جزءًا من مشروعها لنشر التعاليم الدينية المسيحية في شمال أفريقيا.\n\n4. التخلص من المشاكل الداخلية: أرادت حكومة الملك شارل العاشر التخلص من المشاكل الداخلية التي كانت تواجهها فرنسا في ذلك الوقت. فرأى شارل العاشر في احتلال الجزائر فرصة لتحويل انتباه الشعب عن المشاكل الداخلية وتعزيز شعبيته.\n\n5. تحطم الأسطول الجزائري: أتاح تحطم الأسطول البحري الجزائري خلال عدة صراعات الفرصة لفرنسا لاحتلال الجزائر بسهولة نسبية، حيث أصبحت الجزائر أقل قدرة على الدفاع عن نفسها أمام الهجوم الفرنسي.\n\nساهمت هذه العوامل مجتمعة في دفع فرنسا نحو تنفيذ خطتها لاحتلال الجزائر وتحقيق أهدافها الاستعمارية.",
        "Source": "Original",
        "Level": "1"
    },
    {
        "EducationalStage": "PS5",
        "HistoricalEra": "Colonial Era",
        "Topic": "حادثة المروحة (1827)",
        "Content": "تعد حادثة المروحة واحدة من الأحداث التي أشعلت التوترات وأصبحت ذريعةً لاحتلال فرنسا للجزائر. في يوم 29 أبريل 1827، التقى الداي حسين، حاكم الجزائر آنذاك، مع القنصل الفرنسي بيار دوفال لمناقشة موضوع الديون الفرنسية المستحقة للجزائر. كانت الجزائر قد زودت فرنسا بالحبوب خلال فترة الثورة الفرنسية، لكن فرنسا لم تقم بتسديد هذه الديون.\n\nأثناء اللقاء، طالب الداي حسين القنصل الفرنسي بتسديد الديون، لكن دوفال تعامل مع الموضوع بازدراء وأبدى عدم الاحترام. في لحظة غضب، أشار الداي حسين بالمروحة على القنصل، وهو تصرف رمزي، ولكن اعتبرته فرنسا إهانة كبيرة لها.\n\nرد فعل فرنسا: استخدمت فرنسا هذه الحادثة كذريعة للتصعيد، حيث طالبت باعتذار رسمي من الداي حسين، وعندما رفض، فرضت حصارًا بحريًا على الجزائر استمر ثلاث سنوات. في نهاية المطاف، ومع تزايد الأطماع الفرنسية في المنطقة وأسبابها الاقتصادية والسياسية، قررت فرنسا التدخل العسكري المباشر واحتلال الجزائر، وبدأت الحملة الفرنسية على الجزائر في 14 يونيو 1830، ما أدى إلى سقوط الجزائر وبدء حقبة الاستعمار الفرنسي.\n\nتعد حادثة المروحة حدثًا رمزيًا، لكنها كانت نقطة انطلاق لسلسلة من الأحداث التي انتهت باحتلال الجزائر وتغيير مصيرها لفترة طويلة من الزمن.",
        "Source": "Original",
        "Level": "1"
    },
    {
        "EducationalStage": "PS5",
        "HistoricalEra": "Colonial Era",
        "Topic": "بداية الاحتلال الفرنسي للجزائر(1830)",
        "Content": "في 14 يونيو 1830، نزلت القوات الفرنسية في منطقة سيدي فرج غرب العاصمة الجزائرية، معلنةً بداية احتلال الجزائر. واجهت القوات الفرنسية مقاومة شرسة من الجزائريين، وخاصة في معركة سطاوالي يوم 19 يونيو 1830، التي انتهت بهزيمة الجيش الجزائري بسبب التفوق العسكري الفرنسي، ما أتاح للقوات الفرنسية التقدم نحو العاصمة.\n\nمعاهدة الاستسلام: بعد سلسلة من المناوشات والهزائم، وصلت القوات الفرنسية إلى العاصمة الجزائرية، وفي 5 يوليو 1830، وقع الداي حسين، حاكم الجزائر، معاهدة الاستسلام مع القوات الفرنسية. نصت المعاهدة على ضمان حرية مغادرة الداي مع ممتلكاته، كما وعدت فرنسا بحماية ممتلكات وأموال السكان الجزائريين وعدم التدخل في شؤونهم الدينية.\n\nلكن، على الرغم من الوعود، لم تلتزم فرنسا بشروط المعاهدة لاحقًا وبدأت في مصادرة الأراضي والممتلكات وفرض سيطرتها بالكامل، لتبدأ بذلك حقبة استعمارية طويلة استمرت أكثر من 130 عامًا.",
        "Source": "Original",
        "Level": "1"
    },
    {
        "EducationalStage": "PS5",
        "HistoricalEra": "Colonial Era",
        "Topic": "توسع الاحتلال الفرنسي في الجزائر",
        "Content": "بعد سيطرة فرنسا على العاصمة الجزائرية في 1830، بدأت بتوسيع نفوذها تدريجيًا، حيث ركزت على احتلال المدن الساحلية لتكون قواعد عسكرية للتوسع نحو الداخل الجزائري وقطع الاتصال بين الجزائريين والخارج، مما ساهم في عزل المقاومة عن الدعم الخارجي.\n\nالتوسع نحو المناطق الداخلية: استمر التوسع الفرنسي بعد السيطرة على السواحل ليشمل المدن الداخلية والقرى، حيث واجه الفرنسيون مقاومة من السكان المحليين بقيادة شخصيات وطنية، مثل الأمير عبد القادر في الغرب والشيخ بوزيان في منطقة الزعاطشة. وعلى الرغم من المقاومة، واصلت فرنسا استراتيجياتها العسكرية والميدانية حتى سيطرت على معظم المناطق.\n\nالسيطرة على كامل الجزائر: رغم استمرار المقاومة، تمكنت فرنسا تدريجيًا من فرض نفوذها على كامل الجزائر بداية القرن العشرين، بعد قمع الانتفاضات والمقاومات المحلية.",
        "Source": "Original",
        "Level": "1"
    },
    {
        "EducationalStage": "PS5",
        "HistoricalEra": "Colonial Era",
        "Topic": "السياسة الفرنسية في الجزائر ومظاهرها",
        "Content": "لم تلتزم فرنسا بوعودها للسكان الجزائريين بعد احتلال البلاد، بل طبقت سياسة قمعية وشاملة اتسمت بالعنف والقمع وتهجير السكان وشملت مظاهر عدة:\n\nالسياسة العسكرية: اتبعت فرنسا سياسة عسكرية وحشية تضمنت القتل الجماعي، وحرق القرى، وتهجير السكان، وتدمير ممتلكات الجزائريين.\n\nالسياسة الإدارية: قسمت فرنسا الجزائر إلى ثلاث مقاطعات إدارية كبرى، وتضمنت المدن بلديات أوروبية وأخرى مختلطة.\n\nالسياسة الاقتصادية: صادرت فرنسا الأراضي الجزائرية لدعم الاستيطان الأوروبي، وركزت الزراعة على الكروم لإنتاج الخمور، واستغلت الموارد الطبيعية الجزائرية، وأهملت الجانب الصناعي، مما جعل الجزائر اقتصادية تابعة لفرنسا.\n\nالسياسة الثقافية والدينية: حاولت فرنسا تشويه الدين الإسلامي ونشر الجهل، والترويج للمسيحية، وتشجيع اللغة الفرنسية على حساب اللغة العربية، وطمس الثقافة الجزائرية باستبدالها بثقافة المستعمر.",
        "Source": "Original",
        "Level": "1"
    },
    {
        "EducationalStage": "PS5",
        "HistoricalEra": "Colonial Era",
        "Topic": "القوانين الاستثنائية الفرنسية في الجزائر",
        "Content": "اتخذت فرنسا مجموعة من القوانين الظالمة التي تهدف إلى قمع الجزائريين وإخضاعهم، وساهمت هذه القوانين في سلب حقوقهم وتقويض هويتهم الوطنية:\n\nإلغاء الشخصية الجزائرية: سعت فرنسا لمحو الهوية الجزائرية وتقويض العادات والتقاليد والقيم المجتمعية.\n\nإذلال الجزائريين: تبنت سياسات التمييز والمعاملة غير الإنسانية، مما جعل الجزائريين في مرتبة أدنى من المستوطنين الأوروبيين.\n\nانتزاع الأملاك: سلبت فرنسا أراضي الجزائريين ونقلتها إلى المستوطنين الأوروبيين لتعزيز سيطرتها.\n\nإسقاط صفة المواطنة: اعتبرت فرنسا الجزائريين رعايا تابعين للاستعمار، وحُرموا من الحقوق الأساسية للمواطنين الفرنسيين.\n\nساهمت هذه القوانين في إضعاف المجتمع الجزائري وتعميق شعوره بالظلم، مما ساعد على توحيد الجزائريين لمقاومة الاستعمار.",
        "Source": "Original",
        "Level": "2"
    },
    {
        "EducationalStage": "PS5",
        "HistoricalEra": "Colonial Era",
        "Topic": "المقاومة الشعبية الجزائرية (1830-1916)",
        "Content": "قاد الأمير عبد القادر مقاومة مسلحة ومنظمة ضد الاستعمار الفرنسي من عام 1832 حتى عام 1847. حقق هزائم متعددة للعدو وأجبره على التفاوض وعقد معاهدات مثل:\n\nمعاهدة دي ميشال (26 فيفري 1834): تضمنت وقف القتال في بعض المناطق واعتراف الفرنسيين بسلطة الأمير على مناطق محددة.\n\nمعاهدة التافنة (30 ماي 1837): حددت الحدود بين أراضي الأمير والمناطق الخاضعة للفرنسيين، وأقرت هدنة بين الطرفين.\n\nأسس الأمير عبد القادر دولة جزائرية منظمة تضمنت:\n\nحدود الدولة: حدد الأمير عبد القادر حدودًا لدولته، معترفًا بها ضمن اتفاقياته مع فرنسا.\n\nمصانع حربية: أنشأ مصانع للأسلحة والذخائر لتحقيق الاكتفاء الذاتي.\n\nتنظيم إداري: أسس نظامًا إداريًا يشمل توزيع المهام وتنسيق العمليات في مواجهة الاحتلال.\n\nكانت هذه المقاومة مثالًا على الكفاح المسلح الجزائري، وألهمت الأجيال التالية للنضال من أجل التحرير.",
        "Source": "Original",
        "Level": "2"
    },
    {
        "EducationalStage": "PS5",
        "HistoricalEra": "Colonial Era",
        "Topic": "المقاومة الشعبية الجزائرية (1830-1916)",
        "Content": "قاد الأمير عبد القادر مقاومة مسلحة ومنظمة ضد الاستعمار الفرنسي من عام 1832 حتى عام 1847. حقق هزائم متعددة للعدو وأجبره على التفاوض وعقد معاهدات مثل:\n\nمعاهدة دي ميشال (26 فيفري 1834): تضمنت وقف القتال في بعض المناطق واعتراف الفرنسيين بسلطة الأمير على مناطق محددة.\n\nمعاهدة التافنة (30 ماي 1837): حددت الحدود بين أراضي الأمير والمناطق الخاضعة للفرنسيين، وأقرت هدنة بين الطرفين.\n\nأسس الأمير عبد القادر دولة جزائرية منظمة تضمنت:\n\nحدود الدولة: حدد الأمير عبد القادر حدودًا لدولته، معترفًا بها ضمن اتفاقياته مع فرنسا.\n\nمصانع حربية: أنشأ مصانع للأسلحة والذخائر لتحقيق الاكتفاء الذاتي.\n\nتنظيم إداري: أسس نظامًا إداريًا يشمل توزيع المهام وتنسيق العمليات في مواجهة الاحتلال.\n\nكانت هذه المقاومة مثالًا على الكفاح المسلح الجزائري، وألهمت الأجيال التالية للنضال من أجل التحرير.",
        "Source": "Original",
        "Level": "2"
    },
    {
        "EducationalStage": "PS5",
        "HistoricalEra": "Colonial Era",
        "Topic": "مقاومة أحمد باي (1830-1848)",
        "Content": "واجه أحمد باي القوات الاستعمارية الفرنسية منذ نزولها في سيدي فرج، وخاض معارك شرسة في إقليم قسنطينة، محققًا عدة انتصارات في البداية بفضل عوامل متعددة منها:\n\n- **ثقة السكان به:** التف الشعب الجزائري حوله واستعد للجهاد والدفاع عن قسنطينة.\n- **معرفته بالمنطقة:** استفاد من معرفته بتفاصيل المناطق المحيطة، مما ساعده في تنظيم المعارك.\n- **حصون وأسوار المدينة:** تميزت قسنطينة بأسوار وحصون قوية، مما وفر دفاعات متينة ضد القوات الفرنسية.\n\nرغم هذه العوامل، استمر الضغط الفرنسي على أحمد باي، وكثفت فرنسا جهودها لإحكام السيطرة على قسنطينة، التي سقطت في عام 1837. إلا أن أحمد باي واصل المقاومة في مناطق أخرى حتى اضطر للاستسلام في عام 1848، مما أنهى واحدة من أشهر المقاومات الجزائرية ضد الاستعمار الفرنسي.",
        "Source": "Original",
        "Level": "2"
    },
    {
        "EducationalStage": "PS5",
        "HistoricalEra": "Colonial Era",
        "Topic": "المقاومات الشعبية الأخرى (1850-1900)",
        "Content": "رغم انتهاء المقاومة المنظمة بقيادة شخصيات بارزة مثل الأمير عبد القادر وأحمد باي في منتصف القرن التاسع عشر، استمرت المقاومة الشعبية حتى بداية القرن العشرين. تميزت هذه الفترة بظهور أكثر من 160 حركة مقاومة شملت معظم مناطق الجزائر.\n\n**أنواع المقاومة الشعبية:**\n1. **المقاومات القبلية:** قادها شيوخ القبائل الذين نظموا صفوفهم للدفاع عن أراضيهم ومقاومة الاحتلال.\n2. **المقاومات الزاوية:** قادها شيوخ الزوايا، التي كانت مراكز تعليمية ودينية، حيث لعبت الزاوية الرحمانية دورًا بارزًا في تنظيم المقاومة، خاصة من خلال مقاومة المقراني.\n\n**سمات هذه المقاومات:**\n- تنوعت أساليب المقاومة بين الهجمات المسلحة والعمليات الفدائية.\n- كانت المقاومة تتسم بالخصوصية المحلية، حيث اعتمدت على خبرة القادة المحليين في تنظيم الدفاعات.\n- استمرت هذه التحركات على الرغم من القمع والبطش الذي مارسته السلطات الفرنسية، مما يدل على الإرادة القوية للشعب الجزائري في مقاومة الاحتلال.\n\nاستمرت هذه الأنشطة في تشكيل أساس حركة التحرر الوطني في الجزائر، حيث ساهمت في نشر الوعي الوطني وتعزيز الهوية الجزائرية.",
        "Source": "Original",
        "Level": "2"
    },
    {
        "EducationalStage": "PS5",
        "HistoricalEra": "Colonial Era",
        "Topic": "النضال السياسي (1919-1954)",
        "Content": "مع بداية القرن العشرين، تغيرت أساليب المقاومة الجزائرية ضد الاستعمار الفرنسي من الكفاح المسلح إلى الكفاح السياسي، حيث بدأت الجزائر تستند إلى وسائل جديدة للتعبير عن مطالبها وحقوقها.\n\n**وسائل النضال السياسي:**\n1. **تأسيس الأحزاب والجمعيات:** تم إنشاء العديد من الأحزاب السياسية والجمعيات التي نادت بحقوق الجزائريين وضرورة التغيير.\n2. **المظاهرات:** نظمت مظاهرات حاشدة للمطالبة بالحقوق والمساواة، حيث كانت تعبيرًا عن الوعي الوطني المتزايد.\n3. **تقديم العرائض:** تم تقديم عرائض رسمية للمطالبة بحقوق الجزائريين وتغيير السياسات الاستعمارية.\n4. **المشاركة في الانتخابات:** ساهم الجزائريون في الانتخابات المحلية، رغم عدم قدرتهم على الحصول على حقوقهم بشكل كامل.\n5. **إصدار الصحف:** تم إنشاء صحف جديدة لتسليط الضوء على القضايا الوطنية ونشر الأفكار السياسية.\n\n**الشخصيات البارزة في النضال السياسي:**\n- **الأمير خالد:** دعا إلى المساواة بين الجزائريين والفرنسيين.\n- **ابن جلول وفرحات عباس:** طالبوا بالاندماج واعتبار الجزائريين جزءًا من المجتمع الفرنسي.\n- **ابن باديس:** نادى بالإصلاح وتعزيز الهوية الوطنية.\n- **مصالي الحاج:** كان من المطالبين بالاستقلال التام عن الاستعمار.\n\n**الأهداف:** كان الهدف من النشاط السياسي هو تمكين الجزائريين من الحصول على حقوقهم المدنية والسياسية، وتعزيز الهوية الوطنية، وإيجاد وسائل للتعبير عن المطالب الشعبية.\n\nتُعتبر هذه المرحلة فترة حيوية في تاريخ الجزائر، حيث ساهمت هذه الجهود السياسية في تشكيل الوعي الوطني الذي أدى في النهاية إلى اندلاع الثورة الجزائرية في 1954.",
        "Source": "Original",
        "Level": "2"
    },
    {
        "EducationalStage": "PS5",
        "HistoricalEra": "Colonial Era",
        "Topic": "أحداث 8 ماي 1945",
        "Content": "في 8 ماي 1945، احتفل العالم بنهاية الحرب العالمية الثانية، لكن في الجزائر، تحولت الاحتفالات إلى مظاهرات سلمية تطالب بالحرية والمساواة. كان هذا اليوم نقطة تحول في تاريخ النضال الجزائري ضد الاستعمار الفرنسي.\n\n**تفاصيل الأحداث:**\n1. **المظاهرات:** خرج الجزائريون إلى الشوارع للتعبير عن فرحتهم بنهاية الحرب وللمطالبة بحقوقهم المشروعة.\n2. **القمع الفرنسي:** قوبلت هذه المظاهرات برد فعل عنيف ووحشي من قبل القوات الفرنسية، حيث استخدمت القوة المفرطة لقمع المحتجين.\n\n**النتائج:**\n- **عدد الضحايا:** سقط حوالي 45 ألف شهيد نتيجة للاعتداءات، مما يشير إلى شدة القمع الذي تعرض له الجزائريون.\n- **الاعتقالات:** اعتُقل الآلاف من المتظاهرين، وحُكم على العديد منهم بالإعدام أو النفي.\n\n**التأثير:**\nأظهرت هذه الأحداث للجزائريين أن الحل لمشاكلهم وحقوقهم لا يمكن أن يتحقق إلا من خلال الثورة ضد الاستعمار. وقد شكلت ممارسات القمع هذه دافعًا قويًا للعديد من الجزائريين للانضمام إلى حركة التحرر الوطني، مما أدى في النهاية إلى اندلاع الثورة الجزائرية في عام 1954.",
        "Source": "Original",
        "Level": "3"
    },
    {
        "EducationalStage": "PS5",
        "HistoricalEra": "Colonial Era",
        "Topic": "الحركة الإصلاحية في الجزائر",
        "Content": "في ظل الاستعمار الفرنسي، برزت حركة إصلاحية يقودها مجموعة من العلماء والمصلحين الذين سعوا إلى محاربة محاولات فرنسا لتشويه الهوية الجزائرية ومسخ مقوماتها الثقافية والدينية.\n\n**الجمعيات الإصلاحية:**\n1. **جمعية الإصلاح بوادي ميزاب:** كانت من أولى الجمعيات التي ظهرت للدفاع عن الهوية الجزائرية، حيث سعت إلى تعزيز القيم الثقافية والدينية بين الجزائريين.\n2. **جمعية العلماء المسلمين الجزائريين:** أسسها عدد من العلماء البارزين، مثل عبد الحميد بن باديس، بهدف النهوض بالثقافة العربية والإسلامية في الجزائر. عملت الجمعية على:\n   - **التعليم:** إنشاء مدارس لتعليم اللغة العربية والدين الإسلامي.\n   - **الوعي الوطني:** نشر الوعي حول الهوية الوطنية والتاريخ الجزائري.\n   - **التحريض على الاستقلال:** تشجيع الجزائريين على مقاومة الاستعمار الفرنسي.\n\n**أهداف الحركة الإصلاحية:**\n- **استعادة الهوية:** كانت من أهم أهداف هذه الحركة استعادة الهوية الجزائرية الحقيقية من خلال الثقافة والدين.\n- **مقاومة الاستعمار:** التحريض على المقاومة ضد الاستعمار الفرنسي، والتأكيد على أهمية العمل الجماعي في تحقيق الاستقلال.\n\n**التأثير:**\nلقد كان للحركة الإصلاحية دور كبير في توعية المجتمع الجزائري وتعزيز الروح الوطنية، مما ساهم في إعداد الأرضية لاندلاع الثورة الجزائرية فيما بعد.",
        "Source": "Original",
        "Level": "3"
    },
    {
        "EducationalStage": "PS5",
        "HistoricalEra": "War of Independence",
        "Topic": "الثورة التحريرية المسلحة في الجزائر (1954-1962)",
        "Content": "تُعتبر الثورة التحريرية المسلحة من أهم المحطات في تاريخ الجزائر، حيث توجت جهود المقاومة المسلحة والسياسية التي دامت طوال القرن التاسع عشر والنصف الأول من القرن العشرين.\n\n**أسباب الثورة:**\n- **معاناة الشعب الجزائري:** عاش الجزائريون في حالة من البؤس والحرمان تحت وطأة الاستعمار الفرنسي.\n- **الاضطهاد المتواصل:** تعرضوا لاضطهاد سياسي واجتماعي واقتصادي من قبل الاستعمار الفرنسي.\n- **عدم الاستجابة للمطالب السياسية:** لم تستجب السلطات الفرنسية لمطالب الجزائريين السياسية.\n- **الرغبة في استعادة الدولة:** الدافع الحقيقي للثورة كان رغبة الجزائريين في إعادة بعث الدولة الجزائرية التي سقطت يوم 5 يوليو 1830.\n\n**مراحل الثورة:**\n1. **المرحلة الأولى (1954-1956):**\n   - عمليات عسكرية شاملة: بدأت الثورة بعمليات عسكرية مست مختلف مناطق البلاد.\n   - نشر بيان أول نوفمبر: تم تحديد أهداف الثورة وشروط وقف القتال.\n   - مهاجمة 20 أغسطس 1955: عززت الثورة داخلياً وخارجياً.\n   - تدويل القضية الجزائرية: أُثيرت القضية الجزائرية في المحافل الدولية مثل مؤتمر باندونغ وهيئة الأمم المتحدة.\n2. **المرحلة الثانية (1956-1958):**\n   - مؤتمر الصومام: انعقد المؤتمر الذي زود الثورة بالهياكل والتنظيمات اللازمة.\n   - نشاط إعلامي: قامت الثورة بنشاط إعلامي متنوع لإسماع صوتها داخلياً وخارجياً.\n   - انضمام الطلبة: انضم الطلبة إلى الثورة وأُسسَت اتحادات وطنية عدة.\n   - اندماج الأحزاب: انضمت معظم الأحزاب في جبهة التحرير الوطني.\n   - تدويل القضية: استمرت جهود تدويل القضية الجزائرية في المحافل العالمية.\n3. **المرحلة الثالثة (1958-1960):**\n   - جاء الجنرال ديغول: في مايو 1958، اعتقد الفرنسيون أن ديغول قادر على إخماد الثورة.\n   - استخدام العنف: استخدم ديغول أقصى وسائل الفتك والدمار، مع تقديم الإغراءات المادية.\n   - إنشاء الحكومة المؤقتة: ردت جبهة التحرير بإنشاء الحكومة المؤقتة في 19 سبتمبر 1958.\n   - مظاهرات 11 ديسمبر 1960: شهدت هذه الفترة زيادة تجنيد الشعب.\n4. **المرحلة الرابعة (1960-1962):**\n   - مفاوضات صعبة: دخل الطرفان الجزائري والفرنسي في مفاوضات طويلة وصعبة.\n   - الشروط الفرنسية: تضمنت الشروط الاحتفاظ بالصحراء وقواعد عسكرية في الجزائر ومصير المستوطنين.\n   - وقف القتال: تم وقف القتال يوم 19 مارس 1962.\n   - الإعلان عن الاستقلال: أُعلن الاستقلال يوم 5 يوليو 1962.\n\n**نتائج الثورة:**\nأسفرت الثورة عن استقلال الجزائر، حيث استعاد الشعب الجزائري حريته وسيادته بعد 132 عاماً من الاستعمار. تعتبر هذه الثورة رمزاً للصمود والإرادة الوطنية في وجه الاستعمار.",
        "Source": "Original",
        "Level": "3"
    },
    {
        "EducationalStage": "PS5",
        "HistoricalEra": "Post-Independence Era",
        "Topic": "ظروف الجزائر غداة الاستقلال (1962)",
        "Content": "بعد الاستقلال عن الاستعمار الفرنسي في 5 يوليو 1962، واجهت الجزائر مجموعة من التحديات على الصعيدين الاجتماعي والاقتصادي.\n\n**الظروف الاجتماعية**\n\n- **انتشار الأمية والفقر**: عانت البلاد من مستويات مرتفعة من الأمية والفقر، مما أثر على القدرة على التنمية والتقدم.\n- **البطالة**: كانت معدلات البطالة مرتفعة، مما زاد من حدة الأزمات الاجتماعية.\n- **الأيتام والأرامل والمعطوبين**: أسفرت سنوات الحرب عن وجود الآلاف من الأيتام والأرامل والمعطوبين، مما زاد من الأعباء على المجتمع.\n- **الأحياء القصديرية**: انتشرت الأحياء القصديرية حول المدن الكبرى، مما يدل على غياب التخطيط الحضري والمرافق الأساسية.\n- **الافتقار إلى المرافق الضرورية**: كانت البلاد تعاني من نقص حاد في المرافق الضرورية مثل المدارس، المستشفيات، والمساكن، مما أثر سلباً على جودة الحياة.\n\n**الظروف الاقتصادية**\n\n- **زراعة متخلفة**: كانت الزراعة تعاني من التخلف، مع مردود ضعيف لم يكن كافياً لتلبية احتياجات السكان.\n- **صناعة بسيطة**: تعرضت الصناعة للتخريب من قبل المعمرين عند مغادرتهم البلاد، حيث كانت معظمها تعتمد على استخراج الموارد أو كانت تقليدية.\n- **تجارة مرتبطة بفرنسا**: كانت التجارة مرتبطة بشكل تام بفرنسا، حيث كانت صادرات الجزائر تستهدف السوق الفرنسية، مما خلق اعتماداً اقتصادياً غير مستدام.\n- **عجز تجاري**: واجهت الجزائر عجزاً تجارياً، مما زاد من الأعباء المالية على الدولة الجديدة.\n\n**خلاصة**\n\nتُظهر هذه الظروف التحديات الكبيرة التي كانت تواجه الجزائر في السنوات التي تلت الاستقلال، مما استدعى بذل جهود كبيرة في مجالات التعليم والتنمية الاقتصادية والاجتماعية لتحقيق التقدم والازدهار.",
        "Source": "Original",
        "Level": "3"
    },
    {
        "EducationalStage": "PS5",
        "HistoricalEra": "Post-Independence Era",
        "Topic": "أسس ومبادئ السياسة الداخلية في الجزائر بعد الاستقلال",
        "Content": "عقب الاستقلال عن الاستعمار الفرنسي، ورثت الجزائر وضعًا صعبًا سياسيًا واقتصاديًا واجتماعيًا. وللتخلص من هذا الوضع ولتطوير البلاد، اعتمدت السياسة الداخلية على عدة مبادئ أساسية:\n\n**تبني النظام الاشتراكي**: اعتمدت الحكومة الجزائرية النظام الاشتراكي كنظام حاكم يهدف إلى تحقيق العدالة الاجتماعية والمساواة في توزيع الثروات.\n\n**تأميم الثروات الأساسية**: تمت عملية تأميم جميع الثروات الأساسية التي كانت بيد الأجانب، مثل النفط والمعادن، مما ساعد في تعزيز السيادة الاقتصادية للبلاد.\n\n**وضع مخططات إنمائية**: وضعت الحكومة مخططات تنموية شاملة تهدف إلى تحسين الوضع الاقتصادي والاجتماعي، عبر تطوير البنية التحتية وتعزيز القطاعات الحيوية.\n\n**القضاء على الفوارق الجهوية**: عملت الحكومة على تقليل الفوارق بين المناطق المختلفة في البلاد من خلال مشاريع التنمية المتوازنة.\n\n**إنشاء العديد من الدواوين والشركات الوطنية**: تم تأسيس شركات وطنية ودواوين حكومية لتعزيز القطاع العام، مما ساعد في إدارة الاقتصاد وتنمية المشاريع.\n\n**مظاهر السياسة الداخلية**\n\nتعددت مظاهر السياسة الداخلية في عدة مجالات:\n\nفي الميدان الزراعي:\n- تم وضع تنظيمات للرفع من مردود الإنتاج وتحسينه.\n- تنفيذ الثورة الزراعية.\n- إصدار قانون استصلاح الأراضي.\n- إنشاء المستثمرات الفلاحية.\n\nفي الميدان الصناعي:\n- العمل على استغلال المناجم والمحروقات.\n- تطوير الصناعة التقليدية.\n- إقامة مركبات صناعية حديثة.\n\nفي الميدان الثقافي:\n- توسيع التعليم والتكوين المهني.\n- محاربة الأمية.\n- نشر وسائل التوعية عبر التلفزة والإذاعة والصحافة والكتب.\n\n**المشاريع الإنمائية**\n\nلإعادة بناء البلاد والخروج من حالة التخلف، أنجزت الدولة الجزائرية مشاريع اقتصادية متعددة، منها:\n\nفي الميدان الصناعي:\n- مشاريع استصلاح الأراضي.\n- مشاريع التشجير وبناء السدود.\n- بناء المركبات الصناعية واستغلال الثروة الباطنية.\n\nفي الميدان الاجتماعي:\n- إنجاز مشاريع اجتماعية شملت التعليم والصحة والسكن والشغل.\n- رفع مستوى معيشة السكان وتطوير البلاد.\n\n**خلاصة**\n\nتجسد هذه الأسس والمظاهر السياسية التوجهات الرئيسية للحكومة الجزائرية بعد الاستقلال، والتي تهدف إلى بناء دولة قوية ومستقلة، وتحقيق التنمية الشاملة والعدالة الاجتماعية.",
        "Source": "Original",
        "Level": "3"
    },
    {
        "EducationalStage": "PS5",
        "HistoricalEra": "Post-Independence Era",
        "Topic": "أسس ومبادئ السياسة الخارجية الجزائرية",
        "Content": "تستند السياسة الخارجية الجزائرية إلى مجموعة من المبادئ والأسس التي تعكس التوجهات الوطنية وتضمن الدفاع عن مصالح الشعب الجزائري، ومن أهم هذه المبادئ:\n\n- **الدفاع عن مصالح الشعب الجزائري**: تعتبر حماية مصالح الشعب في الداخل والخارج من الأولويات الأساسية، بما يشمل تعزيز التنمية الاقتصادية والاجتماعية.\n- **الدفاع عن الحدود الموروثة عن الاستعمار**: تسعى الجزائر إلى حماية سيادتها الوطنية والحدود الموروثة من فترة الاستعمار، وذلك من خلال تعزيز الأمن الوطني والدفاع.\n- **مساندة الشعوب المكافحة من أجل الحرية**: تدعم الجزائر حركات التحرر في العالم، خاصة في إفريقيا والعالم العربي، وتعتبر دعم الشعوب الساعية نحو الحرية والاستقلال جزءًا من مسؤولياتها الأخلاقية.\n- **رفض التمييز العنصري**: تلتزم الجزائر بمبادئ حقوق الإنسان، وترفض كل أشكال التمييز العنصري أو أي نوع من التمييز.\n- **حل المشاكل الدولية بالطرق السلمية**: تفضل الجزائر استخدام الطرق السلمية والدبلوماسية لحل النزاعات الدولية، مع التأكيد على الحوار كوسيلة لتحقيق السلام.\n- **عدم التدخل في الشؤون الداخلية للدول**: تحترم الجزائر سيادة الدول الأخرى وتلتزم بعدم التدخل في شؤونها الداخلية، مما يعكس التزامها بالسيادة الوطنية.\n\n**مظاهر السياسة الخارجية**\n\nتظهر السياسة الخارجية الجزائرية من خلال انخراطها في العديد من الهيئات الإقليمية والدولية، ومن أبرز هذه المظاهر:\n\n- **الاتحاد المغاربي**: تلعب الجزائر دورًا بارزًا في تعزيز التكامل الإقليمي في منطقة المغرب العربي، من خلال العمل على تحقيق التعاون والتنمية المشتركة.\n- **جامعة الدول العربية**: تشارك الجزائر بفعالية في قضايا العالم العربي، وتساهم في اتخاذ القرارات المتعلقة بالأمن العربي والتنمية.\n- **الاتحاد الإفريقي**: تعتبر الجزائر من الأعضاء النشطين في الاتحاد الإفريقي، حيث تسعى لتعزيز الاستقرار والتنمية في القارة الإفريقية.\n- **حركة عدم الانحياز**: تساهم الجزائر في هذه الحركة من خلال دعم القضايا النامية وتعزيز التعاون بين الدول غير المنحازة.\n- **المؤتمر الإسلامي**: تلعب الجزائر دورًا في دعم قضايا العالم الإسلامي والمساهمة في تعزيز التعاون بين الدول الإسلامية.\n- **هيئة الأمم المتحدة**: تعتبر الجزائر عضوًا نشطًا في الأمم المتحدة، حيث تساهم في مناقشة القضايا الدولية والدفاع عن مصالح الدول النامية.\n\n**خلاصة**\n\nتعكس السياسة الخارجية الجزائرية التزامها بالمبادئ الإنسانية والأخلاقية، وترمي إلى تعزيز الأمن والاستقرار على المستويين الإقليمي والدولي، مما يسهم في تحقيق السلام والتنمية للجزائر وللشعوب الأخرى.",
        "Source": "Original",
        "Level": "3"
    }
]