[
    {
        "EducationalStage": "HSS2",
        "HistoricalEra": "Colonial Era",
        "Topic": "الحركة الاستعمارية",
        "Content": "عرفت القارة الأوروبية بين القرنين 17 ة 19تحولات عميقة في الفكر والسياسة و الإقتصاد جنت ثمارها الشعوب الأوروبية ، فيحين إنعكست سلبا على شعوب إفريقيا و آسيا من خلال ظاهرة الإستعمار .\nالاستعمار :\nتعريفه اللغوي : هو طلب التعمير و السعي لتحقيق العمران . استعمر الأرض أي عمرها و أمدها بما تحتاج لتصلح و تعمر .\nتعريفه الاصطلاحي : مجموع الممارسات التي تقوم بها دولة قوية ضد دولة ضعيفة بهدف احتلال ارضها و استغلال ثرواتها و استبعاد شعبها .\nالحركة الإستعمارية :هي حركة سياسية عسكرية ظهرت في أوروبا في القرن 15لتتوسع خلال القرن 18و 19 مع نمو الثورة الصناعية ، إستهدفت قارات: أمريكا ، آسيا و إفريقيا .\nعلاقة الاستعمار بالقرنين 15 و 18 م :\nالنهضة الأروبية فس القرن15 م و ما نتج من كشوفات جغرافية قادت الى ظهور الحركة الاستعمارية ( يسترجع التلميذ هذه المفاهيم )\nالثورة الصناعية في القرن 18 م و مانتج عنها من أزمات قادت الى اتساع الموجة الاستعمارية\nالثورة الصناعية في القرن 18 م و مانتج عنها من أزمات قادت الى اتساع الموجة الاستعمارية\n\nفيديوا توضيحي للدرس:\n\n\nوفيما يلي فيديو توضيحي للدرس:\n\n",
        "Source": "https://www.topacademy-dz.com/Courses/ReadCourse/2/12/4489/%D8%A7%D9%84%D8%AB%D8%A2%D9%86%D9%8A%D8%A9-%D8%AB%D8%A7%D9%86%D9%88%D9%8A-%D8%B9%D9%84%D9%88%D9%85-%D8%B7%D8%A8%D9%8A%D8%B9%D8%A9--%D8%AA%D8%A7%D8%B1%D9%8A%D8%AE-%D9%88-%D8%AC%D8%BA%D8%B1%D8%A7%D9%81%D9%8A%D8%A7-%D8%A7%D9%84%D8%AD%D8%B1%D9%83%D8%A9-%D8%A7%D9%84%D8%A7%D8%B3%D8%AA%D8%B9%D9%85%D8%A7%D8%B1%D9%8A%D8%A9(%D8%A7%D9%84%D8%B8%D8%B1%D9%88%D9%81-%D9%88-%D8%A7%D9%84%D8%A3%D8%B3%D8%A8%D8%A7%D8%A8-%D9%88-%D8%A7%D9%84%D8%A3%D9%87%D8%AF%D8%A7%D9%81)",
        "Level": "1"
    },
    {
        "EducationalStage": "HSS2",
        "HistoricalEra": "Colonial Era",
        "Topic": "ظروف ظهور الحركة الاستعمارية :",
        "Content": "النهضة الأروبية في القرار 15 م وو إنعكاساتها.\nالكشوفات الجغرافية و نتائجها .\nتراجع الدورالريادي للعالم الإسلامي.\nالصراع الحضاري بين الشرق الاسلامي و الغرب النصراني\nالثورة الصناهية و آثارها\n\nالإنقلاب الصناعي و إنعكاساته .\n\n",
        "Source": "https://www.topacademy-dz.com/Courses/ReadCourse/2/12/4489/%D8%A7%D9%84%D8%AB%D8%A2%D9%86%D9%8A%D8%A9-%D8%AB%D8%A7%D9%86%D9%88%D9%8A-%D8%B9%D9%84%D9%88%D9%85-%D8%B7%D8%A8%D9%8A%D8%B9%D8%A9--%D8%AA%D8%A7%D8%B1%D9%8A%D8%AE-%D9%88-%D8%AC%D8%BA%D8%B1%D8%A7%D9%81%D9%8A%D8%A7-%D8%A7%D9%84%D8%AD%D8%B1%D9%83%D8%A9-%D8%A7%D9%84%D8%A7%D8%B3%D8%AA%D8%B9%D9%85%D8%A7%D8%B1%D9%8A%D8%A9(%D8%A7%D9%84%D8%B8%D8%B1%D9%88%D9%81-%D9%88-%D8%A7%D9%84%D8%A3%D8%B3%D8%A8%D8%A7%D8%A8-%D9%88-%D8%A7%D9%84%D8%A3%D9%87%D8%AF%D8%A7%D9%81)",
        "Level": "1"
    },
    {
        "EducationalStage": "HSS2",
        "HistoricalEra": "Colonial Era",
        "Topic": "اسباب الحركة الاستعمارية :",
        "Content": "السياسسية :\nبناء الوزن السياسي من خلال التوسع الاستعماري\nاسكات المعارضات الداخلية\nالاقتصادية :\nإن التراكم الصناعي و المالي في أوروبا و ما ترتب عنه من حاجة إلى تموين و تمويل و تسويق دفع بالدول الأوروبية إلى البحث عنها  خارج القارة.\nالحاجة للمواد الأولية\nالبحث عن الأسواق التجارية\nاستثمار رؤوس الأموال\nالاجتماعية :\nلجأت الدول الأوروبية خلال الحركة الإستعمارية إلى التخلص من فائض السكان ، و من مجموعات بشريةتنتمي إلى شرائح إجتماعية مختلفة بهدف توظيفها و إستثمار جهودها في مستعمراتها .\nالاستراتجية :\nإن الأهمية الإستراتيجية للعديد من البلدان الإفريقية و الآسياوية (إشرافها على البحر المتوسط ، البحر الأحمر ، الخليج العربي ، الساحل الغربي لإفريقيا و المحيط الهندي )جعلها محطة أنظار الإستعمارالأوروبي الذي إتخذ منها قواعد عسكرية له في البحر المتوسط .\nالتحكم في المواقع الحساسة فس العالم من مضائق و طرق\nبناء قواعد عسكرية لاستخدامها في أوقات الحرب و السلم\nالحضارية و الدينية :\nلقد إدعت أوروبا بأنها تحمل  رسالة حضاريةوجب تبليغها إلى الإنسانية جماء (الرسالة الدينية ، السياسية و التكنولوجية .....).\nنشر النصرانية\nنشر الحضارة و اتقدم بزعم الأوروبيين\n\n\n",
        "Source": "https://www.topacademy-dz.com/Courses/ReadCourse/2/12/4489/%D8%A7%D9%84%D8%AB%D8%A2%D9%86%D9%8A%D8%A9-%D8%AB%D8%A7%D9%86%D9%88%D9%8A-%D8%B9%D9%84%D9%88%D9%85-%D8%B7%D8%A8%D9%8A%D8%B9%D8%A9--%D8%AA%D8%A7%D8%B1%D9%8A%D8%AE-%D9%88-%D8%AC%D8%BA%D8%B1%D8%A7%D9%81%D9%8A%D8%A7-%D8%A7%D9%84%D8%AD%D8%B1%D9%83%D8%A9-%D8%A7%D9%84%D8%A7%D8%B3%D8%AA%D8%B9%D9%85%D8%A7%D8%B1%D9%8A%D8%A9(%D8%A7%D9%84%D8%B8%D8%B1%D9%88%D9%81-%D9%88-%D8%A7%D9%84%D8%A3%D8%B3%D8%A8%D8%A7%D8%A8-%D9%88-%D8%A7%D9%84%D8%A3%D9%87%D8%AF%D8%A7%D9%81)",
        "Level": "1"
    },
    {
        "EducationalStage": "HSS2",
        "HistoricalEra": "Colonial Era",
        "Topic": "أهداف الحركةالإستعمارية",
        "Content": "لقد ركزت الدول الإستعمارية في إفريقيا و آسيا على تحقيق الأهداف التالية:\nالإقتصادية والمالية:\nإستنزاف الموارد الطبيعية (السطحية و الباطنية) و هيكلتها للقطاع بما يخدم المستعمر.\nاستمرار رؤوس الأموال في مشاريع استعمارية .\nتنشيط الحركة التجارية يفتح الأسواق و الترويج للمنتوجات الصناعية المتنوعة للدول المستعمرة.\nالإستراتيجية والعسكرية:\nالسيطرة على الممرات المائية البحرية و النهرية و تحويلها إلى قواعد عسكرية .\nإقامة القواعد العسكرية البرية و البحرية لحماية مصالحها .\nتأمين طرق المواصلات نحو مستعمراتها.\nالحضارية:\nنشر المسيحية بمختلف مذاهبها.\nتمكين الثقافة و اللغات الأوروبية لدى شعوب المستعمرات.\nتثبيت الفكر الإستعلائي للرجل الأوروبي .\nمحاربة و تشويه اللغات و الثقافة المحلية .",
        "Source": "https://www.topacademy-dz.com/Courses/ReadCourse/2/12/4489/%D8%A7%D9%84%D8%AB%D8%A2%D9%86%D9%8A%D8%A9-%D8%AB%D8%A7%D9%86%D9%88%D9%8A-%D8%B9%D9%84%D9%88%D9%85-%D8%B7%D8%A8%D9%8A%D8%B9%D8%A9--%D8%AA%D8%A7%D8%B1%D9%8A%D8%AE-%D9%88-%D8%AC%D8%BA%D8%B1%D8%A7%D9%81%D9%8A%D8%A7-%D8%A7%D9%84%D8%AD%D8%B1%D9%83%D8%A9-%D8%A7%D9%84%D8%A7%D8%B3%D8%AA%D8%B9%D9%85%D8%A7%D8%B1%D9%8A%D8%A9(%D8%A7%D9%84%D8%B8%D8%B1%D9%88%D9%81-%D9%88-%D8%A7%D9%84%D8%A3%D8%B3%D8%A8%D8%A7%D8%A8-%D9%88-%D8%A7%D9%84%D8%A3%D9%87%D8%AF%D8%A7%D9%81)",
        "Level": "1"
    },
    {
        "EducationalStage": "HSS2",
        "HistoricalEra": "Colonial Era",
        "Topic": "مفهوم الحركة التحررية",
        "Content": "يدل الكفاح التحرري على كل أشكال الرفض و المقاومة المنظمة و غير المنظمة التي تقوم بها جماعة بشرية أو شعب من الشعوب في إقليم يتعرض للعدوان أو تأسست به سلطة الإحتلال فيأي مرحلة تاريخية ، و هو عمل إرادي و حق أنساني طبيعي ، أصبحت تكفله المواثيق و القوانين الدولية بهدف استعادة السيادة بجميع مظامينها و مظاهرها.\nالحركة التحررية : هي رد فعل الشعوب المستعمرة عسكريا و سياسيا ضد الاستعمار , ارتبطت زمنيا بفترة مابعد الحرب العالمية الثانية .\nالنظال : هو مختلف الأساليب المعتمدة من أجل استرجاع الحق\nسياسة اللاعنف : هو مصطلح أطلقه الزعيم الهندي المهاتما غاندي و يقصد به مقاومة الاستعمار بطرق سلمية من خلال الإضطرابات و العصيان المدني و مقاطعة منتوجاته\nالوعي السياسي : يقصد به الإدراك الذي يقوده الى معرفة الحق السياسي و طريقة المطالبة به . و هو حالة ارتبطت ارتبطت بالحركات التحررية\nبلاد الشام : المجال الجغرافي الذي يضم العراق و بلاد الشام\n- الهلال الخصيب: المجال الجغرافي الذي يضم العراق وبلاد الشام.\nوفيما يلي فيديو توضيحي للدرس:\n\n",
        "Source": "https://www.topacademy-dz.com/Courses/ReadCourse/2/12/4491/%D8%A7%D9%84%D8%AB%D8%A2%D9%86%D9%8A%D8%A9-%D8%AB%D8%A7%D9%86%D9%88%D9%8A-%D8%B9%D9%84%D9%88%D9%85-%D8%B7%D8%A8%D9%8A%D8%B9%D8%A9--%D8%AA%D8%A7%D8%B1%D9%8A%D8%AE-%D9%88-%D8%AC%D8%BA%D8%B1%D8%A7%D9%81%D9%8A%D8%A7-%D8%A7%D9%84%D8%AD%D8%B1%D9%83%D8%A7%D8%AA-%D8%A7%D9%84%D8%AA%D8%AD%D8%B1%D8%B1%D9%8A%D8%A9-%D9%81%D9%8A-%D8%A5%D9%81%D8%B1%D9%8A%D9%82%D9%8A%D8%A7-%D9%88%D8%A2%D8%B3%D9%8A%D8%A7",
        "Level": "1"
    },
    {
        "EducationalStage": "HSS2",
        "HistoricalEra": "Colonial Era",
        "Topic": "ظروف الكفاح التحرري",
        "Content": "الظروف الداخلية:\nالوجود الإستعماري و ممارساته المختلفة.\nظهور الفكر الإصلاحي حركة جمال الدين الأفغاني.\nظهور الفكر التحرري في المناطق الخاضعة للتواجد الإستعماري .\nإنتشار الفكر القومي السياسي الفلسفي.\nاستنفاذة شعوب المستعمرات من المواجهتين العسكريتين الأوروبيتين الأولى و الثانية .\nمواثيق المنظمات الدولية و عصبة الأمم و الأمم المتحدة ....\nأسباب الكفاح التحرري :",
        "Source": "https://www.topacademy-dz.com/Courses/ReadCourse/2/12/4491/%D8%A7%D9%84%D8%AB%D8%A2%D9%86%D9%8A%D8%A9-%D8%AB%D8%A7%D9%86%D9%88%D9%8A-%D8%B9%D9%84%D9%88%D9%85-%D8%B7%D8%A8%D9%8A%D8%B9%D8%A9--%D8%AA%D8%A7%D8%B1%D9%8A%D8%AE-%D9%88-%D8%AC%D8%BA%D8%B1%D8%A7%D9%81%D9%8A%D8%A7-%D8%A7%D9%84%D8%AD%D8%B1%D9%83%D8%A7%D8%AA-%D8%A7%D9%84%D8%AA%D8%AD%D8%B1%D8%B1%D9%8A%D8%A9-%D9%81%D9%8A-%D8%A5%D9%81%D8%B1%D9%8A%D9%82%D9%8A%D8%A7-%D9%88%D8%A2%D8%B3%D9%8A%D8%A7",
        "Level": "1"
    },
    {
        "EducationalStage": "HSS2",
        "HistoricalEra": "Colonial Era",
        "Topic": "أسباب الكفاح التحرري",
        "Content": "الأسباب الداخلية :\nالسياسة الإستعمارية القائمة على القمع و الإستغلال .\nظهور نخبة وطنية أطرت الشعوب ثقافيا، سياسيا و عسكريا.\nإكتياب الخبرات العسكرية من خلال المشاركة في الحروب الأوروبية .\nسياسة التقارب بين المستعمرات (مؤتمر باريس 1919ومؤتمر نفازاكي1926).\nالإستقلال المبكر لبعض الشعوب (سوريا، لبنان ، الهند ، باكستان و أندونيسيا).\nالأسباب الخارجية:\nالإستفادة منالمبادئ و الأفكار التحررية (مبدأ تقرير المصير )\nالوعود الكاذبة التي قطعتها الدول الإستعمارية على نفسها اتجاه شعوب المستعمرات .\nاهتزازمكانة الدول الإستعمارية بعد الحرب العالمية الثانية و ظهور قوى جديدة .\nظهور المنظمات الدولية و الإقليمية (هيئة الأمم المتحدة و جامعة الدول العربية ).\nانتشار وسائل الإعلام و الإتصال .\nتحدي حركات التحرر للسياسة الأمريكية الهادفة إلى ملئ فراغ الإمبراطورية الإستعمارية القديمة بدعمها للأنظمة العميلة بجميع الوسائل (الشرق الأقصى و المشرق العربي).\nمساندة الإتحاد السوفياتي لحركات التحرر.\nظهور سياسة ملئ الفراغ بالنسبة للقوى العظمى .\n",
        "Source": "https://www.topacademy-dz.com/Courses/ReadCourse/2/12/4491/%D8%A7%D9%84%D8%AB%D8%A2%D9%86%D9%8A%D8%A9-%D8%AB%D8%A7%D9%86%D9%88%D9%8A-%D8%B9%D9%84%D9%88%D9%85-%D8%B7%D8%A8%D9%8A%D8%B9%D8%A9--%D8%AA%D8%A7%D8%B1%D9%8A%D8%AE-%D9%88-%D8%AC%D8%BA%D8%B1%D8%A7%D9%81%D9%8A%D8%A7-%D8%A7%D9%84%D8%AD%D8%B1%D9%83%D8%A7%D8%AA-%D8%A7%D9%84%D8%AA%D8%AD%D8%B1%D8%B1%D9%8A%D8%A9-%D9%81%D9%8A-%D8%A5%D9%81%D8%B1%D9%8A%D9%82%D9%8A%D8%A7-%D9%88%D8%A2%D8%B3%D9%8A%D8%A7",
        "Level": "1"
    },
    {
        "EducationalStage": "HSS2",
        "HistoricalEra": "Colonial Era",
        "Topic": "أهداف الكفاح التحرري",
        "Content": "إنهاء الوجود الإستعماري .\nالقضاء على الأنظمة المرتبطة بالإستعمار .\nالتخلص من القيود و الضغوط الأجنبية .\nإستكمال الإستقلال الوطني الشامل.\nالقضاء على الإرث الإستعماري بتراكماته المختلفة.\nتجنب مخاطر الصراع الدولي  بين الكتلة الشرقية و الغربية الذي طالت آثاره أراضي و شعوب آسيا و افريقيا.\nالبحثعنسبل التضامن بين الشعوب الأفروآسياوية و تشكيل جبهة دفاع عمل والتي ظهرت في مؤتمرباندونغ 1955 ، و تجسدت في كتلةعدم الإنحياز 1961 .",
        "Source": "https://www.topacademy-dz.com/Courses/ReadCourse/2/12/4491/%D8%A7%D9%84%D8%AB%D8%A2%D9%86%D9%8A%D8%A9-%D8%AB%D8%A7%D9%86%D9%88%D9%8A-%D8%B9%D9%84%D9%88%D9%85-%D8%B7%D8%A8%D9%8A%D8%B9%D8%A9--%D8%AA%D8%A7%D8%B1%D9%8A%D8%AE-%D9%88-%D8%AC%D8%BA%D8%B1%D8%A7%D9%81%D9%8A%D8%A7-%D8%A7%D9%84%D8%AD%D8%B1%D9%83%D8%A7%D8%AA-%D8%A7%D9%84%D8%AA%D8%AD%D8%B1%D8%B1%D9%8A%D8%A9-%D9%81%D9%8A-%D8%A5%D9%81%D8%B1%D9%8A%D9%82%D9%8A%D8%A7-%D9%88%D8%A2%D8%B3%D9%8A%D8%A7",
        "Level": "1"
    },
    {
        "EducationalStage": "HSS2",
        "HistoricalEra": "Colonial Era",
        "Topic": "الكفاح التحرري في قارتي افريقيا و آسيا",
        "Content": "أسباب الكفاح التحرري في قارتي افريقيا و آسيا:\nالداخلية :\nالاستعمار\nانتشار الفكر التحرري بفعل نشوء نخب وطنية واعية\nااكتساب الخبرة بفعل لالمشاركة في حروب المشاركة في حروب الاستعماريين\nالخارجية :\nانتشار مبادئ حقوق الانسان بفضل الثورات السياسية و ح ع 2\nنجاح الثورة الشوعية في روسيا 1917 م و مساعدتها الحركات التحرر\nمواثيق المنظمات الدولية التي تؤكد على حق الشعوب في تقرير مصيرها\nضعف لبدول الاستعمارية الناتج عن الحرب ح 2\nأهداف حركات التحرر في القارتين :\n- تحقيق الاستقلال الوطني\n- استعادة السيادة على الثورة الوطنية\n- التخلص من الوضع الاجتماعي و الحضاري الذي خلفه الاستعمار\n- استعادة الكرامة الانسانية التي اهدرها الاستعمار في القارتين\n2- وسائل الكفاح التحرري في القارتين :\n- المقاومة السياسية : وسائلها النشاط الحزبي و الجمعيات و النوادي , النموذج : الجزائر بعدد بعد ح ع 1\n- المقاومة العسكرية (رسمية و شعبية ) : استخدام القوة العسكرية . النموذج : الأمير عبد القادر و أحمد باي نوفمبر في الجزائر + الثورة الفيتنامية\n- المقاومة الاقتصادية : مقاطعة الدولة الاستعمارية , النموذج : سياسة اللاعنف في الهند\n3- المميزات العامة لحركات التحرر في القارتين :\n- الرفض المشترك للوجود الاستعماري\n- التزامن التاريخي\n- التضامن بينها و تبادل التأثير\n- التشابه في اهدافها و ظروفها\n- انطلقت من قواعد شعبية و ليست فئوية أو طبقية\n4- اتفاقية ساكس بسكو - وعد بلفور\nأ- اتفاقية سايكس بيكة :\n- خروج الدولة العثمانية مهزومة في ح ع 1\n- 1916 كان الهلال الخصيب (تعريفه ) لايزال تحت الحكم العثماني\n- بع اجتماعات عديدة في 16 /05 / 1916 اجتمع ننثل فرنسوا جورج بيكو و ممثل بريطانيا مارك سايكس وقاما بوضع خريطة لتقسيم الهلال الخصيب بين طرفين و ليتم تنفيذها بعد الانتهاء من الحرب ع 1\n- وجه الضرر فيها في أنها ادت الى تقسيم الهلال الخصيب و اخضاعه للسيطرة الاستعمارية\nب-وعد بلفور :\n- بعد مؤتمر بال 1897 م في سويسرا و الذي نتج عنه انشاء الحركة الصهيونية بدأ نشاط اليهود لتحقيق هدف هذه الحركة\n- سعي اليهود لدى الحكومة البريطانية الاصدار وعد تتعهد فيه بمساعدتهم في تحقيق هدفهم\n- صدر هذا التعهد في رسالة بعث بها وزير خارجية بريطانيا جيمس آرثر بلفور في 12 /11 /1917 م الى أحد أثرياء اليهود لتحقيق هدف هذه الحركة\n- سعي اليهود لدى الحكومة البريطانية بمعاونة اليهود في بناء دولتهم في فلسطين\n",
        "Source": "https://www.topacademy-dz.com/Courses/ReadCourse/2/12/4491/%D8%A7%D9%84%D8%AB%D8%A2%D9%86%D9%8A%D8%A9-%D8%AB%D8%A7%D9%86%D9%88%D9%8A-%D8%B9%D9%84%D9%88%D9%85-%D8%B7%D8%A8%D9%8A%D8%B9%D8%A9--%D8%AA%D8%A7%D8%B1%D9%8A%D8%AE-%D9%88-%D8%AC%D8%BA%D8%B1%D8%A7%D9%81%D9%8A%D8%A7-%D8%A7%D9%84%D8%AD%D8%B1%D9%83%D8%A7%D8%AA-%D8%A7%D9%84%D8%AA%D8%AD%D8%B1%D8%B1%D9%8A%D8%A9-%D9%81%D9%8A-%D8%A5%D9%81%D8%B1%D9%8A%D9%82%D9%8A%D8%A7-%D9%88%D8%A2%D8%B3%D9%8A%D8%A7",
        "Level": "1"
    },
    {
        "EducationalStage": "HSS2",
        "HistoricalEra": "Colonial Era",
        "Topic": "أهداف حركات التحرر في القارتين :",
        "Content": "تحقيق الاستقلال الوطني\nاستعادة السيادة على الثورة الوطنية\nالتخلص من الوضع الاجتماعي و الحضاري الذي خلفه الاستعمار\nاستعادة الكرامة الانسانية التي اهدرها الاستعمار في القارتين\n2-",
        "Source": "https://www.topacademy-dz.com/Courses/ReadCourse/2/12/4491/%D8%A7%D9%84%D8%AB%D8%A2%D9%86%D9%8A%D8%A9-%D8%AB%D8%A7%D9%86%D9%88%D9%8A-%D8%B9%D9%84%D9%88%D9%85-%D8%B7%D8%A8%D9%8A%D8%B9%D8%A9--%D8%AA%D8%A7%D8%B1%D9%8A%D8%AE-%D9%88-%D8%AC%D8%BA%D8%B1%D8%A7%D9%81%D9%8A%D8%A7-%D8%A7%D9%84%D8%AD%D8%B1%D9%83%D8%A7%D8%AA-%D8%A7%D9%84%D8%AA%D8%AD%D8%B1%D8%B1%D9%8A%D8%A9-%D9%81%D9%8A-%D8%A5%D9%81%D8%B1%D9%8A%D9%82%D9%8A%D8%A7-%D9%88%D8%A2%D8%B3%D9%8A%D8%A7",
        "Level": "1"
    },
    {
        "EducationalStage": "HSS2",
        "HistoricalEra": "Colonial Era",
        "Topic": "وسائل الكفاح التحرري في القارتين :",
        "Content": "- المقاومة السياسية : وسائلها النشاط الحزبي و الجمعيات و النوادي , النموذج : الجزائر بعدد بعد ح ع 1\n- المقاومة العسكرية (رسمية و شعبية ) : استخدام القوة العسكرية . النموذج : الأمير عبد القادر و أحمد باي نوفمبر في الجزائر + الثورة الفيتنامية\n- المقاومة الاقتصادية : مقاطعة الدولة الاستعمارية , النموذج : سياسة اللاعنف في الهند\n\n\nالمميزات العامة لحركات التحرر في القارتين :\n- الرفض المشترك للوجود الاستعماري\n- التزامن التاريخي\n- التضامن بينها و تبادل التأثير\n- التشابه في اهدافها و ظروفها\n- انطلقت من قواعد شعبية و ليست فئوية أو طبقية\n4- اتفاقية ساكس بسكو - وعد بلفور\nأ- اتفاقية سايكس بيكة :\n- خروج الدولة العثمانية مهزومة في ح ع 1\n- 1916 كان الهلال الخصيب (تعريفه ) لايزال تحت الحكم العثماني\n- بع اجتماعات عديدة في 16 /05 / 1916 اجتمع ننثل فرنسوا جورج بيكو و ممثل بريطانيا مارك سايكس وقاما بوضع خريطة لتقسيم الهلال الخصيب بين طرفين و ليتم تنفيذها بعد الانتهاء من الحرب ع 1\n- وجه الضرر فيها في أنها ادت الى تقسيم الهلال الخصيب و اخضاعه للسيطرة الاستعمارية\nب-وعد بلفور :\n- بعد مؤتمر بال 1897 م في سويسرا و الذي نتج عنه انشاء الحركة الصهيونية بدأ نشاط اليهود لتحقيق هدف هذه الحركة\n- سعي اليهود لدى الحكومة البريطانية الاصدار وعد تتعهد فيه بمساعدتهم في تحقيق هدفهم\n- صدر هذا التعهد في رسالة بعث بها وزير خارجية بريطانيا جيمس آرثر بلفور في 12 /11 /1917 م الى أحد أثرياء اليهود لتحقيق هدف هذه الحركة\n- سعي اليهود لدى الحكومة البريطانية بمعاونة اليهود في بناء دولتهم في فلسطين",
        "Source": "https://www.topacademy-dz.com/Courses/ReadCourse/2/12/4491/%D8%A7%D9%84%D8%AB%D8%A2%D9%86%D9%8A%D8%A9-%D8%AB%D8%A7%D9%86%D9%88%D9%8A-%D8%B9%D9%84%D9%88%D9%85-%D8%B7%D8%A8%D9%8A%D8%B9%D8%A9--%D8%AA%D8%A7%D8%B1%D9%8A%D8%AE-%D9%88-%D8%AC%D8%BA%D8%B1%D8%A7%D9%81%D9%8A%D8%A7-%D8%A7%D9%84%D8%AD%D8%B1%D9%83%D8%A7%D8%AA-%D8%A7%D9%84%D8%AA%D8%AD%D8%B1%D8%B1%D9%8A%D8%A9-%D9%81%D9%8A-%D8%A5%D9%81%D8%B1%D9%8A%D9%82%D9%8A%D8%A7-%D9%88%D8%A2%D8%B3%D9%8A%D8%A7",
        "Level": "1"
    },
    {
        "EducationalStage": "HSS2",
        "HistoricalEra": "Colonial Era",
        "Topic": "المميزات العامة لحركات التحرر في القارتين :",
        "Content": "الرفض المشترك للوجود الاستعماري\nالتزامن التاريخي\nالتضامن بينها و تبادل التأثير\nالتشابه في اهدافها و ظروفها\nانطلقت من قواعد شعبية و ليست فئوية أو طبقية\nاتفاقية ساكس بسكو - وعد بلفور\nاتفاقية سايكس بيكة :\nخروج الدولة العثمانية مهزومة في ح ع 1\n1916 كان الهلال الخصيب (تعريفه ) لايزال تحت الحكم العثماني\nبعد اجتماعات عديدة في 16 /05 / 1916 اجتمع ننثل فرنسوا جورج بيكو و ممثل بريطانيا مارك سايكس وقاما بوضع خريطة لتقسيم الهلال الخصيب بين طرفين و ليتم تنفيذها بعد الانتهاء من الحرب ع 1\nوجه الضرر فيها في أنها ادت الى تقسيم الهلال الخصيب و اخضاعه للسيطرة الاستعمارية\nوعد بلفور :\nبعد مؤتمر بال 1897 م في سويسرا و الذي نتج عنه انشاء الحركة الصهيونية بدأ نشاط اليهود لتحقيق هدف هذه الحركة\nسعي اليهود لدى الحكومة البريطانية الاصدار وعد تتعهد فيه بمساعدتهم في تحقيق هدفهم\nصدر هذا التعهد في رسالة بعث بها وزير خارجية بريطانيا جيمس آرثر بلفور في 12 /11 /1917 م الى أحد أثرياء اليهود لتحقيق هدف هذه الحركة\nسعي اليهود لدى الحكومة البريطانية بمعاونة اليهود في بناء دولتهم في فلسطين",
        "Source": "https://www.topacademy-dz.com/Courses/ReadCourse/2/12/4491/%D8%A7%D9%84%D8%AB%D8%A2%D9%86%D9%8A%D8%A9-%D8%AB%D8%A7%D9%86%D9%88%D9%8A-%D8%B9%D9%84%D9%88%D9%85-%D8%B7%D8%A8%D9%8A%D8%B9%D8%A9--%D8%AA%D8%A7%D8%B1%D9%8A%D8%AE-%D9%88-%D8%AC%D8%BA%D8%B1%D8%A7%D9%81%D9%8A%D8%A7-%D8%A7%D9%84%D8%AD%D8%B1%D9%83%D8%A7%D8%AA-%D8%A7%D9%84%D8%AA%D8%AD%D8%B1%D8%B1%D9%8A%D8%A9-%D9%81%D9%8A-%D8%A5%D9%81%D8%B1%D9%8A%D9%82%D9%8A%D8%A7-%D9%88%D8%A2%D8%B3%D9%8A%D8%A7",
        "Level": "1"
    },
    {
        "EducationalStage": "HSS2",
        "HistoricalEra": "Colonial Era",
        "Topic": "أساليب ووسائل الحركات التحررية",
        "Content": "تعددت أساليب الكفاح وفق نوع الإستعمار و ظروف كل مستعمرة و تبعا للتطورات الدولية.\nمقاومة سياسية و ثقافية:\nأحزاب سياسية:مظاهرات، عصيان مدني، مقاطعة الإنتخابات، مطالب سياسية و إجتماعية و إقتصادية .\nجمعيات /نوادي :نوعية، تحريض، قيادة و مقاومة.\nمقاومة عسكرية:\nمقاومة شعية رسمية: ثورةعرابي (مصر)، مقاومة أحمد باي (الجزائر) ، مقاومة سليمان الباروني (ليبيا).\nمقاومة شعبية منظمة : الأميرعبد القادر ( الجزائر) ، عمر المختار (ليبيا) ، عبد الكريمالخطابي (المغرب).\nمقاومة أقتصادية المقاطعة الإقتصادية :اضطرابات، رفض دفع الضرائب ، الأمتناع عن استهلاك السلع الأستعمارية .",
        "Source": "https://www.topacademy-dz.com/Courses/ReadCourse/2/12/4492/%D8%A7%D9%84%D8%AB%D8%A2%D9%86%D9%8A%D8%A9-%D8%AB%D8%A7%D9%86%D9%88%D9%8A-%D8%B9%D9%84%D9%88%D9%85-%D8%B7%D8%A8%D9%8A%D8%B9%D8%A9--%D8%AA%D8%A7%D8%B1%D9%8A%D8%AE-%D9%88-%D8%AC%D8%BA%D8%B1%D8%A7%D9%81%D9%8A%D8%A7-%D8%A7%D9%84%D8%AD%D8%B1%D9%83%D8%A7%D8%AA-%D8%A7%D9%84%D8%AA%D8%AD%D8%B1%D8%B1%D9%8A%D8%A9(-%D8%A7%D9%84%D9%88%D8%B3%D8%A7%D8%A6%D9%84-%D9%88%D8%A7%D9%84%D8%A3%D8%B3%D8%A7%D9%84%D9%8A%D8%A8-%D9%88%D8%A7%D9%84%D8%AE%D8%B5%D8%A7%D8%A6%D8%B5)",
        "Level": "1"
    },
    {
        "EducationalStage": "HSS2",
        "HistoricalEra": "Colonial Era",
        "Topic": "نماذج عن أساليب المقاومة",
        "Content": "الإستعمار الفرنسيالجزائر حمدان بن عثمان خوجة و تجمع المقاومة .\nالإستعمارالبريطاني الهند ثورة الصبايحية 1858م بالهند.\nالإستعمارالبريطاتي السودان محمد أحمد المهدي .\nالإستعمار الفرنسيتونس عبد العزيز الثعالبي و الحزب الحر الدستوري التونسي.\nالإستعمار الفرنسيالهند الصينية هوشي منه و حزب (ألفيت منه).",
        "Source": "https://www.topacademy-dz.com/Courses/ReadCourse/2/12/4492/%D8%A7%D9%84%D8%AB%D8%A2%D9%86%D9%8A%D8%A9-%D8%AB%D8%A7%D9%86%D9%88%D9%8A-%D8%B9%D9%84%D9%88%D9%85-%D8%B7%D8%A8%D9%8A%D8%B9%D8%A9--%D8%AA%D8%A7%D8%B1%D9%8A%D8%AE-%D9%88-%D8%AC%D8%BA%D8%B1%D8%A7%D9%81%D9%8A%D8%A7-%D8%A7%D9%84%D8%AD%D8%B1%D9%83%D8%A7%D8%AA-%D8%A7%D9%84%D8%AA%D8%AD%D8%B1%D8%B1%D9%8A%D8%A9(-%D8%A7%D9%84%D9%88%D8%B3%D8%A7%D8%A6%D9%84-%D9%88%D8%A7%D9%84%D8%A3%D8%B3%D8%A7%D9%84%D9%8A%D8%A8-%D9%88%D8%A7%D9%84%D8%AE%D8%B5%D8%A7%D8%A6%D8%B5)",
        "Level": "1"
    },
    {
        "EducationalStage": "HSS2",
        "HistoricalEra": "Colonial Era",
        "Topic": "الخصائص العامة للحركات التحررية في إفريقيا و آسيا",
        "Content": "رغم التباعد و التوزيع الجغرافي في القارتين الآسيوية و الإفريقية فإن حركات التحرر التقت جميعها ضمن الخصائص التالية :\nرفض الوجود الإستعماري و العمل على رحيله من ببلدانها .\nتنوع أساليب ووسائل الكفاخ التحرري و انتشارها في جميع المستعمرات .\nالتزامن التاريخي و تبادلهاالتأثير و التأثر و التضامن فيما بينها .\nكعدد الأطراف التي حاربنها (النظام الإستعماري -الأنظمة المرتبطة بالإستعمار) .\nوحدة أهدافها و دوافع و ظروف إندلاعها .\nفرضت الإعتراف الدولي بها من خلال إستنادها إلى المواثيق الدولية .\nتنوع و غنى أصولها الفكرية: الدينية ،الحضارية و الإجتماعية .\nالمواقف الموحدة من الإستعمار .",
        "Source": "https://www.topacademy-dz.com/Courses/ReadCourse/2/12/4492/%D8%A7%D9%84%D8%AB%D8%A2%D9%86%D9%8A%D8%A9-%D8%AB%D8%A7%D9%86%D9%88%D9%8A-%D8%B9%D9%84%D9%88%D9%85-%D8%B7%D8%A8%D9%8A%D8%B9%D8%A9--%D8%AA%D8%A7%D8%B1%D9%8A%D8%AE-%D9%88-%D8%AC%D8%BA%D8%B1%D8%A7%D9%81%D9%8A%D8%A7-%D8%A7%D9%84%D8%AD%D8%B1%D9%83%D8%A7%D8%AA-%D8%A7%D9%84%D8%AA%D8%AD%D8%B1%D8%B1%D9%8A%D8%A9(-%D8%A7%D9%84%D9%88%D8%B3%D8%A7%D8%A6%D9%84-%D9%88%D8%A7%D9%84%D8%A3%D8%B3%D8%A7%D9%84%D9%8A%D8%A8-%D9%88%D8%A7%D9%84%D8%AE%D8%B5%D8%A7%D8%A6%D8%B5)",
        "Level": "1"
    },
    {
        "EducationalStage": "HSS2",
        "HistoricalEra": "Colonial Era",
        "Topic": "طبيعة الحركات التحررية",
        "Content": "ساهمت الظروف الذاتية و الموضوعية في تحديد طبيعة كل حركة تحريرية و إبراز تميزها يتضح ذلك من خلال مايلي:\nحركات وطنية متعددة الأبعاد (الجزائر)\nحركات وطنية قومية (مصر)\nحركات وطنية ذات أمتداد إيديوبوجي (الفيتنام)",
        "Source": "https://www.topacademy-dz.com/Courses/ReadCourse/2/12/4492/%D8%A7%D9%84%D8%AB%D8%A2%D9%86%D9%8A%D8%A9-%D8%AB%D8%A7%D9%86%D9%88%D9%8A-%D8%B9%D9%84%D9%88%D9%85-%D8%B7%D8%A8%D9%8A%D8%B9%D8%A9--%D8%AA%D8%A7%D8%B1%D9%8A%D8%AE-%D9%88-%D8%AC%D8%BA%D8%B1%D8%A7%D9%81%D9%8A%D8%A7-%D8%A7%D9%84%D8%AD%D8%B1%D9%83%D8%A7%D8%AA-%D8%A7%D9%84%D8%AA%D8%AD%D8%B1%D8%B1%D9%8A%D8%A9(-%D8%A7%D9%84%D9%88%D8%B3%D8%A7%D8%A6%D9%84-%D9%88%D8%A7%D9%84%D8%A3%D8%B3%D8%A7%D9%84%D9%8A%D8%A8-%D9%88%D8%A7%D9%84%D8%AE%D8%B5%D8%A7%D8%A6%D8%B5)",
        "Level": "1"
    }
]