[
    {
        "Educational stage": "HSL3",
        "HistoricalEra": "Modern History",
        "Personality Name": "وودرو ويلسن \"طوماس ولسن\"",
        "Date": "1856- 1924",
        "Content": "رئيس الو م أ بين عامي 1913 و 1921 ، أدخلبلاده الحرب العالمية الأولى في سنة 1917 إلى جانب دول الوفاق ، اشتهر بمبادئه 14 التي تأسست عليها عصبة الأمم ."
    },
    {
        "Educational stage": "HSL3",
        "HistoricalEra": "Modern History",
        "Personality Name": "ونستون تشرشل",
        "Date": "1874- 1965",
        "Content": "رئيس وزراء بريطانيا 1940-1945و1951-1955.قاد بلاده إلي النصر في الح ع 2 تحصل على جائزة نوبل للآداب.شارك إلى جانب روزفلت في الإعداد للميثاق الأطلسي أوت 1941."
    },
    {
        "Educational stage": "HSL3",
        "HistoricalEra": "Modern History",
        "Personality Name": "هاري ترومان",
        "Date": "",
        "Content": "(1972-1884)رجل سياسي أمريكي و رئيس الو م أ خلفا لفرا كلين روزفلت من 1945_ 1953 و صاحب القرار الذي ينص بقنبلة هيروشيما و نكازاكي و هو الذي تدخل فيالحرب الكوبية 1950 و من مساهمي قيام الدولة اليهودية و صاحب مشروع ترومان في 12مارس 1947 ."
    },
    {
        "Educational stage": "HSL3",
        "HistoricalEra": "Modern History",
        "Personality Name": "فرانكلين روزفلت",
        "Date": "",
        "Content": "(1882-1945)شخصية سياسية أمريكية أنتخبرئيسا للوم أ لثلاث فترات متتالية من 1933*1945 حضر عدة مؤتمرات منها يالطاساهم في وضع الميثاق الأطلسي 14 أوت 1945 ."
    },
    {
        "Educational stage": "HSL3",
        "HistoricalEra": "Modern History",
        "Personality Name": "دوايت إيزنهاور",
        "Date": "",
        "Content": "(1969-1860) رجل سياسي و عسكري أمريكيورئيس اللوم أ بين 1953*1961 بعد ترومان. أول قائد لحلف الناتو في 1949وساهم في الحرب الكورية . وصاحب مشروعإيزنهاور 05 جانفي 1957 الذي ينص على مساعدات اقتصادية للشرق الأوسط ."
    },
    {
        "Educational stage": "HSL3",
        "HistoricalEra": "Modern History",
        "Personality Name": "جورج مارشال",
        "Date": "1880 ـ 1959 ",
        "Content": "رجل سياسي أمريكي و وزيرالخارجية الأمريكية, صاحب مشروع مارشال 5 جوان 1947 الذي ينص على تقديم مساعداتاقتصادية لأوروبا ."
    },
    {
        "Educational stage": "HSL3",
        "HistoricalEra": "Modern History",
        "Personality Name": "رونالد ريغان",
        "Date": "1911- 2004",
        "Content": "رجل سياسي و زعيم أمريكي رئيس اللوم أ بين1981*1989 صاحبمشروع حرب النجوم. تميزت فترة حكمه في الحرب الباردة بداية نهاية الصراع بينالمعسكرين."
    },
    {
        "Educational stage": "HSL3",
        "HistoricalEra": "Modern History",
        "Personality Name": "جورشبوش الأب",
        "Date": "",
        "Content": "رجل سياسيأمريكي و زعيم أمريكي رئيس اللوم أ 1989*1993 حضر مؤتمر مالطا مع غوربا تشوف عرفتفترة حكمه بتدخل اللوم أ في عدة مناطق لحرب الخليج الثانية 26 فيفري 1991 وصاحبفكرة النظام الدولي الجديد ."
    },
    {
        "Educational stage": "HSL3",
        "HistoricalEra": "Modern History",
        "Personality Name": "ريتشارد ينكسون",
        "Date": "1994-1913",
        "Content": "رجل سياسي أمريكي و رئيس اللوم أ من 1969*1974 وقع معالإتحاد السوفياتي اتفاقية سالت 1 ـ 1972 ."
    },
    {
        "Educational stage": "HSL3",
        "HistoricalEra": "Modern History",
        "Personality Name": "كنيدي جون، \"فيتزجيرالد\"",
        "Date": " 1917- 1963",
        "Content": "رجل سياسي أمريكي ورئيس اللوم أ بين 1961*1963 وقع مع مع الإتحاد السوفياتي معاهدة خطر التجاربالنووية اغتيل بإطلاق النار في 22 نوفمبر 1963 ."
    },
    {
        "Educational stage": "HSL3",
        "HistoricalEra": "Modern History",
        "Personality Name": "ماك ارتر",
        "Date": "دوغلاس",
        "Content": "(1880-1964) : جنرال أمريكي. قائد الجيش الأمريكي و الحلفاء في المحيط الهادي زمن الحرب ع 2 (1941-1945) كما قاد القوات الأمريكية في كوريا 1950. هدد بقصف الصين بالقنبلة الذرية، فأقاله الرئيس ترومان 11 أفريل 1951."
    },
    {
        "Educational stage": "HSL3",
        "HistoricalEra": "Modern History",
        "Personality Name": "هنري كيسنجر",
        "Date": "",
        "Content": "سياسي امريكي (ألماني الاصل) وزير خارجية الولايات المتحدة في عهد نيكسون و جيرالد فورد. حامل جائزة نوبل للسلام بعد مساهمته في وقف حرب الفيتنام 1973 يعتبر مهندس إتفاقية السلام المصرية الأسرائيلية (كام ديفيد) 1979."
    },
    {
        "Educational stage": "HSL3",
        "HistoricalEra": "Modern History",
        "Personality Name": "شخصيات الإتحاد السوفياتي",
        "Date": "",
        "Content": ""
    },
    {
        "Educational stage": "HSL3",
        "HistoricalEra": "Modern History",
        "Personality Name": "جوزيف ستالين",
        "Date": "1879-1953",
        "Content": "رجل سياسيسوفياتي و رئيسه بعد توليه منصب الأمين العام للحزب الشيوعي تميزت فترة حكمه بتوترشديد و الحدة في العلاقات الدولية أدت إلى ظهور عدة أزمات توفي في 1953/05/03"
    },
    {
        "Educational stage": "HSL3",
        "HistoricalEra": "Modern History",
        "Personality Name": "جدانوف أندري الكسندروفيتش",
        "Date": "1896 ـ 1948",
        "Content": "زعيم سوفياتي و أحد كبار قادة الإتحاد السوفياتيالشيوعي و هو من وصف المعسكر الغربي بالإمبريالية و صاحب فكرة مكتب الكومنفورم 1947/10/06و مبدأ جدانوف 1947/09/22"
    },
    {
        "Educational stage": "HSL3",
        "HistoricalEra": "Modern History",
        "Personality Name": "مولوتوف",
        "Date": "",
        "Content": "سوفياتي شيوعي ووزير خارجيةالإتحاد السوفياتي سنة 1949 صاحب فكرة إنشاء منظمة الكوميكون 1949/01/25"
    },
    {
        "Educational stage": "HSL3",
        "HistoricalEra": "Modern History",
        "Personality Name": "بريجنيف ليونيد اليتش",
        "Date": "",
        "Content": ":(1906 ـ 1982): رجل دولة وماريشال سوفييتي خلف خروتشوف على رأس الاتحاد السوفييتي اشتهر بالمبدأ المعروف باسمه( مبدأ بريجنيف) كانوراء العديد من التدخلات العسكرية السوفييتية في الخارج مثل: ربيع براغ 1968 ـ دعمالثوار الماركسيين في العالم ـ غزو أفغانستان …"
    },
    {
        "Educational stage": "HSL3",
        "HistoricalEra": "Modern History",
        "Personality Name": "بولغالين",
        "Date": "",
        "Content": "زعيم سوفياتي أحد كبار قيادة الحزب السوفياتي في الإتحاد وتولى القيادة بعد وفاة ستالين و أحد القيادة الثلاثية المعتدلة تميزت العلاقات فيعهده بالإعتداله تجاه الصراع ضد الغرب الرأسمالي و أحد دعاة التعايش السلمي"
    },
    {
        "Educational stage": "HSL3",
        "HistoricalEra": "Modern History",
        "Personality Name": "مالينكوف",
        "Date": "",
        "Content": "زعيم سوفياتي و أحد كبار الحزب الشيوعي تولى قيادة الإتحاد بعدستالين مع القيادة الثلاثية تميزت العلاقات في عهده بإعتداله و هو أحد دعاة التعايشالسلمي و التفاهم"
    },
    {
        "Educational stage": "HSL3",
        "HistoricalEra": "Modern History",
        "Personality Name": "خروتشوف نيكيتا",
        "Date": "1894- 1971",
        "Content": "زعيم سوفياتي رئيس الإتحاد أحد القيادةالمعتدلة و هو من أرسى الدعائم الأولى لسياسة التعايش السلمي و الانفراج الدولي"
    },
    {
        "Educational stage": "HSL3",
        "HistoricalEra": "Modern History",
        "Personality Name": "غورباتشوف ميخائيل",
        "Date": "1931",
        "Content": "رجل سياسي و زعيم سوفياتي و أمين عام الحزب الشيوعي سنة 1985 ورئيس الإتحاد 1988 و قد جاء بإصلاحات غلاستنوست و بروسترويكا لإصلاح الإتحادالسوفياتي و هو الذي ساهم بإسقاط الإتحاد و تفككه في مؤتمر مالطا 1989/12/04.03."
    },
    {
        "Educational stage": "HSL3",
        "HistoricalEra": "Modern History",
        "Personality Name": "أحمد سوكارنو",
        "Date": "1901-1970",
        "Content": "سياسي و زعيم أندونيسي ، تزعم حركة تحرير بلاده ضد الهولنديين بعد الحرب العالمية الثانية تولى رئاسة أندونيسيا إلى 1967 ، منضم مؤتمر \"باندونغ\" 1955 و أحد مؤسسي حركة عدم الانحياز ."
    },
    {
        "Educational stage": "HSL3",
        "HistoricalEra": "Modern History",
        "Personality Name": "ونستون تشرشل",
        "Date": "1874- 1965",
        "Content": "رئيس وزراء بريطانيا لفترتين(1940-1945) و (1951- 1955) ، ساهم في صعود بلاده أمام ألمانيا النازية خلال الحرب العالمية الثانية، وهو صاحب مصطلح \"الستار الحديد\" للدلالة على انقسام أوربا إلى معسكرين ."
    },
    {
        "Educational stage": "HSL3",
        "HistoricalEra": "Modern History",
        "Personality Name": "مصالي الحاج 1898 ـ 1974",
        "Date": "",
        "Content": "زعيم التيار الاستقلالي و أول من طالب به رمز للوطنية والتحرر في الشمال الإفريقي، مؤسس نجم شمال إفريقيا ثم حزب الشعب ثم حركة الانتصار للحريات الديمقراطية غير أن موقفه كان سلبيا من الثورة؟"
    },
    {
        "Educational stage": "HSL3",
        "HistoricalEra": "Modern History",
        "Personality Name": "فرحات عباس 1899 ـ 1985",
        "Date": "",
        "Content": "أول رئيس للحكومة المؤقتة 1958 احد قادة التيار الإدماجي شارك في صياغة بيان فيفري 1943 التحق بالثورة سنة 1956 أسس الاتحاد الديمقراطي للبيان الجزائري"
    },
    {
        "Educational stage": "HSL3",
        "HistoricalEra": "Modern History",
        "Personality Name": "أحمد بن بلة",
        "Date": "",
        "Content": "1918 ... أول رئيس للجزائر المستقلة 1962 – 1965 مناضل في حزب الشعب و حركة ا ح د ترأس المنظمة الخاصة احد مفجري الثورة التحريرية تم اعتقاله في عملية القرصنة الجوية الشهيرة 1956."
    },
    {
        "Educational stage": "HSL3",
        "HistoricalEra": "Modern History",
        "Personality Name": "بن يوسف بن خدة",
        "Date": "",
        "Content": "1923- 2003 : رئيس الحكومة المؤقتة الجزائرية من 1961 – 1962 مناضل في حزب الشعب و حركة ا ح د"
    },
    {
        "Educational stage": "HSL3",
        "HistoricalEra": "Modern History",
        "Personality Name": "مصطفى بن بلعيـد1917- 1956",
        "Date": "",
        "Content": "مناضل في حزب الشعب و حركة ا ح د عضو لجنة 22 و لجنة 6 قائد الولاية الأولى القي عليه القبض وسجن بقسنطينة أستشهد في 22 مارس 1956."
    },
    {
        "Educational stage": "HSL3",
        "HistoricalEra": "Modern History",
        "Personality Name": "ديدوش مـراد",
        "Date": "",
        "Content": "1927- 1956: انخرط في حزب الشعب الجزائري سنة 1943 ساهم في تكوين المنظمة السرية من مفجري الثورة عين قائدا للولاية الثانية،قاد معركة قرب قرية سمندو في ولاية سكيكدة في 18 جانفي 1956."
    },
    {
        "Educational stage": "HSL3",
        "HistoricalEra": "Modern History",
        "Personality Name": "زیغودیوسف",
        "Date": "",
        "Content": "(( 1956 - 1921 مناضل بحزبالشعبوعضوالمنظمةالخاصةو اللجنة الثوریةللوحدةو العملمن مفجري الثورة نظمھهجوم 20 أوت 1955 ثمعُیِّنعضوابالمجلسالوطنيللثورةالجزائریةاستشھدیوم 25 سبتمبر 1956"
    },
    {
        "Educational stage": "HSL3",
        "HistoricalEra": "Modern History",
        "Personality Name": "محمد بوضياف1919- 1992",
        "Date": "",
        "Content": "انضم إلى صفوف حزب الشعب ثم عضوا في المنظمة السرية عضو مجموعة 22 اعتقل في حادثة اختطاف الطائرة 22 أكتوبر 1956 إلى غاية وقف إطلاق النار استدعي لينصب رئيسا 1992 توفي مقتولا سنة 1994"
    },
    {
        "Educational stage": "HSL3",
        "HistoricalEra": "Modern History",
        "Personality Name": "كريم بلقاسم 1922- 1970",
        "Date": "",
        "Content": "مناضل بحزب الشعب منذ 1947 و عضو مجموعة 6 كان احد مفجري الثورة و قاد العمليات في منطقة القبائل"
    },
    {
        "Educational stage": "HSL3",
        "HistoricalEra": "Modern History",
        "Personality Name": "رابح بيطاط 1925- 2000",
        "Date": "",
        "Content": "ناضل في صفوف حركة الانتصار للحريات الديمقراطية عضو في اللجنة الثورية للوحدة والعمل وهو عضو في مجموعة 22 ومجموعة 9 اعتقل سنة 1955 و بعد وقف إطلاق النار أطلق سراحه تولى رئاسة المجلس الشعبي الوطني إلى غاية 1990 ."
    },
    {
        "Educational stage": "HSL3",
        "HistoricalEra": "Modern History",
        "Personality Name": "حسين ايت احمد 1926",
        "Date": "",
        "Content": "انضم إلى صفوف حزب الشعب وعند إنشاء المنظمة الخاصة كان من ابرز عناصرها انتقل إلى القاهرة رفقة محمد خيضر 1951 واعتقل في حادثة اختطاف الطائرة ."
    },
    {
        "Educational stage": "HSL3",
        "HistoricalEra": "Modern History",
        "Personality Name": "محمد خيضر 1912- 1967",
        "Date": "",
        "Content": "انخرط في صفوف نجم شمال أفريقيا ثم حزب الشعب الجزائري لجا إلى القاهرة 1951 وأصبح مندوبا لحركة انتصار الحريات الديمقراطية ثم احد عناصر المنظمة الخاصة وكان من بين المختطفين في حادثة الطائرة .1956"
    },
    {
        "Educational stage": "HSL3",
        "HistoricalEra": "Modern History",
        "Personality Name": "عبد الحميد بن باديس 1889 - 1940",
        "Date": "",
        "Content": "ولد بقسنطينة، تابع دراسته بتونس ف"
    },
    {
        "Educational stage": "HSL3",
        "HistoricalEra": "Modern History",
        "Personality Name": "العربي بن مهيـدي 1923-1957",
        "Date": "",
        "Content": "ولد بضواحي عين مليلة عين قائد للولاية"
    },
    {
        "Educational stage": "HSL3",
        "HistoricalEra": "Modern History",
        "Personality Name": "الشاذلي بن جديد",
        "Date": "",
        "Content": "1929 - شارك في الثورة .عضو مجلس الثورة سنة 1965 ورئيسا للجزائر مابين 1979 - 1992 عرفت فترته الكثير من الاضطرابات وفي عهده أقرت التعددية السياسية في الجزائر...[/b]"
    },
    {
        "Educational stage": "HSL3",
        "HistoricalEra": "Modern History",
        "Personality Name": "هواري بومدين",
        "Date": "محمد بوخروبة",
        "Content": "مناضل ورجل دولة قائد الولاية الخامسة 1958 ثم قائدا الأركان 1960. وزير للدفاع بعد استقلال الجزائر. نظم العملية التي أطاحت ببن بله والتي حملت اسم التصحيح الثوري في 19 جوان [b]1965. و أصبح رئيسا للدولة و مرسي أسسها السياسة و الاجتماعية و الاقتصادية اشتهر بنشاطه في إطار حركة عدم الانحياز و أحد أقطابها توفي في27 ديسمبر 1978"
    },
    {
        "Educational stage": "HSL3",
        "HistoricalEra": "Modern History",
        "Personality Name": "محمد البشير الإبراهيمي 1889-1965",
        "Date": "",
        "Content": "من أعلام الفكر والأدب في الجزائر عضو جمعية العلماء و نائب في رئاسة الجمعية ثم ترأس الجمعية بعد وفاة ابن باديس توفي سنة 1965 . [/b]"
    },
    {
        "Educational stage": "HSL3",
        "HistoricalEra": "Modern History",
        "Personality Name": "الأمير خالد",
        "Date": "1875-1836",
        "Content": "حفيد الأمير عبد القادر شارك الحرب العالمية الأولى في الجيشالفرنسي ومؤسس رابطة النواب المنتخبين الجزائريين بعد الحرب العالمية الأولى والتيمثلت تيار المساواة."
    },
    {
        "Educational stage": "HSL3",
        "HistoricalEra": "Modern History",
        "Personality Name": "الأمير عبد القادر الجزائري",
        "Date": "",
        "Content": "هو عبدا لقادر بن محيي الدين الجزائري ولد سنة 1807 مونشأ وتعلم في غرب الجزائر لمع اسمه واشتهر في مواجهة الجيوش الفرنسية (ما بين 1832- 1847) قبل اعتقاله ونفيه إلى سوريا حيث ظل بها إلى وفاته."
    },
    {
        "Educational stage": "HSL3",
        "HistoricalEra": "Modern History",
        "Personality Name": "عبد الرحمان فارس",
        "Date": "",
        "Content": "ولد في 30 جانفي 1911، مع إندلاع الثورة حالت فرنسا استغلاله لمواجهة الثورة لكنها فشلت، إستقر سنة 1956 بفرنسا كان له دور في فيدرالية جبهة التحرير الوطني بفرنسا، عين على رأس الهيئة التنفيذية المؤقتة (مارس- سبتمبر 1962)."
    },
    {
        "Educational stage": "HSL3",
        "HistoricalEra": "Modern History",
        "Personality Name": "عبان رمضان",
        "Date": "",
        "Content": "عضو في المنظمة الخاصة. لعب دورا مهما في إعداد ميثاق الصومام. صاحب فكرة (أولوية الداخل على الخارج و اولوية العمل السياسي على العسكري). قتل في 26 ديسمبر بالمغرب ."
    },
    {
        "Educational stage": "HSL3",
        "HistoricalEra": "Modern History",
        "Personality Name": "أحمد توفيق المدني",
        "Date": "",
        "Content": "عضو في جمعة العلماء. وزير الشؤون الثقافية في الحكومة المؤقة."
    },
    {
        "Educational stage": "HSL3",
        "HistoricalEra": "Modern History",
        "Personality Name": "محمد شعباني",
        "Date": "",
        "Content": "من المساهمين الأوائل في الثورة. كان مساعدا للعقيد سي الحواس بالولاية السادسة (الصحراء)ثم رئيسا لها بعد استشهاد سي الحواس .قتل في بداية الاستقلال."
    },
    {
        "Educational stage": "HSL3",
        "HistoricalEra": "Modern History",
        "Personality Name": "علي كافي",
        "Date": "",
        "Content": "شارك في هجوم شمال قسنطينة 1955، و في مؤتمر الصومال 1956. سفير الجزائر بعد الاستقلال في سوريا، لبنان، العراق. عين عضوا في المجلس الأعلى للدولة سنة 1992. ثم رئيسا له بعد إغتيال بوضياف."
    },
    {
        "Educational stage": "HSL3",
        "HistoricalEra": "Modern History",
        "Personality Name": "محمد بولوزداد",
        "Date": "1927-1957",
        "Content": "انخرط في صفوف حزب الشعب 1943، قيادي في حركة الانتصار للحريات الديمقراطية، أول رئيس للمنظمة الخاصة (فيفري 1947) ثم خلف ايت أحمد نتيجة لمرضه."
    },
    {
        "Educational stage": "HSL3",
        "HistoricalEra": "Modern History",
        "Personality Name": "الأمين زروال",
        "Date": "",
        "Content": "رئيس الجزائر في المرحلة الانتقالية 30جانفي 1994. أنتخب رئيسا للجمهورية في 16 نوفمبر 1995. انسحب من السلطة 1996 ."
    },
    {
        "Educational stage": "HSL3",
        "HistoricalEra": "Modern History",
        "Personality Name": "عبد العزيز بوتفليقة",
        "Date": "",
        "Content": "وزير الخارجية من 1963إلى 1979 أنتخب في 16 أفريل 1999رئيسا للجمهورية الجزائرية، ارتبط اسمه بمشروع الوئام المدني ثم المصالحة الوطنية تجنبا حقن دماء الجزائريين."
    },
    {
        "Educational stage": "HSL3",
        "HistoricalEra": "Modern History",
        "Personality Name": "شارل ديغول 1890 ـ 1970",
        "Date": "",
        "Content": "سياسي وجنرال فرنسي مؤسس الجمهورية الفرنسية الخامسة عام 1958 .حاول ضرب الثورة بسياسته التي جمعت بين القمع والإغراء ومحاولة الاختراق وأخيرا وقع اتفاقيات ايفيان مع جبهة التحرير الوطني. مما أنقذ فرنسا. توفي سنة 1970"
    },
    {
        "Educational stage": "HSL3",
        "HistoricalEra": "Modern History",
        "Personality Name": "جاك سوستال 1912",
        "Date": "",
        "Content": "عين واليا عاما على الجزائر سنة 1955 و هو صاحب مشروع سوستال نصب نفسه مدافعا عن \"الجزائر الفرنسية\" وسياسة الإدماج عينه ديغول سنة 1958 بوزارة الإعلام ثم الوزارة المنتدبة للصحراء."
    },
    {
        "Educational stage": "HSL3",
        "HistoricalEra": "Modern History",
        "Personality Name": "ليون بلوم",
        "Date": "",
        "Content": "1872 ـ 1950 : سياسي فرنسي، عضو الحزب الاشتراكي رئيس حكومة الجبهة الشعبية الفرنسية (1936 ـ 1937). اشتهر بإصلاحاته التي حملت شعار: \"الخبز، الأمن، الحرية صاحب المشروع الإدماجي الذي يجمعه مع الوالي العام الفرنسي في الجزائر- موريس فيوليت - المعروف بمشروع بلوم ـ فيوليت.[/b]"
    },
    {
        "Educational stage": "HSL3",
        "HistoricalEra": "Modern History",
        "Personality Name": "بيير مانديس فرانس",
        "Date": "1907-1982",
        "Content": "رئيس حكومة فرنسا 17 جوان 1954 إلى 5 فيفري 1955."
    },
    {
        "Educational stage": "HSL3",
        "HistoricalEra": "Modern History",
        "Personality Name": "إدغارفور",
        "Date": "1908-1988",
        "Content": "رئيس حكومة فرنسا من 23 فيفري 1955 إلى 24 جانفي 1956."
    },
    {
        "Educational stage": "HSL3",
        "HistoricalEra": "Modern History",
        "Personality Name": "غي مولي",
        "Date": "1905- 1975",
        "Content": "رئيس حكومة فرنسا 30جانفي 1956 إلى 21ماي 1957."
    },
    {
        "Educational stage": "HSL3",
        "HistoricalEra": "Modern History",
        "Personality Name": "موريس بورجيس مونوري",
        "Date": "1914-1993",
        "Content": "رئيس حكومة فرنسا12 جوان 1957 إلى 30سبتمبر 1957."
    },
    {
        "Educational stage": "HSL3",
        "HistoricalEra": "Modern History",
        "Personality Name": "فيلكس غايارا",
        "Date": "1919-1970",
        "Content": "رئيس حكومة فرنسا من 6 نوفمبر 1957 إلى 11 أفريل 1958."
    },
    {
        "Educational stage": "HSL3",
        "HistoricalEra": "Modern History",
        "Personality Name": "بيير بفليملان",
        "Date": " 5 فيفري 1907- ",
        "Content": "رئيس حكومة فرنسا من 13 ماي 1958 إلى 28 ماي 1958."
    },
    {
        "Educational stage": "HSL3",
        "HistoricalEra": "Modern History",
        "Personality Name": "جاك ماسو",
        "Date": "5 ماي 1908",
        "Content": ""
    },
    {
        "Educational stage": "HSL3",
        "HistoricalEra": "Modern History",
        "Personality Name": "ما رسيل بيجار",
        "Date": "نوفمبر 1916",
        "Content": "شارك في حرب الهند الصينية ،بعد هزيمة الفرنسيين ديان بيان فو انتقل الى الجزائر للمشاركة في إخماد الثورة ، كلف نهاية 1956بالقضاء على معركة الجزاج ئر ولعب دورا كبيرا في تعذيب الجزا ئريين(المناضلين والفدائيين)."
    },
    {
        "Educational stage": "HSL3",
        "HistoricalEra": "Modern History",
        "Personality Name": "فرانسوا ميتران",
        "Date": "1916-1996",
        "Content": "رجل سياسي فرنسي رئيس الجمهورية الفرنسية لفترتين رئا سيتين(1981-1995)تولى حقيبة وزارة الداخليةمع اندلاع الثورة 01-نوفمبر 1954."
    },
    {
        "Educational stage": "HSL3",
        "HistoricalEra": "Modern History",
        "Personality Name": "المارشال بيتان",
        "Date": " فيلب",
        "Content": "رجل عسكري وسياسي فرنسي رئيس حكومة (فيشي)العميلة للالمانمنجوان1940-1945تاريخ تحرير فرنسا من النازية .توفي في السجن1951."
    },
    {
        "Educational stage": "HSL3",
        "HistoricalEra": "Modern History",
        "Personality Name": "جورج بومبيدو",
        "Date": "",
        "Content": "رئيس فرنسا 1969-1974 خلف ديغول. ترئس الوفد الفرنسي المفاوض مع جبهة التحرير الوطني الجزائرية 1961 في سويسرا قبل الوصول إلى إتفاقية ( إفيان)."
    },
    {
        "Educational stage": "HSL3",
        "HistoricalEra": "Modern History",
        "Personality Name": "شال موريس",
        "Date": "1905-1979",
        "Content": "جنرال إستدعاه (ديغول) لقيادة الجيش الفرنسي بالجزائر 1959، صاحب فكرة الخطوط المكهربة على الحدود الغربية و الشرقية للجزائر، مع بداية المفاوضات الجزائرية الفرنسية إنقلب على ديغول 22 افريل 1961 حكم عليه في 1 جوان ب 15 سنة سجنا، أطلق سراحه في 1966 بعوف من ديغول."
    },
    {
        "Educational stage": "HSL3",
        "HistoricalEra": "Modern History",
        "Personality Name": "راوول سالان",
        "Date": "1899-1984",
        "Content": "جنرال فرنسي، شارك في حرب فرنسا في الهند الصينية، من معارضي إستقلال الجزائر، شارك في إنقلاب الجنرالات أفريل 1961 ضد ديغول مع جوهو، زيلر، شال، دخل العمل السري بتأسيس (المنظمة العسكرية السرية)ن سجن في أفريل 1962 إلى غاية جوان 1968."
    },
    {
        "Educational stage": "HSL3",
        "HistoricalEra": "Modern History",
        "Personality Name": "المهاتما غاندي 1869 ـ 1948",
        "Date": "",
        "Content": "داعية وطني و زعيم هندي نضال ضد الوجود البريطاني و اشتهر باستخدام أسلوب اللاعنف في نضاله . اغتيل من طرف متطرف هندوسي عام 1948."
    },
    {
        "Educational stage": "HSL3",
        "HistoricalEra": "Modern History",
        "Personality Name": "جواهر لالا نهرو 1889 ـ 1964",
        "Date": "",
        "Content": "رجل سياسة هندي و تلميذ غاندي من صانعي استقلال الهند شغل منصب الوزير الأول (1947 ـ 1964) و كان من ابرز أقطاب حركة عدم الانحياز ."
    },
    {
        "Educational stage": "HSL3",
        "HistoricalEra": "Modern History",
        "Personality Name": "محمد علي جناح 1876 ـ 1948",
        "Date": "",
        "Content": "مناضل تحرري وسياسي باكستاني ناضل لتحرير شبه القارة الهندية من الوجود البريطاني و كان شريكا لغاندي ونهرو عمل على الانفصال عن الهند قي اطار دول باكستان سنة 1947 التي اصب حاول رئيس لها ."
    },
    {
        "Educational stage": "HSL3",
        "HistoricalEra": "Modern History",
        "Personality Name": "هوشي منه 1890 ـ 1969",
        "Date": "",
        "Content": "مؤسس الحزب الشيوعي الفيتنامي قاد حربا ضد الوجود الفرنسي من 1946 ثم تزعم الحرب ضد الحكومة العميلة في الفيتنام الجنوبي وضد الولايات المتحدة عام 1960 وانتهت بانتصار الشماليين وانسحاب الو.م.أ وتوحيد البلاد رسميا عام في أفريل1975"
    },
    {
        "Educational stage": "HSL3",
        "HistoricalEra": "Modern History",
        "Personality Name": "جمال عبد الناصر 1918 ـ 1970",
        "Date": "",
        "Content": "انظم لتنظيم الضباط الأحرار الذي اطاح بالملك فاروق1952 أصبح رئيسا للجمهورية عام 1956 من أهم انجازاته تأميم قناة السويس و بناء السد العالي في عهد كانت هزيمة حرب 1967توفي سنة 1970 ."
    },
    {
        "Educational stage": "HSL3",
        "HistoricalEra": "Modern History",
        "Personality Name": "أرنستو شي غيفارا 1928- 1967",
        "Date": "",
        "Content": "طبيب و ثوري ماركسي من أصل أرجنتيني شارك في الثورة الكوبية إلى جانب كاسترو 1956 ـ 1959 حاول التأسيس لثورة شاملة في أمريكا اللاتينية ضد الهيمنة الأمريكية و الموالين لها . أصبح رمزا عالميا . قتل في بوليفيا سنة 1967"
    },
    {
        "Educational stage": "HSL3",
        "HistoricalEra": "Modern History",
        "Personality Name": "فيدال كاسترو 1926",
        "Date": "",
        "Content": "ثائر و سياسي كوبي - قاد الثورة ضد - باتيستا - قوبلت سياسته بالعداء من طرف الولايات المتحدة التي حاولت الإطاحة به - عملية خليج الخنازير 1961 - تقارب مع السوفيت مما أدى إلى وقوع أزمة الصواريخ 1962 . كان صديقا مقربا للجزائر في عهد هواري بومدين"
    },
    {
        "Educational stage": "HSL3",
        "HistoricalEra": "Modern History",
        "Personality Name": "باتريس لومومبا 1925 ـ 1961",
        "Date": "",
        "Content": "سياسي كنغولي ناضل من أجل استقلال بلاده عن الاستعمار البلجيكي و أصبح وزيرا أولا بعد الاستقلال 1960 سعى من اجل استعادة السيادة على إقليم كاتنغا الغني بالثروات الطبيعية . اغتيل 1961 وتتهم المخابرات الأمريكية بمقتله."
    },
    {
        "Educational stage": "HSL3",
        "HistoricalEra": "Modern History",
        "Personality Name": "ياسر عرفات 1929 – 2004",
        "Date": "",
        "Content": "رمز لحركة النضال الفلسطيني و أحد مؤسسي حركة فتح و قائدها العام منذ 1969 اسمه الحقيقي محمد عبد الرؤوف عرفات الملقب \"ابو عمار\" حاصل على جائزة نوبل للسلام عام 1994 رئيس السلطة الوطنية الفلسطينية المنتخب 1996 توفي في ظروف غامضة في نوفمبر 2004"
    },
    {
        "Educational stage": "HSL3",
        "HistoricalEra": "Modern History",
        "Personality Name": "الجنرال جياب",
        "Date": "",
        "Content": "عسكري فيتنامي من أهم أبطال الثورة الفيتنامية، صاحب خطة معركة ديان بيان فو التي هزم فيها فرنسا بتاريخ 7 ماي 1954."
    },
    {
        "Educational stage": "HSL3",
        "HistoricalEra": "Modern History",
        "Personality Name": "بيل كلينتون",
        "Date": "",
        "Content": "1946- رئيس الو م أ من 1992 إلى 1999 في عهده أنشئت المنظمة العالمية للتجارة ، ساهم في الاتفاق بين ربين و عرفات."
    },
    {
        "Educational stage": "HSL3",
        "HistoricalEra": "Modern History",
        "Personality Name": "جيمي كارتر",
        "Date": "",
        "Content": "1924- رئيس الو م أ من 1976 إلى 1979، له الفضل في إقناع أنور السادات بتوقيع إتفاقية كامب دايفد 1978."
    },
    {
        "Educational stage": "HSL3",
        "HistoricalEra": "Modern History",
        "Personality Name": "بلغور جيمس ارثر",
        "Date": "",
        "Content": "[1848-1930] سياسي بريطانـي محافظ و ذو ميول صهيونية صاحب تصريـــح 2 نوفمبر 1917 و شغل منصب وزير خارجية بريطانيا ."
    },
    {
        "Educational stage": "HSL3",
        "HistoricalEra": "Modern History",
        "Personality Name": "تيودور هرتزل",
        "Date": "",
        "Content": "كاتب و صحفي يهودي، ولد بالمجر، مؤسس الحركة الصهيونية سنة 1897."
    },
    {
        "Educational stage": "HSL3",
        "HistoricalEra": "Modern History",
        "Personality Name": "باتيستا",
        "Date": "",
        "Content": "زعيم و سياسي من أمريكا اللاتينية، نشط قي الحزب الشيوعي الكوبي بعد الحرب العالمية الثانية و خلال الحرب الباردة."
    },
    {
        "Educational stage": "HSL3",
        "HistoricalEra": "Modern History",
        "Personality Name": "أنور السادات",
        "Date": "",
        "Content": "رئيس مصر 1970-1981.من زعماء ثورة جويلية ضد الملك فاروق.قرب مصر من الغرب .زار القدس 1977.ابرم"
    },
    {
        "Educational stage": "HSL3",
        "HistoricalEra": "Modern History",
        "Personality Name": "صدام حسين",
        "Date": "",
        "Content": "صدام حسين عبد المجيد التكريتي نائب رئيس الجمهورية من 1968 إلى 1979 رئيس جمهورية العراق من 1979 إلى 2003، قبض عليه في 13 سبتمبر 2003، تمت محاكمته و إعدامه في 30ديسمبر 2006."
    },
    {
        "Educational stage": "HSL3",
        "HistoricalEra": "Modern History",
        "Personality Name": "دايان موشي",
        "Date": "",
        "Content": "1915-1981 جنرال و سياسي إسرائيلي قائد للأركان 1953-1958 و وزير للخارجة 1977-1979."
    },
    {
        "Educational stage": "HSL3",
        "HistoricalEra": "Modern History",
        "Personality Name": "بيغن مناحيم",
        "Date": "",
        "Content": "1913-1992 : سياسي إسرائيلي من أصل بولندي، شغل رئيس للوزراء من 1977-1983 كان من الموقعين على اتفاقية السلام مع السادات 1978."
    },
    {
        "Educational stage": "HSL3",
        "HistoricalEra": "Modern History",
        "Personality Name": "مئير غولدا",
        "Date": "",
        "Content": "1898-1978: سياسية إسرائيلية روسية الأصل عملت رئيسة للوزراء من 1969-1978، كما تقلدت قبل ذلك عدة مناصب منها الخارجية."
    },
    {
        "Educational stage": "HSL3",
        "HistoricalEra": "Modern History",
        "Personality Name": "دافيد بن غوريون",
        "Date": "",
        "Content": "[1886-1973]أول رئيس وزراء إسرائيل(1948-1953ثم1955-1963. من مؤسسي دولة إسرائيل درس التوراة و هو من يهود بولونيا يتكلم لغة اليادش ."
    },
    {
        "Educational stage": "HSL3",
        "HistoricalEra": "Modern History",
        "Personality Name": "اسرة رومانوف",
        "Date": "",
        "Content": "عائلة ليتوانية استقرت في روسيا و حكمت من [1613-1917] أسقطتها الثورة الاشتراكية"
    },
    {
        "Educational stage": "HSL3",
        "HistoricalEra": "Modern History",
        "Personality Name": "سيسل رودس",
        "Date": "",
        "Content": "[1853-1902] شخصية مالية و سياسية استعمارية من بريطانيا"
    },
    {
        "Educational stage": "HSL3",
        "HistoricalEra": "Modern History",
        "Personality Name": "ديلسيس فردينارد",
        "Date": "",
        "Content": "[1805-1874] سياسي و دبلوماسي فرنسي كان له الفضل في شق قناة سويس و بدا في شق قناة بانما دون ان يكملها ."
    },
    {
        "Educational stage": "HSL3",
        "HistoricalEra": "Modern History",
        "Personality Name": "اتلي كليما",
        "Date": "",
        "Content": "رئيس وزراء بريطانيا بعد تشرشل [1945-1951] .شارك في مؤتمر (بوتسدام)أوت1945."
    },
    {
        "Educational stage": "HSL3",
        "HistoricalEra": "Modern History",
        "Personality Name": "أدولف هتلر",
        "Date": "",
        "Content": "[1899-1945] مؤسس ألمانيا النازية ، و أدى إلى اندلاع الحرب العالمية الثانية-"
    },
    {
        "Educational stage": "HSL3",
        "HistoricalEra": "Modern History",
        "Personality Name": "نيفيل تشميرلين",
        "Date": "",
        "Content": "[1869-1940] سياسي و رجل دولة بريطاني تولى رئاسة الوزراء سنة 1937 حتى 1940."
    },
    {
        "Educational stage": "HSL3",
        "HistoricalEra": "Modern History",
        "Personality Name": "احمد بلفريح",
        "Date": "",
        "Content": "ولد سنة 1908،مؤسس حزب الاستقلال المغربي سنة 1944 وفقه علال الفاسي وعين وزير خارجية للمغرب في قترة [1956-1958]"
    },
    {
        "Educational stage": "HSL3",
        "HistoricalEra": "Modern History",
        "Personality Name": "احمد عرابي",
        "Date": "",
        "Content": "[1841-1911] شخصية سياسية و عسكرية مصرية ، صاحب الثورة العرابية 1881 ضد الوجود الإنجليزي في مصر ن حكم عليه بالإعدام ثم خفف الى النفي بجزيرة \"سيلان\" و توفي سنة 1911 ."
    },
    {
        "Educational stage": "HSL3",
        "HistoricalEra": "Modern History",
        "Personality Name": "إدريس السنوسي",
        "Date": "",
        "Content": "ولد سنة 1890 ، تولى قيادة الزاوية السنوسية سنة 1915 ،و عين ملك على ليبيا [1951-1969] ."
    },
    {
        "Educational stage": "HSL3",
        "HistoricalEra": "Modern History",
        "Personality Name": "اوتو بسمارك",
        "Date": "",
        "Content": "[1815-1898] شخصية سياسية وعسكرية بروسيا موحد ألمانيا سنة 1871 و خاض عدة حروب ضد( الدانمارك، النمسا، فرنسا)."
    },
    {
        "Educational stage": "HSL3",
        "HistoricalEra": "Modern History",
        "Personality Name": "بطرس بطرس غالي",
        "Date": "",
        "Content": "ولد 1922 بمصر سياسي أكاديمي مصري، شغل منصب الأمين العام للأمم المتحدة [1992-1996].رئيس الفرونكوفونية1997-2002."
    },
    {
        "Educational stage": "HSL3",
        "HistoricalEra": "Modern History",
        "Personality Name": "سليمان القانوني",
        "Date": "",
        "Content": "[1520 – 1566] تولى السلطة في الدولة العثمانية بعد موت والده سليم و يعتبر عاشر سلطان في تاريخ الدولة العثمانية."
    },
    {
        "Educational stage": "HSL3",
        "HistoricalEra": "Modern History",
        "Personality Name": "محمد بن عبد الوهاب",
        "Date": "",
        "Content": "[1703 – 1792] من تميم بنجد يعتبر مؤسس الطريقة الوهابيةو هو زعيم النهضة الإصلاحية في شبه الجزيرة العربية و تحالف مع محمد بن سعود أميرنجد و له أتباع."
    },
    {
        "Educational stage": "HSL3",
        "HistoricalEra": "Modern History",
        "Personality Name": "عبد الرحمان الجبرتي",
        "Date": "",
        "Content": "[1751- 1824] مؤرخ مصري أزهري التكوين و له عدة مؤلفات دون فيها تاريخ مصر منها \" عجائب الآثار في التراجم و الأخبار \" ."
    },
    {
        "Educational stage": "HSL3",
        "HistoricalEra": "Modern History",
        "Personality Name": "جمال الدين الأفغاني",
        "Date": "",
        "Content": "[1838 – 1897 ] ولد في اسعد أبار بأفغانستان، نشا في كابول.كان غرضه توحيد المسلمين و يعتبر من فلاسفة الإسلام، زار عدة دول."
    },
    {
        "Educational stage": "HSL3",
        "HistoricalEra": "Modern History",
        "Personality Name": "محمد عبده",
        "Date": "",
        "Content": "[1841 – 1905 ] مفتي الديار المصرية أزهري التكوين تصوف و عمل بالتعليمو تولى القضاء و الإفتاء في مصر زار الجزائر سنة 1903."
    },
    {
        "Educational stage": "HSL3",
        "HistoricalEra": "Modern History",
        "Personality Name": "إبراهيم باشا",
        "Date": "",
        "Content": "[1789- 1848] ابن محمد علي قائد عسكري مصري جاء إلى مصر سنة 1805 قاد حملة ضد الوهابين [1816-1819] و هزم اليونانيين 1825 اتسم بشعور عربي رغم جذوره الغير عربية."
    },
    {
        "Educational stage": "HSL3",
        "HistoricalEra": "Modern History",
        "Personality Name": "مصطفى كمال أتاتورك",
        "Date": "",
        "Content": "[1881- 1938] مؤسس دولة تركيا الحديثة، أسس حزب تركيا الفتاة"
    },
    {
        "Educational stage": "HSL3",
        "HistoricalEra": "Modern History",
        "Personality Name": "اتلي كليما",
        "Date": "",
        "Content": "رئيس وزراء بريطانيا بعد تشرشل [1945-1951] .شارك في مؤتمر (بوتسدام)أوت1945."
    },
    {
        "Educational stage": "HSL3",
        "HistoricalEra": "Modern History",
        "Personality Name": "فرانكلين روزفلت",
        "Date": "",
        "Content": "أنتخب رئيسا للولايات المتحدة1933-1945 أخرج بلاده من الأزمة الاقتصادية العالمية1929.أدخل الوم أ الحرب ع 2 سنة.1941ساهم في انتصار الحلفاء في ح ع2."
    },
    {
        "Educational stage": "HSL3",
        "HistoricalEra": "Modern History",
        "Personality Name": "ماو تسي تونغ",
        "Date": "",
        "Content": "أسس الحزب الشيوعي الصيني 1921قاد حربا شعواء أثناء الح ع2على الوطنيين بقيادة (تشان كاي تشيك) انتصر فيها و أعلن عن جمهورية الصين في1أكتوبر1949.تنحى عن السلطة سنة1958."
    },
    {
        "Educational stage": "HSL3",
        "HistoricalEra": "Modern History",
        "Personality Name": "أنديرا غاندي",
        "Date": "",
        "Content": "رئيسة حكومة الهند 1969-1977.ثم ما بين 1984-1989.قتلت بسبب تشددها في تطبيق سياسة تحديد النسل بتاريخ 31أكتوبر1989من قبل حارسيها من السيخ.خلفها ابنها (راجيف غاندي)،قتل هو الآخر في21ماي1991."
    },
    {
        "Educational stage": "HSL3",
        "HistoricalEra": "Modern History",
        "Personality Name": "أريال شارون",
        "Date": "",
        "Content": "رئيس حكومة إسرائيل ماي1999.دخل الحرم القدسي2سبتمبر2000مستفزا مشاعر المسلمين متسببا في بداية الانتفاضة الثانية.متهم بارتكاب مجزرة (صبرا و شتيلا) بلبنان 1982. تعرض لجلطة دماغية جانفي2006.خلفه (يهودأولمرت)أفريل2006..."
    },
    {
        "Educational stage": "HSL3",
        "HistoricalEra": "Modern History",
        "Personality Name": "أندري جيدانوف",
        "Date": "",
        "Content": "1896-1948.فيلسوف و رجل دولة روسي.الرجل الثاني بعد ستالين في الهرم السوفيتي.في إطار الحرب الباردة1947-1953 برزت له أفكارا تعرف باسمه(الجيدانوفية)وتتمحور حول أن:الاشتراكية هي التحرر بينما الرأسمالية تمثل الاستعمار و الامبريالية.كما ساهم في تأسيس (مكتب الكمنفورم)ردا على مشروع مارشال."
    },
    {
        "Educational stage": "HSL3",
        "HistoricalEra": "Modern History",
        "Personality Name": "فلاديمير لينين",
        "Date": "",
        "Content": "1870-1924.زعيم الثورة الشيوعية(البلشفية) في روسيا1917ضد القيصر (نيكولاي2).مؤسس الاتحاد السوفيتي ورئيسه ما بين1922و1924."
    },
    {
        "Educational stage": "HSL3",
        "HistoricalEra": "Modern History",
        "Personality Name": "موسوليني",
        "Date": "بينيتو",
        "Content": "زعيم الديكتاتورية الفاشية بايطاليا 1926-1943.تحالف مع النازية والعسكرية اليابانية1963او ما يسمى بدول المحور."
    },
    {
        "Educational stage": "HSL3",
        "HistoricalEra": "Modern History",
        "Personality Name": "كورت فالدهايم",
        "Date": "",
        "Content": "دبلوماسي نمساوي.أمين عام هيئة أمم 1972-1981.رئيس النمسا1986-1992."
    },
    {
        "Educational stage": "HSL3",
        "HistoricalEra": "Modern History",
        "Personality Name": "جورج بومبيدو",
        "Date": "",
        "Content": "رئيس فرنسا 1969-1974خلفا ديغول.ترأس الوفد الفرنسي المفاوض مع جبهة التحرير الوطني الجزائرية1961في سويسرا قبل الوصول إلى اتفاقية (ايفيان) ."
    },
    {
        "Educational stage": "HSL3",
        "HistoricalEra": "Modern History",
        "Personality Name": "أحمد سوكارنو",
        "Date": "",
        "Content": "رئيس اندونيسيا 1945-1968.من مؤسسي حركة عدم الانحياز.وضع تحت الإقامة الجبرية بعد الانقلاب عليه من طرف قائد الجيش(سوهارتو)إلى غاية وفاته1970."
    },
    {
        "Educational stage": "HSL3",
        "HistoricalEra": "Modern History",
        "Personality Name": "نكروما",
        "Date": "كوامي",
        "Content": "رئيس غانا 1960-1966.من مؤسسي منظمة الوحدة الافريقية1963.من دعاة تحرير شعوب إفريقيا من الاستعمار."
    },
    {
        "Educational stage": "HSL3",
        "HistoricalEra": "Modern History",
        "Personality Name": "هارتزل",
        "Date": "",
        "Content": "(1860-1904) : .يهودي مجري .عاش في النمسا.مؤسس الصهيونية العالمية.دعى لوطن قومي لليهود."
    },
    {
        "Educational stage": "HSL3",
        "HistoricalEra": "Modern History",
        "Personality Name": "جورج بوش",
        "Date": "الأب",
        "Content": "رئيس الولايات المتحدة (41). حكم مابين 1989و1993. أنهى الحرب الباردة اثر مؤتمر مالطا 1989 مع غورباتشوف.قام بغزو (باناما)نهاية1989و ألقى القبض على رئيسها (نورويغا) .أخرج العراق من الكويت1991.خلفه بيل كلينتون."
    },
    {
        "Educational stage": "HSL3",
        "HistoricalEra": "Modern History",
        "Personality Name": "الملك فاروق",
        "Date": "",
        "Content": "ملك مصر من1936-1952.أتهم بالمسئولية على الهزيمة العربية مع إسرائيل 1948.أطيح به من قبل الضباط الأحرار بقيادة عبد الناصر 23جويلية1952و أسسوا الجمهورية."
    },
    {
        "Educational stage": "HSL3",
        "HistoricalEra": "Modern History",
        "Personality Name": "محمد الخامس",
        "Date": "",
        "Content": "ملك المغرب من1957-1961.نفي من قبل فرنسا إلى مدغشقر 1952و كان ذالك إحدى"
    },
    {
        "Educational stage": "HSL3",
        "HistoricalEra": "Modern History",
        "Personality Name": "ويلي براندت",
        "Date": "",
        "Content": "مستشار ألمانيا.عرف بسياسة (الانفتاح على الشرق) مؤكدا على سياسة تسوية قضايا الخلاف بين المعسكرين بالطرق السلمية."
    },
    {
        "Educational stage": "HSL3",
        "HistoricalEra": "Modern History",
        "Personality Name": "هربرت صاموئيل1870/1963",
        "Date": "",
        "Content": "سياسي بريطاني يهودي اول منعين كمندوب بريطاني سامي بفلسطين 1920/1925 اصدر قانون تسهيل الهجرة اليهودية"
    }
]