[
    {
        "Educational stage": "HSS2",
        "HistoricalEra": "Modern History",
        "Personality Name": "سيسيل رودس",
        "Date": "1853-1902",
        "Content": "سياسي استعماري بريطاني ورئيس مستعمرة الكاب. شهد عصره توسعا ضخما في الإمبراطورية البريطانية."
    },
    {
        "Educational stage": "HSS2",
        "HistoricalEra": "Modern History",
        "Personality Name": "جول فيري",
        "Date": "1832-1893",
        "Content": "وزير فرنسي ومن أشد أنصار الحركة التوسعية الفرنسية. وطد أركان الإمبراطورية الاستعمارية الفرنسية في إفريقيا والهند الصينية."
    },
    {
        "Educational stage": "HSS2",
        "HistoricalEra": "Modern History",
        "Personality Name": "مصالي الحاج",
        "Date": "1898-1974",
        "Content": "سياسي جزائري وزعيم التيار الاستقلالي. يعتبر رمزا للوطنية والتحرر لكل شمال إفريقيا. مؤسس نجم شمال إفريقيا ثم حزب الشعب ثم حركة الانتصار للحريات الديمقراطية."
    },
    {
        "Educational stage": "HSS2",
        "HistoricalEra": "Modern History",
        "Personality Name": "جمال عبد الناصر",
        "Date": "1918-1970",
        "Content": "رجل دولة مصري وأحد قادة ثورة جويلية 1952 ضد الملك فاروق. أمم قناة السويس سنة 1956، وحد مصر وسوريا. انهزم في حرب جوان 1967 ضد إسرائيل. أحد الأقطاب المؤسسين لحركة عدم الانحياز."
    },
    {
        "Educational stage": "HSS2",
        "HistoricalEra": "Modern History",
        "Personality Name": "جومو كينياتا",
        "Date": "1894-1978",
        "Content": "أول رئيس لكينيا، زعيم سياسي وأمين عام للاتحاد الكيني الإفريقي من أجل استقلال كينيا."
    },
    {
        "Educational stage": "HSS2",
        "HistoricalEra": "Modern History",
        "Personality Name": "أحمد سوكارنو",
        "Date": "1901-1970",
        "Content": "زعيم الحركة التحررية بإندونيسيا وأول رئيس لها. يعد من أبرز زعماء حركة عدم الانحياز."
    },
    {
        "Educational stage": "HSS2",
        "HistoricalEra": "Modern History",
        "Personality Name": "عمر المختار",
        "Date": "1860-1931",
        "Content": "شيخ الشهداء وأسد الصحراء. زعيم وطني ليبي ومناضل ومقاوم ضد الغزو الإيطالي لليبيا."
    },
    {
        "Educational stage": "HSS2",
        "HistoricalEra": "Modern History",
        "Personality Name": "كوامي نكروما",
        "Date": "1909-1972",
        "Content": "مناضل غاني ضد الاستعمار وأول رئيس لغانا المستقلة. من أبرز دعاة الوحدة الإفريقية."
    },
    {
        "Educational stage": "HSS2",
        "HistoricalEra": "Modern History",
        "Personality Name": "عبد الحميد بن باديس",
        "Date": "1889-1940",
        "Content": "ولد بقسنطينة، تابع دراسته بتونس في جامعة الزيتونة. بعد عودته للجزائر انخرط في العمل الوطني وأسس سنة 1931 جمعية العلماء المسلمين الجزائريين. رائد حركة الإصلاح في الجزائر."
    },
    {
        "Educational stage": "HSS2",
        "HistoricalEra": "Modern History",
        "Personality Name": "أحمد عرابي",
        "Date": "1841-1911",
        "Content": "قائد عسكري وزعيم مصري. قاد ثورة ضد الخديوي توفيق. شغل منصب وزير الدفاع."
    },
    {
        "Educational stage": "HSS2",
        "HistoricalEra": "Modern History",
        "Personality Name": "سليمان الباروني",
        "Date": "1870-1940",
        "Content": "مجاهد ليبي حارب الإيطاليين. من أهم السياسيين في ليبيا."
    },
    {
        "Educational stage": "HSS2",
        "HistoricalEra": "Modern History",
        "Personality Name": "عبد الكريم الخطابي",
        "Date": "1882-1963",
        "Content": "مقاوم مغربي حارب الاحتلال الإسباني في منطقة الريف."
    },
    {
        "Educational stage": "HSS2",
        "HistoricalEra": "Modern History",
        "Personality Name": "حمدان بن عثمان خوجة",
        "Date": "1773-1845",
        "Content": "مناضل وعضو في بلدية الجزائر. دافع عن بلاده ضد الاحتلال الفرنسي وحافظ على كل ما تبقى من ممتلكاتها."
    },
    {
        "Educational stage": "HSS2",
        "HistoricalEra": "Modern History",
        "Personality Name": "محمد أحمد المهدي",
        "Date": "1843-1885",
        "Content": "قائد الدعوة والثورة المهدية بالسودان. انتصر على جيوش الحكم التركي المصري والجيوش البريطانية التي ساندته أثناء نضاله."
    },
    {
        "Educational stage": "HSS2",
        "HistoricalEra": "Modern History",
        "Personality Name": "عبد العزيز الثعالبي",
        "Date": "1876-1944",
        "Content": "سياسي ومناضل تونسي ضد الاحتلال الفرنسي. من دعاة الإصلاح والتجديد."
    },
    {
        "Educational stage": "HSS2",
        "HistoricalEra": "Modern History",
        "Personality Name": "المهاتما غاندي",
        "Date": "1869-1948",
        "Content": "داعية وطني وزعيم ديني هندي. ناضل ضد الوجود البريطاني. زعيم الحركة الوطنية منذ 1920. صاحب فلسفة المقاومة السلمية (لا خوف ولا عنف). اغتيل على يد متطرف هندوسي عام 1948."
    },
    {
        "Educational stage": "HSS2",
        "HistoricalEra": "Modern History",
        "Personality Name": "هوشي منه",
        "Date": "1890-1969",
        "Content": "مؤسس دولة الفيتنام الشمالية وزعيم الثورة الفيتنامية ضد فرنسا ثم ضد الولايات المتحدة الأمريكية."
    },
    {
        "Educational stage": "HSS2",
        "HistoricalEra": "Modern History",
        "Personality Name": "الداي حسين",
        "Date": "1773-1838",
        "Content": "آخر دايات الجزائر (1818-1830). وقع معاهدة الاستسلام مع فرنسا في جويلية 1830. غادر الجزائر إلى نابولي ثم إلى الإسكندرية التي توفي بها."
    },
    {
        "Educational stage": "HSS2",
        "HistoricalEra": "Modern History",
        "Personality Name": "الحاج أحمد باي",
        "Date": "1826-1850",
        "Content": "ولد بقسنطينة من أسرة كرغلية. تولى عدة مناصب سياسية في بايلك الشرق، وعُين بايا على قسنطينة سنة 1826. عند دخول الاستعمار الفرنسي الجزائر قاد المقاومة ضده من قسنطينة (1830-1848). رغم سقوط قسنطينة سنة 1837 استمر في المقاومة بعد مغادرتها، لكنه اضطر إلى توقيفها بسبب كبر سنه وتخلي القبائل عن مساندته. توفي سنة 1850 بمدينة الجزائر."
    },
    {
        "Educational stage": "HSS2",
        "HistoricalEra": "Modern History",
        "Personality Name": "الأمير عبد القادر",
        "Date": "1807-1883",
        "Content": "ابن محي الدين الحسيني الجزائري، فقيه وفيلسوف وشاعر وسياسي ومن كبار رجالات الدولة الجزائرية الحديثة ومؤسسها. قاد المقاومة ضد الاحتلال الفرنسي (1832-1847). اضطر إلى توقيف المقاومة. توفي بدمشق، وبعد الاستقلال نقلت رفاته إلى مقبرة العالية بالجزائر العاصمة سنة 1966."
    },
    {
        "Educational stage": "HSS2",
        "HistoricalEra": "Modern History",
        "Personality Name": "محمد المقراني",
        "Date": "1871",
        "Content": "ابن أحمد المقراني من عائلة غنية، تربى تربية إسلامية على يد والده. أعلن المقاومة ضد الاستعمار الفرنسي في فيفري 1871 واستمر إلى حين استشهاده في ماي 1871."
    },
    {
        "Educational stage": "HSS2",
        "HistoricalEra": "Modern History",
        "Personality Name": "الأمير خالد",
        "Date": "1875-1936",
        "Content": "حفيد الأمير عبد القادر. عمل ضابطا في الجيش الفرنسي خلال الحرب العالمية الأولى. بعد تقاعده امتهن السياسة فأسس حركة الإصلاح سنة 1919. نظرا لنشاطه، قامت فرنسا بنفيه. توفي في دمشق."
    },
    {
        "Educational stage": "HSS2",
        "HistoricalEra": "Modern History",
        "Personality Name": "مصالي الحاج",
        "Date": "1878-1974",
        "Content": "سياسي جزائري ولد بمدينة تلمسان. أسس سنة 1926 حزب \"نجم شمال إفريقيا\" الذي انتشر نفوذه بين العمال الجزائريين بفرنسا، وتحول سنة 1937 إلى حزب الشعب الجزائري، الذي أصبح جزءا من الحركة الوطنية الجزائرية سنة 1945."
    },
    {
        "Educational stage": "HSS2",
        "HistoricalEra": "Modern History",
        "Personality Name": "فرحات عباس",
        "Date": "1899-1985",
        "Content": "سياسي جزائري دخل كلية الصيدلة ثم انخرط في مواجهة الاستعمار الفرنسي. أسس سنة 1938 \"اتحاد الشعب الجزائري\". التحق بجبهة التحرير سنة 1956. كان أول رئيس للحكومة الجزائرية المؤقتة من القاهرة ما بين 1958 و1961."
    },
    {
        "Educational stage": "HSS2",
        "HistoricalEra": "Modern History",
        "Personality Name": "الصالح بن جلول",
        "Date": "1896-1986",
        "Content": "درس بمدينة قسنطينة ثم أكمل دراسته بفرنسا بكلية الطب. من دعاة الإدماج وعضو في فدرالية المنتخبين المسلمين الجزائريين التي تأسست سنة 1927. طالب بالمساواة بين الجزائريين والفرنسيين في كل المجالات. بعد الاستقلال، اعتزل السياسة."
    },
    {
        "Educational stage": "HSS2",
        "HistoricalEra": "Modern History",
        "Personality Name": "عبد الحميد بن باديس",
        "Date": "1889-1940",
        "Content": "ولد بمدينة قسنطينة، تابع دراسته بتونس في جامعة الزيتونة. بعد عودته للجزائر انخرط في العمل الوطني وأسس سنة 1931 \"جمعية علماء المسلمين\" التي كان لها دور في الحفاظ على الهوية الجزائرية."
    },
    {
        "Educational stage": "HSS2",
        "HistoricalEra": "Modern History",
        "Personality Name": "محمد بوراس",
        "Date": "1908-1941",
        "Content": "ولد بمدينة مليانة وتعلم بها ثم غادرها إلى العاصمة. شارك في عدة مظاهرات وتجمعات ضد السياسة الفرنسية. جمع الشبان الجزائريين في تنظيم كشفي جزائري أطلق عليه الكشافة الإسلامية الجزائرية سنة 1935. نظرا لنشاطه، أُعتقل وأُعدم بوحشية سنة 1941."
    },
    {
        "Educational stage": "HSS2",
        "HistoricalEra": "Modern History",
        "Personality Name": "عمار أوزقان",
        "Date": "1910-1981",
        "Content": "انضم إلى حركة الشباب الشيوعي. أسس الحزب الشيوعي الجزائري سنة 1935. انضم إلى الثورة سنة 1955."
    },
    {
        "Educational stage": "HSS2",
        "HistoricalEra": "Modern History",
        "Personality Name": "نابليون بونابرت",
        "Date": "1769-1821",
        "Content": "ولد بكورسيكا، التحق بالمدرسة الحربية وأظهر تفوقا. بزغ نجمه خلال الجمهورية الفرنسية الأولى 1792. قاد الحملة الفرنسية على مصر سنة 1798. أصبح إمبراطورا على فرنسا سنة 1804 وعمل على إنشاء إمبراطورية فرنسية داخل أوروبا. شن حربا على الدول الأوروبية لكنه انهزم سنة 1815 ونُفي إلى جزيرة سانت هيلانة بالمحيط الأطلسي."
    },
    {
        "Educational stage": "HSS2",
        "HistoricalEra": "Modern History",
        "Personality Name": "شارل العاشر",
        "Date": "1775-1836",
        "Content": "شقيق لويس 16 وملك فرنسا (1824-1830). كان متشددا ومن مؤيدي النظام الرجعي، مما أدى إلى ظهور معارضة ضد حكمه. فكر في التخلص من خصومه بإعداد حملة ضد الجزائر. أطاحت به ثورة جويلية 1830 بباريس ففر إلى إنجلترا، وعُين مكانه لويس فيليب. توفي في النمسا."
    },
    {
        "Educational stage": "HSS2",
        "HistoricalEra": "Modern History",
        "Personality Name": "دي بورمون",
        "Date": "1773-1846",
        "Content": "جنرال في جيش نابليون بونابرت. عينه شارل العاشر وزيرا للحربية. قاد الحملة الفرنسية على الجزائر، ثم عُزل وعوضه كلوزيل على الجزائر."
    },
    {
        "Educational stage": "HSS2",
        "HistoricalEra": "Modern History",
        "Personality Name": "بیار دوفال",
        "Date": "1818-1829",
        "Content": "آخر قناصلة فرنسا في الجزائر (1818-1827). عينه لويس 18 سفيرا في الجزائر لمعرفته اللغتين العربية والتركية. توفي في فرنسا سنة 1829."
    },
    {
        "Educational stage": "HSS2",
        "HistoricalEra": "Modern History",
        "Personality Name": "بيجو",
        "Date": "1774-1849",
        "Content": "سفاح فرنسي برتبة جنرال. عُين حاكما عاما على الجزائر (1841-1847). اشتهر بالإبادة والتدمير والهمجية الممارسة في حق الجزائريين. كما أصدر عدة قوانين جائرة في حق الجزائريين. توفي في فرنسا."
    },
    {
        "Educational stage": "HSS2",
        "HistoricalEra": "Modern History",
        "Personality Name": "شارل لا فيجري",
        "Date": "1825-1892",
        "Content": "رجل دين مسيحي فرنسي ومن كبار المبشرين في الجزائر. كان أسقف الجزائر سنة 1866. أسس جمعية الآباء البيض بالجزائر سنة 1869. توفي في الجزائر."
    },
    {
        "Educational stage": "HSS2",
        "HistoricalEra": "Modern History",
        "Personality Name": "أدولف كريميو",
        "Date": "1870",
        "Content": "وزير العدل الفرنسي، ثم وزير الداخلية سنة 1870. يهودي الأصل، صاحب قانون 24 أكتوبر 1870 المعروف باسمه، والذي ينص على منح الجنسية الفرنسية لليهود بالجزائر."
    },
    {
        "Educational stage": "HSS2",
        "HistoricalEra": "Modern History",
        "Personality Name": "نابليون الثالث",
        "Date": "1808-1873",
        "Content": "لويس نابليون من عائلة بونابرت. عُين رئيسا للجمهورية الفرنسية الثانية سنة 1848. انقلب على النظام الجمهوري وأعلن نفسه إمبراطورا. عُزل في سبتمبر 1870."
    },
    {
        "Educational stage": "HSS2",
        "HistoricalEra": "Modern History",
        "Personality Name": "شارل ديغول",
        "Date": "1890-1970",
        "Content": "سياسي وجنرال فرنسي، مؤسس الجمهورية الفرنسية الخامسة عام 1958. حاول ضرب الثورة بسياسته التي جمعت بين القمع والإغراء ومحاولة الاختراق. في النهاية، وقع اتفاقيات إيفيان مع جبهة التحرير الوطني، مما أنقذ فرنسا. توفي سنة 1970."
    },
    {
        "Educational stage": "HSS2",
        "HistoricalEra": "Modern History",
        "Personality Name": "جيمس مونرو",
        "Date": "1758-1831",
        "Content": "خامس رؤساء الولايات المتحدة الأمريكية. أعلن عن مبدأ مونرو الذي أبدى فيه معارضة بلاده لأي تدخل أوروبي في شؤون الأمريكيتين عام 1823."
    },
    {
        "Educational stage": "HSS2",
        "HistoricalEra": "Modern History",
        "Personality Name": "فرانسوا فرديناند",
        "Date": "1863-1914",
        "Content": "أرشيدوق النمسا وولي عهدها. تم اغتياله وزوجته من طرف قوميين صربيين، وكان اغتياله سببا في اندلاع الحرب العالمية الأولى."
    },
    {
        "Educational stage": "HSS2",
        "HistoricalEra": "Modern History",
        "Personality Name": "الشريف حسين",
        "Date": "1854-1931",
        "Content": "أمير منطقة الحجاز. قاد محادثات مع مكماهون بشأن استقلال البلاد العربية عن العثمانيين. تعاون مع الإنجليز أثناء الحرب العالمية الأولى سنة 1916 (الثورة العربية)."
    },
    {
        "Educational stage": "HSS2",
        "HistoricalEra": "Modern History",
        "Personality Name": "جيمس بلفور",
        "Date": "1848-1930",
        "Content": "سياسي بريطاني، وزير خارجية بريطانيا. اشتهر بإعطاء وعد بلفور في 2 نوفمبر 1917، الذي نص على دعم بريطانيا لإنشاء وطن قومي لليهود بفلسطين."
    },
    {
        "Educational stage": "HSS2",
        "HistoricalEra": "Modern History",
        "Personality Name": "توماس ولسن",
        "Date": "1856-1924",
        "Content": "الرئيس الـ28 للولايات المتحدة الأمريكية عام 1913. مثل دولته في مؤتمر السلام بفرساي وصاحب المبادئ الـ14."
    },
    {
        "Educational stage": "HSS2",
        "HistoricalEra": "Modern History",
        "Personality Name": "أدولف هتلر",
        "Date": "1889-1945",
        "Content": "سياسي وزعيم الحركة النازية بألمانيا. حكم البلاد بقبضة من حديد (1933-1945). كانت سياسته سببا في قيام الحرب العالمية الثانية."
    },
    {
        "Educational stage": "HSS2",
        "HistoricalEra": "Modern History",
        "Personality Name": "بينيتو موسيليني",
        "Date": "1883-1945",
        "Content": "حاكم إيطاليا ورئيس وزرائها. من مؤسسي الحركة الفاشية الإيطالية. امتاز حكمه بالديكتاتورية، وانضم مع دول المحور في الحرب العالمية الثانية."
    },
    {
        "Educational stage": "HSS2",
        "HistoricalEra": "Modern History",
        "Personality Name": "ونستون تشرشل",
        "Date": "1874-1965",
        "Content": "جندي ورجل دولة إنجليزي. رئيس وزراء بريطانيا وأحد أهم الزعماء في التاريخ البريطاني."
    },
    {
        "Educational stage": "HSS2",
        "HistoricalEra": "Modern History",
        "Personality Name": "فرنكلين روزفلت",
        "Date": "1882-1945",
        "Content": "الرئيس الـ32 للولايات المتحدة الأمريكية من الحزب الديمقراطي. قاد الحلفاء في الحرب العالمية الثانية إلى النصر."
    },
    {
        "Educational stage": "HSS2",
        "HistoricalEra": "Modern History",
        "Personality Name": "هاري ترومان",
        "Date": "1884-1972",
        "Content": "الرئيس الـ33 للولايات المتحدة الأمريكية (1945-1953). أمر بإلقاء قنبلة هيروشيما وناغازاكي. مؤيد للهجرة اليهودية إلى فلسطين. مفجر الحرب الباردة ومقاوم للشيوعية بمشاريع مثل ترومان ومارشال."
    },
    {
        "Educational stage": "HSS2",
        "HistoricalEra": "Modern History",
        "Personality Name": "جورج مارشال",
        "Date": "1880-1959",
        "Content": "وزير خارجية الولايات المتحدة (1947-1949). صاحب مشروع مارشال لدعم أوروبا. حاز على جائزة نوبل للسلام عام 1953."
    },
    {
        "Educational stage": "HSS2",
        "HistoricalEra": "Modern History",
        "Personality Name": "جوزيف ستالين",
        "Date": "1879-1953",
        "Content": "رئيس الاتحاد السوفياتي (1924-1953). جعل منه القوة الثانية عالميا بعد الحرب العالمية الثانية. تميزت فترة حكمه بالفردية والتشدد، وواجه المخططات الأمريكية بمخططات مضادة مثل الكومنفورم."
    },
    {
        "Educational stage": "HSS2",
        "HistoricalEra": "Modern History",
        "Personality Name": "جوزيف بروز تيتو",
        "Date": "1892-1980",
        "Content": "ثوري وسياسي يوغسلافي. قاد المقاومة ضد الاحتلال النازي أثناء الحرب العالمية الثانية. أيد سياسة عدم الانحياز بين الكتلتين رغم تقربه من الاتحاد السوفياتي خلال الحرب الباردة."
    }
]