[
    {
        "Educational stage": "JS4",
        "HistoricalEra": "Modern History",
        "Personality Name": "الداي حسين",
        "Date": "1818-1830",
        "Content": "آخر دايات الجزائر(1818-1830) عرف بحادثة المروحة نظم المقاومة دفاعا عن العاصمة ولما سقطت 1830 وقع معاهدة الاستسلام ونفي إلى نابولي بإيطاليا"
    },
    {
        "Educational stage": "JS4",
        "HistoricalEra": "Modern History",
        "Personality Name": "القنصل دوفال",
        "Date": "1758-1829",
        "Content": "بيار دوفال هو آخر قنصل لفرنسا بالجزائر (1758-1829) ارتبط اسمه بحادثة المروحة الشهيرة، التي اتخذتها فرنسا ذريعة لاحتلال الجزائر."
    },
    {
        "Educational stage": "JS4",
        "HistoricalEra": "Modern History",
        "Personality Name": "بولينياك",
        "Date": "1829-1830",
        "Content": "هو رئيس مجلس الوزراء، ووزير الخارجية الفرنسي في عهد الملك شارل العاشر في الفترة مابين 1829-1830،"
    },
    {
        "Educational stage": "JS4",
        "HistoricalEra": "Modern History",
        "Personality Name": "دي بورمون",
        "Date": "1830",
        "Content": "هو قائد الحملة الفرنسية على الجزائر ، حكم الجزائر مابين 5جويلية 1830-12أوت 1830"
    },
    {
        "Educational stage": "JS4",
        "HistoricalEra": "Modern History",
        "Personality Name": "كلوزيل",
        "Date": "",
        "Content": "هو ضابط (ماريشال) فرنسي شارك في  حملة احتلال الجزائر و قد ولي حاكما عليها في فترتين"
    },
    {
        "Educational stage": "JS4",
        "HistoricalEra": "Modern History",
        "Personality Name": "لافيجري",
        "Date": "",
        "Content": "هو رئيس أساقفة الجزائر عرف بنشاطه التبشيري"
    },
    {
        "Educational stage": "JS4",
        "HistoricalEra": "Modern History",
        "Personality Name": "الأمير عبدالقادر",
        "Date": "1808",
        "Content": "هو عبد القادر بن محي الدين ولد بالقيطنة ولاية معسكر سنة 1808 م، رائد سياسي وعسكري، اشتهر بمناهضته للاحتلال ومؤسس الدولة الجزائرية الحديثة"
    },
    {
        "Educational stage": "JS4",
        "HistoricalEra": "Modern History",
        "Personality Name": "الأمير خالد",
        "Date": "1919",
        "Content": "حفيد الأمير عبد القادر  سياسي ج من رواد العمل السياسي زعيم حزب الإخاء 1919"
    },
    {
        "Educational stage": "JS4",
        "HistoricalEra": "Modern History",
        "Personality Name": "الجنرال بيجو",
        "Date": "1840-1847",
        "Content": "هو جنرال حكم الجزائر من 1840-إلى 1847 ويعد قائد الوحدات الفرنسية في مقاطعة وهران"
    },
    {
        "Educational stage": "JS4",
        "HistoricalEra": "Modern History",
        "Personality Name": "مصالي الحاج",
        "Date": "",
        "Content": "سياسي جزائري زعيم الاتجاه الاستقلالي و مؤسس حزب الشعب وحركة انتصار الحريات الديمقراطية و بسبب مطالبته الصريحة باستقلال الجزائر تعرض للاعتقال  والسجن عدة مرات"
    },
    {
        "Educational stage": "JS4",
        "HistoricalEra": "Modern History",
        "Personality Name": "عبدالحميد بن باديس",
        "Date": "1931-1940",
        "Content": "زعيم الاتجاه الإصلاحي، ورئيس جمعية العلماء المسلمين سنة 1931 -1940 ."
    },
    {
        "Educational stage": "JS4",
        "HistoricalEra": "Modern History",
        "Personality Name": "البشير الإبراهيمي",
        "Date": "",
        "Content": "من علماء الجزائر ورئيس  جمعية العلماء المسلمين الجزائريين بعد وفاة العلامة عبد الحميد بن باديس  "
    },
    {
        "Educational stage": "JS4",
        "HistoricalEra": "Modern History",
        "Personality Name": "فرحات عباس",
        "Date": "1958",
        "Content": "زعيم التيار الإدماجي،شارك في صياغة بيان فيفري 1943 ، 1944 ،وعين أول رئيس للحكومة الجزائرية المؤقتة في 19 سبتمبر1958"
    },
    {
        "Educational stage": "JS4",
        "HistoricalEra": "Modern History",
        "Personality Name": "عمار أزوقان",
        "Date": "1955",
        "Content": "زعيم الاتجاه الشيوعي الذي ترعرع في أحضان الحزب الشيوعي الفرنسي ،ورئيس جريدة الكفاح الاجتماعي انضم إلى جبهة التحرير الوطني سنة 1955"
    },
    {
        "Educational stage": "JS4",
        "HistoricalEra": "Modern History",
        "Personality Name": "جاك سوستال",
        "Date": "1955",
        "Content": "الوالي الفرنسي العام في الجزائر 1955 صاحب فكرة الجزائر فرنسية و مشروع سوستال"
    },
    {
        "Educational stage": "JS4",
        "HistoricalEra": "Modern History",
        "Personality Name": "مصطفى بن بولعيد",
        "Date": "1917-1956",
        "Content": "من مواليد 1917 بباتنة،عين قائدا للولاية الأولى –الأوراس- واستشهد في 23مارس 1956"
    },
    {
        "Educational stage": "JS4",
        "HistoricalEra": "Modern History",
        "Personality Name": "العربي بن مهيدي",
        "Date": "1932-1957",
        "Content": "من مواليد 1932 بعين مليلة ،وهو صاحب مقولة : ألقوا بالثورة إلى الشارع يلتقطها الشعب،عين قائدا على الولاية الخامسة –وهران- وكان له دور كبير في معركة الجزائر سنة 1957 ألقي عليه القبض سنة 1957 وعذب حتى الاستشهاد"
    },
    {
        "Educational stage": "JS4",
        "HistoricalEra": "Modern History",
        "Personality Name": "كريم بلقاسم",
        "Date": "1922-1970",
        "Content": "من مواليد 1922 بتيزي وزو،عين قائدا للولاية الثالثة-القبائل- كان من أعضاء الحكومة الجزائرية المؤقتة ومن المفاوضين في إيفيان   وتم اغتياله سنة 1970 بألمانيا"
    },
    {
        "Educational stage": "JS4",
        "HistoricalEra": "Modern History",
        "Personality Name": "رابح بيطاط",
        "Date": "1925-1999",
        "Content": "من مواليد 1925 بقسنطينة ، عين قائدا على الولاية الرابعة –الجزائر-اعتقل سنة 1955-1962-،وبعد الاستقلال شغل مناصب عديدة منه رئيس المجلس الشعبي الوطني ،توفي سنة 1999"
    },
    {
        "Educational stage": "JS4",
        "HistoricalEra": "Modern History",
        "Personality Name": "محمد بوضياف",
        "Date": "1919-1992",
        "Content": "من مواليد 1919 بالمسيلة عرف بسي الطيب الوطني من المعتقلين في القرصنة  الجوية سنة 1956 ،استقر في المغرب وعاد كرئيس للمجلس الأعلى للدولة وتم اغتياله في 1992"
    },
    {
        "Educational stage": "JS4",
        "HistoricalEra": "Modern History",
        "Personality Name": "ديدوش مراد",
        "Date": "1927-1955",
        "Content": "من مواليد 1927 بالعاصمة ،عين قائدا للمنطقة الثاني –الشمال القسنطيني –سقط شهيدا سنة 1955"
    }
]